indicator_id,claim_id,indicator_type,indicator_value,score,review_status,claim_type,claim_amount,status,fraud_flag,claim_month,channel
1,4874,High Claim Ratio,0,5.5,Under Review,Theft,164958,Settled,0,2024-03,Aggregator
2,14621,Repeat Claimant,1,60.1,Confirmed,Accident,33814,Settled,0,2025-01,Online
3,18440,Rapid Settlement,1,24.8,Cleared,Natural Disaster,40315,Settled,0,2024-01,Online
4,12039,Policy-Claim Gap,1,24.0,Flagged,Theft,25920,Settled,0,2024-01,Aggregator
5,6519,Repeat Claimant,0,49.8,Under Review,Health,103618,Settled,0,2024-06,Partnership
6,16898,Amount Rounding,1,67.4,Confirmed,Accident,51864,Settled,0,2024-05,Partnership
7,112,Policy-Claim Gap,1,57.3,Flagged,Natural Disaster,35324,Settled,0,2024-01,Agent
8,19685,Repeat Claimant,1,3.3,Flagged,Health,198352,Settled,0,2025-09,Aggregator
9,2018,Policy-Claim Gap,0,74.1,Flagged,Accident,31759,Settled,0,2025-09,Agent
10,13774,Amount Rounding,0,28.7,Under Review,Fire,85807,Settled,0,2025-07,Agent
11,14198,Rapid Settlement,1,81.7,Flagged,Theft,162646,Settled,0,2025-01,Agent
12,10992,High Claim Ratio,1,90.2,Under Review,Health,17202,Settled,0,2025-07,Agent
13,19382,Policy-Claim Gap,0,58.0,Under Review,Fire,20570,Settled,0,2026-01,Partnership
14,5743,Policy-Claim Gap,1,89.1,Confirmed,Natural Disaster,17118,Settled,0,2025-07,Online
15,4088,Rapid Settlement,0,15.0,Flagged,Health,65619,Settled,0,2024-07,Online
16,8748,Policy-Claim Gap,1,97.9,Under Review,Health,203564,Settled,0,2026-05,Bancassurance
17,14795,Amount Rounding,0,64.1,Under Review,Theft,69894,Settled,0,2025-07,Aggregator
18,2004,High Claim Ratio,1,23.3,Flagged,Accident,68639,Rejected,0,2025-08,Agent
19,5493,High Claim Ratio,1,69.8,Under Review,Natural Disaster,48590,Settled,1,2025-02,Bancassurance
20,2895,Amount Rounding,1,7.3,Cleared,Health,42654,Pending,0,2025-05,Online
21,1888,Amount Rounding,0,30.6,Under Review,Health,26144,Settled,0,2024-03,Partnership
22,6974,High Claim Ratio,1,98.9,Confirmed,Natural Disaster,20438,Settled,0,2026-02,Partnership
23,17503,Amount Rounding,1,88.8,Under Review,Natural Disaster,135477,Pending,0,2024-11,Aggregator
24,9640,High Claim Ratio,1,90.2,Under Review,Health,81685,Settled,0,2024-06,Online
25,15308,Repeat Claimant,0,29.3,Confirmed,Accident,88238,Settled,0,2025-06,Online
26,2670,Rapid Settlement,1,16.5,Confirmed,Health,472446,Settled,0,2026-05,Online
27,12548,Amount Rounding,0,10.8,Flagged,Natural Disaster,18540,Settled,0,2025-04,Agent
28,6845,Amount Rounding,1,2.4,Cleared,Health,78770,Settled,0,2026-03,Aggregator
29,1918,Amount Rounding,1,47.9,Flagged,Theft,48670,Settled,0,2024-03,Partnership
30,16405,Amount Rounding,1,52.1,Flagged,Health,32969,Settled,0,2025-09,Bancassurance
31,8919,Rapid Settlement,1,68.6,Under Review,Natural Disaster,77851,Settled,0,2024-05,Online
32,15707,High Claim Ratio,1,1.7,Flagged,Fire,2669,Settled,0,2024-10,Aggregator
33,19924,High Claim Ratio,1,5.9,Confirmed,Accident,48536,Settled,0,2024-03,Online
34,15514,High Claim Ratio,1,48.8,Cleared,Accident,14086,Settled,0,2024-05,Agent
35,7228,High Claim Ratio,0,25.6,Confirmed,Accident,189945,Settled,0,2024-10,Aggregator
36,11118,Rapid Settlement,1,98.8,Flagged,Theft,53713,Settled,0,2024-12,Agent
37,13041,Amount Rounding,1,52.8,Flagged,Natural Disaster,49596,Settled,0,2024-05,Online
38,13032,Policy-Claim Gap,1,34.4,Under Review,Health,342263,Settled,0,2024-02,Agent
39,5262,Repeat Claimant,1,49.2,Flagged,Health,108963,Settled,0,2026-01,Aggregator
40,13529,Rapid Settlement,1,20.6,Flagged,Accident,71012,Settled,0,2026-04,Agent
41,18483,Repeat Claimant,0,98.6,Under Review,Health,115864,Settled,0,2024-06,Agent
42,12557,Repeat Claimant,1,67.0,Under Review,Health,90241,Settled,0,2026-03,Bancassurance
43,15084,Rapid Settlement,0,1.2,Flagged,Accident,68396,Settled,0,2025-11,Bancassurance
44,12048,Amount Rounding,0,32.8,Under Review,Fire,188843,Settled,0,2025-04,Online
45,8385,Amount Rounding,1,10.1,Flagged,Health,19184,Rejected,0,2024-01,Agent
46,4290,Repeat Claimant,0,15.5,Confirmed,Accident,8757,Settled,0,2024-10,Aggregator
47,6163,Rapid Settlement,1,76.3,Flagged,Theft,9898,Settled,0,2024-03,Partnership
48,6702,Policy-Claim Gap,1,72.8,Flagged,Health,185266,Settled,0,2024-06,Online
49,19359,Repeat Claimant,1,45.9,Flagged,Accident,21218,Settled,0,2024-01,Aggregator
50,4911,Amount Rounding,1,29.1,Flagged,Natural Disaster,103211,Settled,0,2025-01,Online
51,18638,Amount Rounding,1,25.9,Cleared,Health,261085,Pending,0,2024-07,Online
52,13597,Amount Rounding,1,76.8,Flagged,Accident,29932,Pending,0,2024-05,Online
53,6814,High Claim Ratio,0,14.8,Flagged,Health,20048,Settled,1,2025-07,Aggregator
54,17458,High Claim Ratio,1,64.2,Under Review,Accident,102003,Rejected,0,2024-09,Aggregator
55,7464,Policy-Claim Gap,1,11.8,Flagged,Health,9418,Rejected,0,2025-06,Online
56,3019,High Claim Ratio,1,98.9,Confirmed,Health,121631,Settled,0,2025-09,Agent
57,18502,Amount Rounding,0,2.8,Flagged,Natural Disaster,206127,Settled,0,2025-04,Aggregator
58,8033,Policy-Claim Gap,1,57.1,Under Review,Fire,5846,Pending,0,2025-06,Bancassurance
59,10384,High Claim Ratio,0,42.5,Under Review,Natural Disaster,23580,Settled,0,2025-12,Online
60,10216,Rapid Settlement,1,72.9,Flagged,Health,10539,Settled,0,2024-03,Aggregator
61,770,Rapid Settlement,0,71.2,Under Review,Theft,90111,Settled,0,2026-03,Bancassurance
62,1845,Policy-Claim Gap,1,19.3,Cleared,Accident,102926,Settled,0,2026-04,Aggregator
63,11365,Rapid Settlement,1,65.1,Cleared,Fire,19078,Rejected,0,2024-05,Agent
64,11481,Amount Rounding,1,8.8,Confirmed,Theft,5929,Settled,0,2025-02,Bancassurance
65,12533,Policy-Claim Gap,1,14.9,Flagged,Accident,95161,Settled,0,2024-08,Online
66,4791,High Claim Ratio,1,41.1,Cleared,Accident,110802,Settled,0,2025-07,Agent
67,10343,Amount Rounding,1,76.3,Cleared,Accident,60331,Rejected,0,2025-02,Online
68,8629,Amount Rounding,1,22.2,Under Review,Health,137806,Pending,0,2025-05,Aggregator
69,3294,Rapid Settlement,1,24.5,Under Review,Accident,41883,Rejected,0,2025-06,Online
70,9449,Rapid Settlement,1,15.2,Flagged,Fire,170868,Settled,0,2026-03,Online
71,8275,Repeat Claimant,1,52.1,Under Review,Accident,59301,Rejected,0,2024-09,Agent
72,19374,High Claim Ratio,1,92.4,Under Review,Accident,312696,Settled,0,2026-06,Agent
73,14166,Repeat Claimant,1,39.2,Flagged,Accident,94743,Settled,0,2024-10,Online
74,4021,Amount Rounding,0,96.3,Under Review,Health,48254,Settled,0,2025-06,Agent
75,19566,Policy-Claim Gap,1,81.1,Confirmed,Theft,115622,Settled,0,2025-02,Agent
76,14895,Amount Rounding,1,40.0,Confirmed,Accident,108957,Settled,0,2026-04,Agent
77,11227,Policy-Claim Gap,1,40.9,Flagged,Natural Disaster,88015,Rejected,0,2026-03,Agent
78,11858,Rapid Settlement,1,44.2,Flagged,Theft,27808,Rejected,1,2026-02,Partnership
79,5873,Rapid Settlement,1,87.3,Flagged,Accident,27041,Settled,0,2024-07,Online
80,1456,High Claim Ratio,0,83.4,Flagged,Health,49785,Settled,0,2024-01,Online
81,4793,Repeat Claimant,1,7.1,Cleared,Accident,16342,Settled,0,2025-03,Online
82,19237,Rapid Settlement,0,23.5,Under Review,Accident,185145,Pending,0,2025-11,Partnership
83,8933,High Claim Ratio,0,51.2,Flagged,Accident,17372,Pending,0,2026-05,Aggregator
84,14519,Rapid Settlement,0,39.6,Under Review,Accident,190420,Settled,1,2024-11,Online
85,11190,Rapid Settlement,1,33.1,Flagged,Natural Disaster,12259,Settled,0,2024-08,Partnership
86,3217,Repeat Claimant,0,97.0,Flagged,Accident,110681,Settled,0,2026-05,Aggregator
87,17872,Rapid Settlement,1,32.6,Flagged,Theft,74558,Settled,0,2025-07,Agent
88,4317,Repeat Claimant,1,47.2,Confirmed,Health,172232,Settled,0,2025-10,Aggregator
89,1523,Policy-Claim Gap,0,33.6,Under Review,Health,63443,Settled,0,2026-03,Online
90,9488,Amount Rounding,1,10.6,Under Review,Natural Disaster,26294,Settled,0,2025-03,Aggregator
91,13778,Rapid Settlement,1,19.4,Flagged,Theft,67758,Rejected,0,2024-12,Agent
92,4792,High Claim Ratio,0,5.3,Confirmed,Fire,64889,Settled,0,2026-01,Aggregator
93,11423,Policy-Claim Gap,1,74.2,Flagged,Theft,52335,Settled,0,2026-03,Agent
94,5361,High Claim Ratio,0,58.7,Cleared,Accident,25531,Settled,0,2025-08,Agent
95,7746,Amount Rounding,1,21.0,Flagged,Accident,29695,Settled,0,2025-03,Agent
96,163,Policy-Claim Gap,1,57.4,Cleared,Natural Disaster,29213,Settled,0,2025-01,Agent
97,13976,Repeat Claimant,0,64.2,Flagged,Theft,65748,Settled,0,2024-07,Agent
98,2233,Repeat Claimant,1,54.2,Cleared,Accident,17536,Settled,0,2025-03,Partnership
99,4030,Policy-Claim Gap,0,15.4,Under Review,Health,23244,Settled,0,2024-05,Agent
100,18632,Rapid Settlement,0,56.1,Under Review,Fire,84148,Settled,0,2024-02,Aggregator
101,1178,Rapid Settlement,1,34.8,Flagged,Accident,44115,Pending,0,2025-02,Online
102,16876,High Claim Ratio,1,88.3,Flagged,Natural Disaster,149589,Settled,0,2024-03,Partnership
103,8761,Repeat Claimant,1,8.1,Under Review,Fire,65581,Settled,0,2025-04,Agent
104,4545,Policy-Claim Gap,1,75.2,Flagged,Theft,27693,Settled,0,2025-11,Online
105,5961,Policy-Claim Gap,0,86.8,Flagged,Accident,60020,Settled,0,2024-12,Bancassurance
106,12151,High Claim Ratio,1,61.0,Confirmed,Accident,186902,Settled,0,2024-01,Aggregator
107,14726,Repeat Claimant,1,49.3,Flagged,Accident,91471,Settled,0,2025-09,Agent
108,4061,Amount Rounding,0,99.9,Flagged,Accident,65157,Settled,0,2025-04,Partnership
109,2220,Policy-Claim Gap,1,79.3,Cleared,Accident,68988,Settled,1,2025-05,Aggregator
110,15640,Policy-Claim Gap,1,48.4,Under Review,Accident,28747,Rejected,0,2024-03,Agent
111,10804,High Claim Ratio,0,28.7,Confirmed,Theft,25547,Settled,1,2024-06,Aggregator
112,11451,Amount Rounding,0,91.2,Confirmed,Fire,139277,Settled,0,2026-01,Agent
113,5236,High Claim Ratio,1,46.5,Under Review,Accident,23351,Pending,1,2025-08,Agent
114,862,Repeat Claimant,0,13.0,Confirmed,Accident,8682,Settled,0,2024-12,Agent
115,18391,Repeat Claimant,1,47.7,Flagged,Accident,143728,Settled,0,2025-12,Online
116,2318,Rapid Settlement,1,92.8,Flagged,Accident,14721,Settled,0,2026-01,Aggregator
117,11830,Policy-Claim Gap,1,0.4,Flagged,Accident,254974,Settled,0,2026-01,Bancassurance
118,19225,Policy-Claim Gap,1,54.8,Under Review,Accident,10504,Settled,0,2026-05,Aggregator
119,699,Rapid Settlement,0,29.8,Flagged,Accident,221858,Settled,0,2024-11,Bancassurance
120,14956,Amount Rounding,0,80.7,Confirmed,Theft,86990,Settled,0,2025-03,Online
121,17826,Policy-Claim Gap,0,90.5,Under Review,Health,7987,Pending,1,2025-08,Agent
122,18945,Rapid Settlement,1,23.3,Under Review,Theft,41973,Settled,0,2024-01,Agent
123,10719,Repeat Claimant,1,56.1,Confirmed,Theft,77964,Settled,0,2025-11,Bancassurance
124,1726,Repeat Claimant,0,34.0,Confirmed,Health,59435,Settled,0,2026-01,Bancassurance
125,4333,High Claim Ratio,1,69.6,Confirmed,Theft,261558,Settled,0,2025-10,Bancassurance
126,4279,Rapid Settlement,1,87.9,Under Review,Theft,60354,Settled,0,2026-02,Online
127,18168,Repeat Claimant,1,2.0,Flagged,Accident,55528,Pending,0,2024-02,Agent
128,2218,Rapid Settlement,1,49.0,Confirmed,Accident,40134,Settled,0,2025-03,Aggregator
129,7080,Repeat Claimant,1,91.0,Under Review,Theft,21533,Settled,0,2025-07,Aggregator
130,16106,Rapid Settlement,0,5.0,Cleared,Accident,42520,Settled,0,2024-01,Aggregator
131,11121,High Claim Ratio,0,23.1,Flagged,Theft,829510,Settled,0,2024-11,Online
132,14869,Rapid Settlement,0,43.9,Flagged,Theft,62528,Settled,1,2025-04,Agent
133,15774,Repeat Claimant,1,99.1,Cleared,Accident,48197,Settled,0,2024-03,Bancassurance
134,19049,Rapid Settlement,0,5.9,Under Review,Accident,45064,Settled,0,2025-09,Aggregator
135,13792,Repeat Claimant,0,23.3,Under Review,Health,45305,Settled,0,2025-09,Aggregator
136,6237,Rapid Settlement,1,39.2,Under Review,Health,37195,Settled,0,2025-09,Agent
137,6725,High Claim Ratio,1,90.5,Flagged,Health,18919,Settled,0,2024-03,Bancassurance
138,9616,High Claim Ratio,1,13.8,Under Review,Theft,35239,Pending,0,2026-02,Online
139,12998,Repeat Claimant,1,90.0,Under Review,Health,103822,Settled,0,2024-02,Agent
140,3031,Amount Rounding,1,97.2,Flagged,Accident,23380,Settled,0,2025-06,Online
141,1723,Amount Rounding,1,24.5,Under Review,Natural Disaster,33962,Settled,1,2025-06,Aggregator
142,5525,Amount Rounding,1,30.0,Flagged,Natural Disaster,133825,Settled,0,2024-01,Agent
143,18679,Repeat Claimant,1,20.0,Under Review,Accident,282037,Settled,0,2024-06,Online
144,12812,High Claim Ratio,0,32.7,Under Review,Theft,77202,Pending,0,2025-11,Online
145,4031,High Claim Ratio,0,25.9,Flagged,Natural Disaster,30370,Settled,0,2024-09,Bancassurance
146,3837,Amount Rounding,1,11.6,Flagged,Accident,133846,Settled,0,2024-12,Online
147,18065,Policy-Claim Gap,1,77.9,Flagged,Accident,20244,Settled,0,2025-11,Bancassurance
148,13337,Rapid Settlement,0,11.6,Flagged,Health,22093,Settled,0,2025-11,Aggregator
149,827,Policy-Claim Gap,1,61.3,Flagged,Accident,12846,Settled,0,2024-04,Partnership
150,4210,Policy-Claim Gap,0,32.7,Under Review,Health,16112,Settled,0,2024-09,Online
151,1469,High Claim Ratio,1,38.1,Under Review,Accident,28908,Settled,0,2024-10,Agent
152,9372,Repeat Claimant,0,93.5,Flagged,Accident,283223,Settled,0,2024-12,Agent
153,18400,Rapid Settlement,1,10.3,Under Review,Fire,16938,Rejected,1,2024-05,Agent
154,3106,Amount Rounding,1,44.5,Confirmed,Health,17063,Settled,0,2024-07,Online
155,525,High Claim Ratio,1,54.4,Flagged,Health,66651,Settled,0,2025-01,Aggregator
156,17220,Repeat Claimant,1,57.7,Confirmed,Accident,78270,Settled,0,2025-03,Bancassurance
157,15170,Policy-Claim Gap,0,94.5,Cleared,Natural Disaster,43256,Settled,0,2026-05,Online
158,13502,Rapid Settlement,1,73.9,Confirmed,Health,55596,Pending,0,2025-03,Agent
159,7894,Policy-Claim Gap,1,19.8,Cleared,Health,214397,Settled,0,2026-04,Bancassurance
160,2437,Repeat Claimant,1,40.7,Under Review,Accident,54621,Pending,0,2024-04,Aggregator
161,1631,Rapid Settlement,1,36.1,Under Review,Health,276774,Settled,0,2025-04,Bancassurance
162,16680,Amount Rounding,1,58.9,Confirmed,Health,173759,Settled,0,2024-07,Aggregator
163,6259,Policy-Claim Gap,1,98.7,Under Review,Fire,35445,Settled,0,2024-11,Online
164,3751,Rapid Settlement,0,87.5,Under Review,Fire,58409,Settled,0,2025-06,Bancassurance
165,17559,Amount Rounding,1,98.1,Confirmed,Health,39692,Settled,0,2024-06,Partnership
166,2062,High Claim Ratio,1,20.4,Flagged,Theft,20698,Settled,0,2025-10,Online
167,5761,Rapid Settlement,0,93.9,Flagged,Health,19482,Pending,0,2026-05,Agent
168,1935,Repeat Claimant,0,3.4,Flagged,Fire,8590,Settled,1,2026-03,Partnership
169,1597,Amount Rounding,0,42.1,Cleared,Health,186072,Settled,1,2024-08,Agent
170,18458,Repeat Claimant,0,27.7,Flagged,Theft,73388,Settled,0,2025-12,Partnership
171,9045,Policy-Claim Gap,0,64.8,Flagged,Health,6295,Pending,0,2025-10,Aggregator
172,3224,Amount Rounding,0,10.3,Flagged,Accident,205808,Settled,0,2025-05,Agent
173,2158,Repeat Claimant,1,49.6,Cleared,Accident,173526,Settled,0,2024-09,Partnership
174,8853,High Claim Ratio,1,80.0,Flagged,Accident,88908,Rejected,0,2025-02,Online
175,8810,High Claim Ratio,0,26.8,Flagged,Health,3640,Settled,0,2024-12,Online
176,14627,High Claim Ratio,0,77.8,Flagged,Accident,29665,Settled,0,2025-08,Aggregator
177,17298,High Claim Ratio,1,11.0,Flagged,Accident,265973,Settled,0,2024-10,Aggregator
178,12216,Policy-Claim Gap,1,95.7,Flagged,Accident,63545,Settled,0,2024-08,Online
179,11398,Repeat Claimant,1,78.2,Under Review,Accident,83362,Settled,0,2025-08,Partnership
180,9837,High Claim Ratio,0,68.0,Under Review,Fire,62604,Settled,0,2025-12,Agent
181,12821,Repeat Claimant,0,37.1,Flagged,Accident,51777,Settled,0,2024-01,Bancassurance
182,10890,Policy-Claim Gap,1,90.0,Cleared,Theft,66990,Settled,0,2026-04,Bancassurance
183,10392,Amount Rounding,1,92.2,Flagged,Accident,63866,Rejected,0,2025-10,Aggregator
184,7275,Amount Rounding,1,97.8,Flagged,Health,26625,Settled,1,2025-12,Aggregator
185,16714,Policy-Claim Gap,1,37.3,Confirmed,Theft,31949,Pending,0,2024-07,Agent
186,9376,Rapid Settlement,0,50.1,Flagged,Fire,60058,Settled,0,2024-09,Aggregator
187,15696,Policy-Claim Gap,1,73.9,Confirmed,Accident,31293,Settled,0,2025-05,Online
188,563,Policy-Claim Gap,0,44.9,Under Review,Theft,18878,Settled,0,2024-05,Agent
189,9830,Repeat Claimant,1,95.6,Under Review,Natural Disaster,32099,Settled,0,2024-04,Agent
190,10248,Amount Rounding,1,44.0,Under Review,Health,47934,Rejected,0,2026-04,Aggregator
191,96,Policy-Claim Gap,0,99.9,Cleared,Health,100738,Settled,0,2025-10,Agent
192,8289,Repeat Claimant,0,23.9,Under Review,Health,27349,Settled,0,2025-06,Agent
193,11295,Policy-Claim Gap,1,83.0,Confirmed,Accident,35314,Settled,0,2024-05,Bancassurance
194,17325,High Claim Ratio,0,36.2,Flagged,Fire,291077,Pending,0,2025-11,Agent
195,10400,Repeat Claimant,1,13.9,Cleared,Accident,54044,Pending,0,2026-05,Agent
196,5507,Repeat Claimant,1,27.3,Under Review,Accident,13946,Settled,0,2026-04,Aggregator
197,10615,High Claim Ratio,0,56.7,Flagged,Theft,126009,Settled,0,2026-06,Online
198,3647,Amount Rounding,0,31.3,Under Review,Health,38854,Settled,0,2024-06,Partnership
199,12679,Policy-Claim Gap,1,34.2,Under Review,Natural Disaster,5237,Settled,0,2024-07,Agent
200,17009,High Claim Ratio,0,42.2,Flagged,Health,251672,Settled,0,2025-04,Agent
201,16583,High Claim Ratio,1,80.6,Confirmed,Health,68647,Settled,1,2024-04,Agent
202,15512,Policy-Claim Gap,1,56.4,Flagged,Fire,50533,Pending,0,2026-03,Bancassurance
203,8036,Repeat Claimant,1,26.3,Under Review,Accident,70400,Settled,0,2024-06,Online
204,7948,High Claim Ratio,1,77.4,Flagged,Natural Disaster,38389,Settled,0,2024-08,Online
205,18633,Policy-Claim Gap,0,18.9,Flagged,Accident,166610,Settled,0,2025-09,Online
206,10916,Policy-Claim Gap,0,73.0,Confirmed,Health,12483,Settled,0,2025-02,Agent
207,11769,High Claim Ratio,0,99.9,Confirmed,Health,66979,Settled,0,2024-10,Aggregator
208,9106,Repeat Claimant,1,42.7,Cleared,Theft,81832,Pending,0,2026-04,Online
209,13938,Amount Rounding,0,22.7,Flagged,Natural Disaster,127143,Settled,0,2025-08,Online
210,4252,Rapid Settlement,0,73.4,Confirmed,Theft,24402,Settled,1,2024-11,Agent
211,8825,High Claim Ratio,1,90.5,Flagged,Theft,179108,Settled,0,2025-04,Agent
212,16197,High Claim Ratio,1,59.1,Under Review,Health,26682,Settled,0,2026-05,Agent
213,13016,Amount Rounding,0,6.4,Cleared,Health,131259,Settled,0,2025-08,Aggregator
214,18282,High Claim Ratio,1,38.6,Under Review,Accident,53064,Settled,0,2025-02,Agent
215,635,Amount Rounding,1,10.7,Cleared,Health,13166,Settled,1,2024-11,Aggregator
216,2479,High Claim Ratio,1,16.5,Flagged,Accident,55663,Settled,0,2026-01,Online
217,17747,Amount Rounding,0,50.2,Under Review,Health,19691,Rejected,0,2025-06,Aggregator
218,18197,Policy-Claim Gap,0,41.7,Flagged,Fire,26079,Pending,0,2024-05,Bancassurance
219,14412,Rapid Settlement,1,0.8,Confirmed,Health,45928,Settled,0,2024-10,Agent
220,19190,Rapid Settlement,1,64.1,Confirmed,Accident,11269,Settled,0,2025-11,Bancassurance
221,17017,Rapid Settlement,0,77.2,Flagged,Accident,30255,Settled,1,2026-05,Aggregator
222,15057,Repeat Claimant,0,65.6,Flagged,Natural Disaster,77302,Settled,0,2025-10,Agent
223,17079,Amount Rounding,0,46.1,Flagged,Accident,18941,Settled,0,2025-09,Online
224,1194,Repeat Claimant,0,81.5,Confirmed,Theft,78422,Settled,0,2026-02,Aggregator
225,4150,High Claim Ratio,1,42.0,Confirmed,Fire,45079,Settled,0,2025-10,Agent
226,14829,Policy-Claim Gap,1,49.7,Flagged,Accident,9160,Settled,0,2024-02,Agent
227,12235,High Claim Ratio,1,87.0,Flagged,Natural Disaster,6375,Settled,0,2024-03,Agent
228,8086,Rapid Settlement,0,19.1,Cleared,Accident,45045,Settled,0,2026-03,Online
229,5604,Policy-Claim Gap,0,1.4,Under Review,Accident,57030,Settled,0,2025-09,Partnership
230,17880,High Claim Ratio,0,24.4,Cleared,Fire,29430,Pending,0,2026-05,Online
231,9337,Policy-Claim Gap,1,7.8,Flagged,Natural Disaster,17212,Settled,0,2024-08,Bancassurance
232,15413,Policy-Claim Gap,0,68.1,Flagged,Health,125658,Settled,0,2024-04,Agent
233,14058,Amount Rounding,0,72.8,Flagged,Accident,131463,Settled,0,2024-05,Agent
234,4756,Amount Rounding,1,86.8,Flagged,Theft,64971,Settled,0,2024-01,Online
235,7503,High Claim Ratio,0,0.1,Flagged,Theft,19065,Settled,0,2025-07,Aggregator
236,17643,Repeat Claimant,0,98.8,Confirmed,Accident,54431,Settled,0,2026-02,Agent
237,1769,Rapid Settlement,0,62.4,Under Review,Natural Disaster,172520,Pending,0,2024-03,Online
238,16105,Amount Rounding,0,35.2,Under Review,Health,383169,Pending,0,2025-06,Aggregator
239,7810,Rapid Settlement,0,39.3,Under Review,Fire,66089,Settled,0,2024-11,Bancassurance
240,2446,High Claim Ratio,1,49.6,Under Review,Health,55743,Settled,0,2025-06,Aggregator
241,6472,High Claim Ratio,0,96.4,Flagged,Accident,49361,Settled,1,2024-07,Aggregator
242,19427,Amount Rounding,1,8.7,Under Review,Accident,108847,Settled,0,2025-10,Agent
243,7091,High Claim Ratio,0,8.6,Under Review,Health,419941,Settled,0,2025-12,Agent
244,14412,Amount Rounding,1,1.2,Confirmed,Health,45928,Settled,0,2024-10,Agent
245,12429,Rapid Settlement,1,16.7,Flagged,Accident,96851,Pending,0,2024-03,Agent
246,11385,Policy-Claim Gap,1,85.9,Flagged,Natural Disaster,59835,Settled,0,2025-02,Bancassurance
247,9575,Amount Rounding,1,59.9,Flagged,Accident,52547,Settled,0,2024-04,Aggregator
248,1643,Repeat Claimant,1,0.9,Under Review,Accident,84911,Settled,0,2025-03,Online
249,5284,Rapid Settlement,0,49.9,Under Review,Natural Disaster,131614,Settled,0,2025-07,Aggregator
250,14047,Policy-Claim Gap,0,64.9,Flagged,Health,33610,Settled,0,2026-05,Partnership
251,18910,Rapid Settlement,0,91.1,Flagged,Fire,42982,Settled,0,2026-03,Aggregator
252,3492,Amount Rounding,1,28.5,Confirmed,Health,7605,Settled,0,2025-03,Agent
253,19476,High Claim Ratio,1,0.7,Cleared,Accident,61944,Rejected,0,2026-06,Online
254,19218,Repeat Claimant,0,95.1,Cleared,Theft,157800,Settled,0,2025-01,Online
255,7409,Policy-Claim Gap,0,5.1,Cleared,Accident,35225,Settled,0,2024-08,Bancassurance
256,1716,Amount Rounding,1,40.4,Cleared,Theft,85431,Pending,0,2025-12,Bancassurance
257,14820,Rapid Settlement,1,75.0,Confirmed,Accident,34893,Settled,0,2026-03,Agent
258,18721,Policy-Claim Gap,0,70.4,Under Review,Natural Disaster,18746,Settled,0,2024-02,Bancassurance
259,6999,Policy-Claim Gap,0,91.8,Confirmed,Theft,13486,Rejected,0,2024-08,Bancassurance
260,16760,Amount Rounding,0,28.7,Flagged,Accident,433408,Settled,0,2025-10,Aggregator
261,10732,Repeat Claimant,1,95.4,Flagged,Health,57129,Pending,0,2024-07,Online
262,4279,Amount Rounding,1,28.4,Under Review,Theft,60354,Settled,0,2026-02,Online
263,8170,Amount Rounding,0,44.4,Cleared,Natural Disaster,57753,Settled,0,2025-08,Partnership
264,7483,Amount Rounding,0,89.8,Flagged,Accident,61906,Settled,0,2024-05,Online
265,7248,Amount Rounding,0,73.4,Flagged,Theft,12666,Settled,0,2025-08,Online
266,14153,Amount Rounding,1,21.2,Under Review,Natural Disaster,48836,Settled,0,2025-07,Agent
267,7905,Repeat Claimant,0,76.2,Flagged,Health,280206,Settled,0,2025-06,Agent
268,12363,High Claim Ratio,1,5.0,Under Review,Health,33260,Settled,0,2026-04,Agent
269,9135,High Claim Ratio,1,11.6,Under Review,Theft,20002,Settled,0,2026-05,Agent
270,14509,Repeat Claimant,1,14.3,Under Review,Fire,76444,Settled,0,2024-04,Agent
271,2391,Rapid Settlement,1,46.0,Confirmed,Accident,72768,Pending,0,2024-12,Agent
272,9098,Amount Rounding,1,29.3,Flagged,Accident,112742,Settled,0,2025-01,Aggregator
273,18190,Rapid Settlement,1,28.4,Flagged,Accident,40129,Settled,0,2024-06,Bancassurance
274,7622,Rapid Settlement,0,12.8,Flagged,Fire,22137,Settled,0,2025-08,Agent
275,3788,Repeat Claimant,0,63.5,Confirmed,Theft,506668,Settled,0,2025-10,Agent
276,3136,Policy-Claim Gap,1,36.8,Flagged,Health,100146,Pending,0,2024-05,Online
277,3781,Rapid Settlement,0,5.9,Under Review,Health,44947,Settled,0,2025-12,Online
278,12286,Rapid Settlement,1,33.0,Under Review,Accident,27781,Settled,0,2026-02,Online
279,11246,Policy-Claim Gap,0,67.4,Cleared,Theft,67500,Rejected,0,2025-12,Aggregator
280,4793,Policy-Claim Gap,0,9.8,Flagged,Accident,16342,Settled,0,2025-03,Online
281,14653,Rapid Settlement,1,52.1,Under Review,Health,26511,Settled,0,2024-07,Online
282,3997,Amount Rounding,1,34.0,Under Review,Accident,525586,Settled,0,2024-10,Aggregator
283,5056,Rapid Settlement,1,84.5,Flagged,Fire,118091,Settled,0,2024-12,Agent
284,944,High Claim Ratio,1,72.8,Cleared,Accident,50307,Settled,0,2024-08,Agent
285,13164,High Claim Ratio,1,30.1,Flagged,Accident,161790,Settled,0,2024-01,Partnership
286,9173,Repeat Claimant,0,77.9,Under Review,Accident,124086,Settled,0,2024-01,Aggregator
287,2209,Repeat Claimant,1,46.5,Flagged,Accident,35295,Settled,0,2026-04,Online
288,17998,Policy-Claim Gap,1,38.6,Flagged,Health,231598,Pending,0,2024-02,Online
289,925,Policy-Claim Gap,1,68.5,Flagged,Natural Disaster,59597,Settled,0,2024-11,Partnership
290,1711,Policy-Claim Gap,1,97.1,Flagged,Accident,20010,Pending,0,2024-12,Partnership
291,5156,Rapid Settlement,0,36.2,Under Review,Health,117230,Pending,0,2024-03,Partnership
292,13015,Amount Rounding,1,42.8,Under Review,Accident,164315,Settled,0,2024-11,Online
293,3572,Rapid Settlement,1,93.5,Under Review,Health,29136,Settled,0,2024-02,Agent
294,4339,High Claim Ratio,1,6.3,Confirmed,Health,55444,Settled,0,2024-04,Online
295,6889,Repeat Claimant,1,47.1,Flagged,Health,78768,Settled,0,2024-05,Online
296,10917,Rapid Settlement,1,19.6,Flagged,Fire,80503,Settled,0,2025-05,Aggregator
297,13415,High Claim Ratio,1,25.8,Flagged,Natural Disaster,40685,Settled,0,2025-06,Agent
298,18551,High Claim Ratio,1,45.1,Flagged,Accident,46095,Settled,0,2026-06,Bancassurance
299,18911,High Claim Ratio,1,61.5,Cleared,Fire,349959,Settled,0,2025-06,Online
300,18203,Repeat Claimant,1,24.2,Flagged,Natural Disaster,63405,Pending,0,2026-06,Agent
301,5584,Repeat Claimant,1,58.8,Confirmed,Health,8767,Settled,1,2026-05,Aggregator
302,12110,Amount Rounding,0,36.9,Confirmed,Health,38635,Settled,0,2025-11,Online
303,4410,Rapid Settlement,1,58.7,Flagged,Natural Disaster,300902,Settled,1,2024-09,Online
304,12573,Rapid Settlement,1,14.3,Cleared,Fire,15083,Settled,0,2026-04,Aggregator
305,5986,Rapid Settlement,1,93.8,Under Review,Accident,24949,Pending,0,2026-04,Bancassurance
306,635,Repeat Claimant,0,61.3,Under Review,Health,13166,Settled,1,2024-11,Aggregator
307,98,Policy-Claim Gap,1,3.6,Flagged,Fire,65094,Settled,0,2024-10,Online
308,14824,Repeat Claimant,1,68.6,Under Review,Natural Disaster,28662,Pending,0,2026-01,Partnership
309,9157,High Claim Ratio,1,58.9,Under Review,Theft,19962,Settled,0,2025-01,Aggregator
310,18846,Rapid Settlement,1,42.9,Flagged,Health,710910,Settled,0,2024-03,Aggregator
311,5222,Repeat Claimant,0,54.2,Confirmed,Health,113208,Settled,1,2024-03,Agent
312,17080,Rapid Settlement,0,64.0,Flagged,Health,60830,Pending,0,2025-07,Online
313,14620,Policy-Claim Gap,0,37.7,Under Review,Health,75197,Settled,0,2026-02,Agent
314,14095,Policy-Claim Gap,1,99.3,Flagged,Fire,110419,Rejected,0,2025-10,Aggregator
315,2312,Repeat Claimant,1,24.4,Flagged,Theft,50490,Settled,0,2024-12,Aggregator
316,18658,Rapid Settlement,0,11.5,Under Review,Accident,33923,Settled,0,2025-10,Agent
317,17195,Rapid Settlement,1,26.1,Flagged,Accident,74358,Settled,0,2024-01,Online
318,11345,Amount Rounding,1,16.8,Under Review,Health,29113,Settled,0,2024-02,Online
319,5962,High Claim Ratio,1,32.8,Flagged,Theft,16024,Settled,0,2024-04,Online
320,9626,High Claim Ratio,0,59.1,Flagged,Health,19394,Pending,0,2024-06,Online
321,9781,Rapid Settlement,0,83.7,Under Review,Health,307851,Settled,0,2026-01,Aggregator
322,4481,Amount Rounding,1,13.8,Flagged,Health,28308,Settled,0,2025-01,Aggregator
323,9484,Rapid Settlement,1,36.7,Flagged,Health,24352,Settled,0,2025-03,Partnership
324,19984,Rapid Settlement,0,17.7,Confirmed,Health,189645,Pending,0,2025-04,Bancassurance
325,6699,Rapid Settlement,1,58.7,Under Review,Natural Disaster,241545,Settled,0,2025-04,Agent
326,6006,High Claim Ratio,1,72.8,Flagged,Accident,51705,Settled,0,2025-03,Bancassurance
327,2,High Claim Ratio,1,46.7,Flagged,Natural Disaster,16393,Settled,0,2025-12,Agent
328,13556,Repeat Claimant,0,0.9,Under Review,Theft,125502,Rejected,0,2025-03,Online
329,14294,Policy-Claim Gap,1,85.8,Under Review,Accident,32981,Settled,0,2024-12,Online
330,6093,Rapid Settlement,1,95.4,Flagged,Natural Disaster,26957,Settled,0,2024-02,Online
331,3743,Amount Rounding,0,33.4,Under Review,Theft,36966,Settled,0,2026-01,Bancassurance
332,4207,Policy-Claim Gap,1,42.4,Confirmed,Theft,44346,Pending,0,2025-08,Partnership
333,10014,Repeat Claimant,1,23.5,Cleared,Theft,70825,Pending,0,2025-08,Agent
334,13374,Policy-Claim Gap,0,23.4,Under Review,Accident,77195,Settled,0,2024-10,Agent
335,1756,Repeat Claimant,1,93.6,Confirmed,Accident,107907,Settled,1,2026-03,Partnership
336,3328,Rapid Settlement,1,54.4,Confirmed,Health,35346,Settled,0,2025-06,Agent
337,7062,Repeat Claimant,1,78.8,Under Review,Accident,17590,Settled,0,2024-08,Bancassurance
338,3935,Repeat Claimant,1,78.6,Confirmed,Accident,142967,Pending,1,2024-01,Agent
339,6602,Rapid Settlement,1,44.1,Flagged,Fire,640634,Settled,0,2024-11,Online
340,2757,Repeat Claimant,1,12.6,Under Review,Theft,52050,Settled,0,2024-04,Aggregator
341,8142,Repeat Claimant,0,2.3,Confirmed,Natural Disaster,308228,Settled,0,2024-06,Agent
342,7067,Amount Rounding,1,26.4,Flagged,Theft,4627,Settled,0,2026-05,Bancassurance
343,3135,Repeat Claimant,0,30.0,Under Review,Health,73117,Settled,0,2025-04,Aggregator
344,18953,High Claim Ratio,1,28.9,Flagged,Health,64640,Settled,1,2024-06,Aggregator
345,2233,Amount Rounding,1,34.5,Flagged,Accident,17536,Settled,0,2025-03,Partnership
346,9816,High Claim Ratio,1,3.0,Under Review,Natural Disaster,9384,Settled,1,2025-01,Agent
347,3067,Rapid Settlement,0,57.7,Under Review,Accident,83341,Settled,0,2025-08,Bancassurance
348,3633,Repeat Claimant,0,24.2,Confirmed,Accident,10820,Settled,0,2025-11,Agent
349,9480,Amount Rounding,1,71.1,Flagged,Natural Disaster,95101,Settled,0,2024-06,Agent
350,19221,Repeat Claimant,0,18.4,Flagged,Theft,65289,Settled,0,2024-07,Aggregator
351,655,High Claim Ratio,1,18.7,Flagged,Health,12555,Settled,0,2026-03,Online
352,2732,Repeat Claimant,0,96.6,Flagged,Health,32263,Settled,0,2024-01,Agent
353,16123,High Claim Ratio,1,69.8,Flagged,Fire,95418,Settled,0,2024-07,Partnership
354,16491,Policy-Claim Gap,1,38.8,Cleared,Health,135909,Settled,0,2025-04,Online
355,4452,High Claim Ratio,1,0.9,Confirmed,Theft,69544,Settled,0,2024-01,Aggregator
356,2520,Rapid Settlement,1,65.5,Under Review,Accident,229660,Settled,0,2025-10,Aggregator
357,6637,High Claim Ratio,1,30.2,Flagged,Theft,96900,Settled,0,2025-06,Agent
358,1760,Policy-Claim Gap,0,21.1,Under Review,Accident,36802,Settled,0,2024-01,Agent
359,12924,Amount Rounding,1,81.6,Flagged,Accident,115333,Settled,0,2024-05,Online
360,10120,Repeat Claimant,0,18.7,Confirmed,Natural Disaster,33496,Settled,0,2024-11,Online
361,14844,Amount Rounding,0,30.8,Flagged,Health,152028,Pending,0,2025-10,Agent
362,7002,Repeat Claimant,1,67.7,Under Review,Health,124487,Settled,0,2024-03,Agent
363,13846,High Claim Ratio,1,71.5,Under Review,Natural Disaster,48303,Settled,0,2024-08,Aggregator
364,178,High Claim Ratio,1,10.4,Under Review,Natural Disaster,319640,Settled,0,2025-03,Agent
365,5812,Repeat Claimant,1,98.3,Under Review,Theft,13019,Pending,1,2026-04,Agent
366,14205,Policy-Claim Gap,1,70.6,Flagged,Natural Disaster,52404,Pending,0,2026-01,Online
367,17818,High Claim Ratio,1,14.6,Cleared,Natural Disaster,24498,Settled,0,2024-12,Agent
368,11989,Rapid Settlement,0,38.0,Confirmed,Accident,24230,Settled,0,2024-03,Online
369,3490,Repeat Claimant,0,83.6,Confirmed,Accident,24823,Settled,0,2024-03,Aggregator
370,7429,Rapid Settlement,1,10.5,Flagged,Natural Disaster,17356,Pending,0,2026-03,Agent
371,12792,High Claim Ratio,0,1.1,Confirmed,Theft,11970,Settled,0,2026-05,Aggregator
372,9571,Policy-Claim Gap,1,27.3,Flagged,Theft,21124,Settled,0,2024-12,Aggregator
373,12735,High Claim Ratio,1,86.6,Flagged,Natural Disaster,71822,Settled,0,2025-09,Agent
374,7108,Amount Rounding,0,38.2,Confirmed,Natural Disaster,94207,Settled,0,2025-10,Agent
375,18179,High Claim Ratio,1,56.6,Confirmed,Theft,19692,Settled,0,2025-06,Aggregator
376,6849,Rapid Settlement,0,0.5,Under Review,Fire,39882,Settled,1,2025-11,Aggregator
377,14232,Rapid Settlement,0,6.6,Flagged,Health,40981,Settled,0,2026-01,Bancassurance
378,12459,High Claim Ratio,1,68.6,Flagged,Theft,66517,Settled,0,2026-02,Bancassurance
379,16422,Rapid Settlement,1,18.5,Under Review,Fire,94788,Settled,1,2025-10,Online
380,10621,Repeat Claimant,1,47.6,Cleared,Fire,21435,Settled,0,2025-11,Online
381,1760,High Claim Ratio,1,61.2,Confirmed,Accident,36802,Settled,0,2024-01,Agent
382,13281,High Claim Ratio,1,91.2,Flagged,Theft,13750,Settled,0,2024-02,Online
383,1370,Rapid Settlement,1,34.8,Flagged,Accident,32125,Settled,0,2024-08,Bancassurance
384,7313,Policy-Claim Gap,1,1.1,Under Review,Health,83315,Settled,0,2024-03,Bancassurance
385,2755,Amount Rounding,1,75.9,Flagged,Accident,223214,Settled,1,2024-10,Aggregator
386,15739,Policy-Claim Gap,0,5.7,Under Review,Health,44361,Pending,0,2024-01,Agent
387,17756,Amount Rounding,0,10.4,Flagged,Natural Disaster,23781,Settled,0,2024-06,Bancassurance
388,16741,Rapid Settlement,1,8.7,Confirmed,Health,44676,Rejected,0,2025-02,Aggregator
389,9419,Policy-Claim Gap,1,97.1,Confirmed,Health,52168,Settled,0,2026-03,Agent
390,8197,Rapid Settlement,0,32.5,Under Review,Accident,31086,Pending,0,2025-10,Agent
391,17721,Policy-Claim Gap,1,39.1,Under Review,Natural Disaster,93068,Settled,0,2024-11,Bancassurance
392,7192,Policy-Claim Gap,1,15.0,Flagged,Accident,20337,Settled,0,2025-05,Partnership
393,16015,Rapid Settlement,1,81.8,Confirmed,Health,305597,Pending,0,2025-11,Online
394,6403,High Claim Ratio,1,40.4,Flagged,Accident,59564,Settled,0,2026-03,Agent
395,6796,High Claim Ratio,0,89.0,Cleared,Accident,17156,Pending,0,2024-06,Online
396,6681,Rapid Settlement,1,66.1,Confirmed,Health,5505,Settled,0,2025-10,Online
397,8394,Rapid Settlement,0,10.2,Confirmed,Health,24559,Settled,0,2024-11,Online
398,7393,Amount Rounding,0,74.9,Flagged,Accident,31006,Settled,0,2024-11,Agent
399,19087,High Claim Ratio,1,31.5,Flagged,Fire,6163,Settled,0,2024-02,Aggregator
400,7532,Repeat Claimant,1,25.4,Confirmed,Health,41763,Rejected,0,2025-10,Agent
401,18562,Repeat Claimant,1,20.3,Confirmed,Theft,51551,Settled,0,2024-03,Agent
402,3939,High Claim Ratio,0,58.6,Flagged,Accident,47227,Pending,0,2024-03,Aggregator
403,18315,Amount Rounding,0,62.5,Flagged,Health,120153,Settled,0,2025-10,Bancassurance
404,2223,Rapid Settlement,1,11.0,Confirmed,Health,14267,Pending,0,2024-08,Aggregator
405,19653,Amount Rounding,0,25.8,Cleared,Theft,21732,Settled,0,2024-03,Online
406,10658,Policy-Claim Gap,0,57.0,Flagged,Natural Disaster,39018,Rejected,0,2024-06,Online
407,9324,Rapid Settlement,1,19.9,Under Review,Natural Disaster,32545,Pending,1,2026-02,Online
408,11000,Amount Rounding,1,18.4,Under Review,Fire,132146,Settled,0,2025-11,Agent
409,16724,Amount Rounding,1,54.4,Confirmed,Theft,227393,Settled,0,2026-01,Agent
410,19195,Amount Rounding,0,99.1,Under Review,Accident,37321,Settled,0,2026-01,Bancassurance
411,8075,Policy-Claim Gap,1,55.1,Flagged,Fire,9311,Settled,0,2024-02,Partnership
412,11171,Rapid Settlement,1,34.9,Cleared,Fire,314579,Settled,0,2024-05,Aggregator
413,1210,Amount Rounding,0,0.0,Flagged,Accident,7897,Settled,0,2024-10,Online
414,13472,High Claim Ratio,1,16.3,Confirmed,Health,152788,Settled,0,2026-02,Online
415,9001,Rapid Settlement,1,36.6,Confirmed,Natural Disaster,59669,Settled,0,2026-01,Agent
416,1086,Policy-Claim Gap,1,76.1,Flagged,Theft,122447,Pending,0,2025-01,Agent
417,2364,Policy-Claim Gap,1,56.3,Under Review,Accident,7985,Settled,0,2024-05,Aggregator
418,13154,Amount Rounding,1,71.9,Flagged,Accident,27321,Settled,0,2025-10,Bancassurance
419,10044,Rapid Settlement,1,71.9,Flagged,Accident,124590,Settled,1,2024-07,Agent
420,957,High Claim Ratio,1,58.1,Under Review,Theft,71351,Settled,0,2025-11,Online
421,14396,Repeat Claimant,1,8.0,Flagged,Natural Disaster,43294,Settled,0,2025-12,Bancassurance
422,14320,Amount Rounding,1,72.4,Flagged,Accident,41144,Settled,0,2024-12,Bancassurance
423,8470,Amount Rounding,0,73.2,Flagged,Health,12447,Settled,0,2025-10,Agent
424,14488,Repeat Claimant,1,41.2,Under Review,Theft,65271,Pending,0,2024-11,Agent
425,17681,Amount Rounding,0,84.3,Flagged,Fire,81145,Settled,0,2025-01,Aggregator
426,16051,Repeat Claimant,0,88.8,Confirmed,Health,19677,Settled,0,2024-07,Bancassurance
427,16509,Repeat Claimant,0,73.3,Confirmed,Natural Disaster,19508,Settled,0,2025-12,Agent
428,6114,Policy-Claim Gap,0,15.8,Flagged,Natural Disaster,13256,Settled,0,2026-04,Aggregator
429,7366,Amount Rounding,0,77.6,Flagged,Natural Disaster,335870,Settled,0,2024-05,Online
430,150,Rapid Settlement,1,89.8,Under Review,Accident,38388,Settled,0,2025-12,Online
431,4946,Rapid Settlement,0,87.2,Flagged,Health,128119,Settled,1,2024-06,Aggregator
432,17168,High Claim Ratio,1,91.7,Cleared,Accident,39280,Pending,0,2024-06,Aggregator
433,587,Rapid Settlement,1,88.6,Confirmed,Fire,155604,Settled,0,2024-02,Partnership
434,6437,Rapid Settlement,1,68.8,Under Review,Accident,63847,Rejected,0,2025-12,Online
435,9336,Policy-Claim Gap,0,74.5,Confirmed,Natural Disaster,33436,Settled,0,2024-05,Aggregator
436,17409,Policy-Claim Gap,1,7.4,Under Review,Natural Disaster,93692,Settled,0,2024-02,Agent
437,11920,Policy-Claim Gap,1,2.9,Confirmed,Fire,34230,Settled,0,2025-03,Online
438,16724,Amount Rounding,1,90.0,Flagged,Theft,227393,Settled,0,2026-01,Agent
439,9227,Rapid Settlement,0,0.7,Flagged,Natural Disaster,83231,Settled,1,2026-02,Aggregator
440,11483,Repeat Claimant,1,50.6,Flagged,Theft,153118,Settled,0,2024-02,Aggregator
441,2057,Amount Rounding,0,75.1,Flagged,Health,24040,Settled,0,2024-06,Agent
442,3413,Rapid Settlement,0,53.5,Under Review,Health,27685,Settled,1,2025-01,Online
443,4535,Rapid Settlement,1,86.0,Flagged,Theft,144256,Settled,1,2025-06,Agent
444,374,Policy-Claim Gap,1,92.2,Confirmed,Natural Disaster,19569,Settled,1,2024-01,Partnership
445,19952,Policy-Claim Gap,1,30.8,Confirmed,Health,31071,Settled,0,2025-02,Aggregator
446,9388,Policy-Claim Gap,1,55.6,Under Review,Natural Disaster,16604,Settled,0,2026-01,Agent
447,637,Policy-Claim Gap,0,3.0,Under Review,Fire,84144,Settled,0,2026-01,Online
448,17167,Amount Rounding,0,40.4,Under Review,Fire,48019,Settled,0,2024-07,Agent
449,15003,Policy-Claim Gap,1,76.7,Cleared,Accident,96206,Settled,0,2025-11,Agent
450,19817,Policy-Claim Gap,0,19.8,Flagged,Fire,60073,Settled,0,2024-04,Aggregator
451,8321,High Claim Ratio,0,71.1,Flagged,Health,15302,Settled,0,2026-04,Aggregator
452,9173,High Claim Ratio,1,5.5,Flagged,Accident,124086,Settled,0,2024-01,Aggregator
453,13683,Amount Rounding,1,76.6,Confirmed,Accident,563713,Pending,0,2024-02,Agent
454,4750,Repeat Claimant,0,32.8,Flagged,Accident,23565,Rejected,0,2025-11,Online
455,2585,Policy-Claim Gap,1,94.8,Flagged,Fire,138794,Settled,0,2024-06,Online
456,4308,Policy-Claim Gap,0,99.3,Confirmed,Natural Disaster,83148,Settled,0,2024-11,Agent
457,18493,Policy-Claim Gap,1,0.1,Under Review,Health,178026,Settled,0,2025-09,Aggregator
458,2166,Rapid Settlement,1,46.4,Flagged,Natural Disaster,91093,Settled,0,2024-12,Aggregator
459,8105,Repeat Claimant,1,43.7,Flagged,Natural Disaster,6135,Settled,0,2024-10,Partnership
460,15396,Rapid Settlement,0,34.5,Flagged,Theft,53721,Settled,0,2025-04,Online
461,19345,Amount Rounding,1,36.1,Flagged,Accident,60522,Settled,0,2025-02,Online
462,8606,Amount Rounding,1,47.5,Confirmed,Health,20025,Rejected,0,2024-04,Partnership
463,5500,Repeat Claimant,1,54.7,Under Review,Natural Disaster,32381,Settled,0,2026-03,Partnership
464,15621,Amount Rounding,0,29.5,Flagged,Theft,71547,Settled,0,2025-05,Aggregator
465,18790,Amount Rounding,0,69.1,Flagged,Health,29654,Rejected,0,2025-07,Partnership
466,13636,Amount Rounding,0,93.2,Under Review,Fire,68036,Pending,0,2025-05,Online
467,11472,High Claim Ratio,1,24.3,Confirmed,Natural Disaster,11524,Settled,0,2026-05,Online
468,5505,Rapid Settlement,1,58.6,Flagged,Health,28015,Rejected,0,2026-03,Agent
469,12450,High Claim Ratio,0,35.2,Under Review,Theft,43672,Settled,0,2024-11,Partnership
470,3578,Repeat Claimant,1,54.1,Under Review,Natural Disaster,1064300,Settled,0,2026-05,Agent
471,226,Amount Rounding,1,80.3,Flagged,Fire,58746,Settled,0,2025-05,Bancassurance
472,447,High Claim Ratio,0,1.1,Under Review,Natural Disaster,17248,Pending,0,2025-08,Agent
473,5925,Repeat Claimant,0,9.5,Under Review,Theft,20595,Settled,0,2026-02,Agent
474,10357,Policy-Claim Gap,0,95.6,Flagged,Fire,71048,Settled,0,2024-09,Bancassurance
475,11258,Rapid Settlement,1,21.6,Confirmed,Health,28496,Settled,0,2024-03,Online
476,1475,High Claim Ratio,1,47.8,Flagged,Health,18282,Settled,0,2024-01,Online
477,9176,Policy-Claim Gap,1,79.9,Flagged,Natural Disaster,29322,Settled,0,2024-04,Agent
478,11183,Policy-Claim Gap,0,2.3,Flagged,Health,128267,Settled,0,2025-09,Partnership
479,13818,Rapid Settlement,0,43.1,Confirmed,Fire,45640,Settled,1,2025-11,Bancassurance
480,19477,Rapid Settlement,1,13.6,Flagged,Accident,103128,Settled,0,2025-06,Bancassurance
481,2695,Rapid Settlement,1,74.1,Under Review,Fire,22484,Settled,0,2025-11,Aggregator
482,12014,Repeat Claimant,1,21.2,Under Review,Health,386357,Pending,0,2024-09,Aggregator
483,14408,Rapid Settlement,1,35.0,Under Review,Fire,93114,Settled,0,2026-06,Bancassurance
484,6635,Rapid Settlement,1,64.4,Flagged,Fire,153090,Settled,0,2026-06,Online
485,8043,High Claim Ratio,1,38.2,Confirmed,Theft,53160,Settled,0,2024-09,Online
486,253,Rapid Settlement,0,20.5,Flagged,Accident,17396,Settled,0,2024-02,Agent
487,13104,Policy-Claim Gap,0,85.6,Confirmed,Accident,13954,Settled,1,2025-11,Agent
488,15485,Repeat Claimant,1,62.6,Under Review,Accident,21033,Settled,1,2024-11,Aggregator
489,7564,High Claim Ratio,1,75.9,Under Review,Fire,37610,Settled,0,2025-10,Online
490,3615,Repeat Claimant,1,95.2,Flagged,Health,48191,Settled,0,2026-01,Aggregator
491,4931,Rapid Settlement,0,52.7,Under Review,Health,66164,Settled,0,2024-06,Agent
492,8079,Rapid Settlement,0,75.8,Flagged,Accident,51294,Pending,0,2024-02,Online
493,19744,Policy-Claim Gap,1,72.1,Under Review,Accident,114369,Rejected,0,2025-11,Aggregator
494,3721,Rapid Settlement,1,47.9,Flagged,Theft,48628,Settled,0,2025-02,Online
495,7901,Rapid Settlement,1,78.5,Confirmed,Accident,48751,Settled,0,2025-05,Agent
496,2091,High Claim Ratio,1,92.7,Flagged,Natural Disaster,30339,Settled,0,2025-05,Aggregator
497,16819,Rapid Settlement,0,39.6,Under Review,Accident,30574,Settled,0,2024-11,Agent
498,106,Repeat Claimant,0,11.5,Flagged,Accident,68466,Pending,0,2026-04,Online
499,3727,Repeat Claimant,0,36.9,Under Review,Fire,36468,Settled,0,2024-08,Aggregator
500,5024,High Claim Ratio,1,46.9,Cleared,Health,49740,Settled,0,2026-02,Bancassurance
501,12331,Policy-Claim Gap,0,91.1,Flagged,Fire,49727,Rejected,0,2025-05,Bancassurance
502,10606,Rapid Settlement,0,42.1,Flagged,Accident,70711,Settled,1,2024-11,Online
503,16276,Amount Rounding,0,11.1,Confirmed,Accident,145190,Settled,0,2025-07,Online
504,4929,High Claim Ratio,0,92.3,Under Review,Health,86875,Pending,0,2026-02,Agent
505,6228,Rapid Settlement,0,22.7,Under Review,Fire,80252,Rejected,0,2026-05,Aggregator
506,7340,Rapid Settlement,0,7.5,Under Review,Accident,13177,Settled,0,2025-08,Agent
507,599,Policy-Claim Gap,1,55.1,Flagged,Theft,28084,Rejected,0,2024-06,Online
508,12382,High Claim Ratio,1,42.0,Under Review,Natural Disaster,71294,Settled,0,2024-06,Partnership
509,4472,Rapid Settlement,1,6.8,Confirmed,Health,81570,Settled,0,2026-03,Agent
510,6894,High Claim Ratio,0,99.9,Flagged,Accident,62446,Rejected,0,2025-02,Online
511,9514,Repeat Claimant,0,87.9,Under Review,Health,183267,Settled,0,2024-07,Agent
512,2869,High Claim Ratio,1,5.4,Flagged,Natural Disaster,65044,Settled,1,2024-04,Agent
513,375,Policy-Claim Gap,1,25.2,Flagged,Health,912615,Settled,0,2025-01,Bancassurance
514,17806,Amount Rounding,1,57.1,Cleared,Accident,22705,Settled,0,2024-08,Agent
515,5401,Rapid Settlement,1,65.3,Under Review,Theft,72924,Settled,0,2024-03,Online
516,304,High Claim Ratio,1,9.3,Under Review,Natural Disaster,119844,Settled,0,2025-02,Online
517,12389,High Claim Ratio,0,55.4,Under Review,Health,220089,Settled,0,2025-08,Partnership
518,12929,Amount Rounding,1,98.4,Confirmed,Health,41558,Settled,0,2024-09,Online
519,404,Repeat Claimant,1,35.1,Flagged,Natural Disaster,71957,Settled,0,2025-04,Agent
520,14220,Amount Rounding,1,26.0,Flagged,Accident,25144,Settled,0,2025-11,Agent
521,671,Amount Rounding,0,68.2,Under Review,Theft,50242,Settled,0,2025-03,Agent
522,5904,Repeat Claimant,1,10.5,Under Review,Natural Disaster,21856,Settled,0,2025-06,Bancassurance
523,10541,Policy-Claim Gap,1,80.9,Flagged,Theft,47914,Settled,0,2024-04,Aggregator
524,8709,Policy-Claim Gap,1,18.0,Cleared,Natural Disaster,62819,Settled,0,2024-07,Partnership
525,230,Repeat Claimant,1,41.1,Flagged,Theft,37111,Settled,0,2024-06,Online
526,12406,Amount Rounding,1,12.0,Flagged,Health,56138,Settled,0,2026-03,Online
527,13498,Repeat Claimant,0,9.8,Confirmed,Health,153985,Settled,0,2026-01,Aggregator
528,13203,Repeat Claimant,1,46.0,Confirmed,Natural Disaster,460215,Pending,0,2024-06,Agent
529,12050,High Claim Ratio,0,53.6,Under Review,Accident,13775,Settled,0,2024-06,Agent
530,17535,Policy-Claim Gap,1,23.1,Under Review,Natural Disaster,12038,Rejected,0,2026-04,Online
531,17555,Amount Rounding,1,31.2,Under Review,Accident,60683,Settled,0,2024-12,Online
532,5232,Rapid Settlement,1,43.1,Under Review,Health,142860,Settled,0,2025-08,Partnership
533,19038,Rapid Settlement,1,85.6,Flagged,Natural Disaster,243039,Settled,0,2026-02,Aggregator
534,15235,Rapid Settlement,0,98.1,Flagged,Health,298833,Pending,0,2025-09,Online
535,9118,Repeat Claimant,0,83.2,Confirmed,Fire,62926,Rejected,0,2026-05,Agent
536,18576,High Claim Ratio,1,65.3,Cleared,Health,16930,Pending,0,2025-10,Online
537,12353,Repeat Claimant,0,84.9,Flagged,Natural Disaster,12339,Pending,0,2024-08,Agent
538,410,High Claim Ratio,0,68.1,Confirmed,Fire,22264,Pending,0,2025-12,Partnership
539,6117,Policy-Claim Gap,1,1.8,Flagged,Theft,115721,Rejected,0,2024-07,Agent
540,5327,Rapid Settlement,1,73.7,Under Review,Accident,80219,Settled,0,2025-06,Online
541,14526,High Claim Ratio,1,56.0,Flagged,Accident,5354,Settled,0,2025-12,Agent
542,5393,Amount Rounding,0,82.0,Cleared,Natural Disaster,243267,Settled,0,2025-12,Online
543,6912,Rapid Settlement,0,50.4,Flagged,Natural Disaster,20387,Rejected,0,2026-01,Agent
544,12984,High Claim Ratio,0,89.4,Under Review,Natural Disaster,28838,Pending,0,2025-12,Online
545,12707,High Claim Ratio,0,0.4,Under Review,Theft,65023,Settled,0,2024-02,Agent
546,7576,High Claim Ratio,0,58.8,Flagged,Accident,94683,Settled,0,2025-12,Aggregator
547,4922,Rapid Settlement,1,87.4,Cleared,Accident,20677,Settled,0,2025-02,Partnership
548,11473,Rapid Settlement,1,99.3,Flagged,Health,4935,Settled,0,2025-07,Online
549,2264,Repeat Claimant,1,67.1,Flagged,Health,17201,Settled,0,2024-05,Bancassurance
550,16121,Rapid Settlement,0,7.3,Flagged,Natural Disaster,25901,Settled,1,2024-05,Agent
551,10044,Rapid Settlement,1,4.7,Confirmed,Accident,124590,Settled,1,2024-07,Agent
552,17752,Policy-Claim Gap,1,16.8,Flagged,Natural Disaster,61397,Settled,0,2026-01,Agent
553,10400,Rapid Settlement,1,46.8,Under Review,Accident,54044,Pending,0,2026-05,Agent
554,3278,Rapid Settlement,1,62.3,Under Review,Theft,154710,Rejected,0,2024-09,Bancassurance
555,2993,High Claim Ratio,1,29.0,Under Review,Theft,46390,Pending,0,2024-07,Partnership
556,16981,Rapid Settlement,1,64.8,Confirmed,Health,271986,Settled,0,2026-02,Online
557,18476,Rapid Settlement,1,79.4,Confirmed,Natural Disaster,58342,Pending,0,2025-01,Agent
558,16137,High Claim Ratio,1,31.6,Under Review,Health,15172,Settled,0,2025-02,Online
559,1008,Amount Rounding,1,52.0,Flagged,Accident,191172,Settled,0,2024-12,Agent
560,33,High Claim Ratio,0,76.0,Confirmed,Theft,32648,Settled,0,2026-06,Aggregator
561,3245,Amount Rounding,1,99.0,Under Review,Accident,38419,Pending,0,2024-07,Online
562,4133,Rapid Settlement,1,23.4,Under Review,Accident,177937,Settled,0,2026-05,Partnership
563,14416,Policy-Claim Gap,1,43.6,Cleared,Health,36517,Settled,1,2026-01,Online
564,4646,Policy-Claim Gap,1,1.9,Under Review,Theft,5649,Settled,0,2025-04,Agent
565,18406,Repeat Claimant,0,64.8,Cleared,Natural Disaster,10007,Settled,0,2024-12,Online
566,6743,Repeat Claimant,1,4.1,Cleared,Health,25172,Settled,0,2025-01,Agent
567,18686,Repeat Claimant,0,77.7,Cleared,Natural Disaster,71773,Settled,1,2024-04,Partnership
568,3335,High Claim Ratio,0,35.2,Flagged,Fire,34963,Settled,0,2025-12,Online
569,5485,Policy-Claim Gap,0,32.0,Confirmed,Theft,17093,Settled,0,2026-06,Aggregator
570,9718,Rapid Settlement,0,58.7,Flagged,Natural Disaster,100533,Settled,0,2025-11,Aggregator
571,1501,Amount Rounding,1,21.0,Cleared,Health,117816,Pending,0,2025-08,Partnership
572,10018,Amount Rounding,1,56.7,Under Review,Accident,77962,Pending,0,2024-12,Bancassurance
573,1748,High Claim Ratio,1,37.0,Under Review,Theft,51896,Settled,0,2025-09,Agent
574,106,Amount Rounding,1,9.9,Confirmed,Accident,68466,Pending,0,2026-04,Online
575,5819,Repeat Claimant,1,66.5,Under Review,Health,128393,Pending,0,2024-08,Online
576,15751,Rapid Settlement,1,74.1,Flagged,Health,126946,Settled,0,2026-04,Agent
577,2429,Rapid Settlement,0,90.4,Flagged,Health,45499,Settled,0,2025-08,Partnership
578,2491,Policy-Claim Gap,1,65.6,Confirmed,Health,101640,Settled,0,2025-04,Aggregator
579,2313,Policy-Claim Gap,1,80.6,Flagged,Theft,84366,Settled,0,2024-05,Agent
580,19184,High Claim Ratio,1,41.4,Confirmed,Accident,64415,Settled,0,2025-12,Agent
581,5462,Rapid Settlement,0,98.6,Confirmed,Accident,13873,Settled,0,2026-05,Agent
582,732,Amount Rounding,1,30.9,Flagged,Health,6289,Settled,1,2025-12,Online
583,11868,High Claim Ratio,1,61.7,Confirmed,Health,376155,Settled,0,2024-10,Online
584,10853,High Claim Ratio,1,34.9,Cleared,Accident,215618,Settled,0,2025-05,Aggregator
585,3507,Policy-Claim Gap,1,83.1,Under Review,Health,26662,Settled,0,2024-03,Agent
586,2094,Amount Rounding,1,83.8,Flagged,Theft,93573,Settled,0,2025-10,Online
587,11047,Amount Rounding,1,30.9,Cleared,Accident,15260,Settled,1,2026-04,Online
588,5017,High Claim Ratio,1,57.3,Confirmed,Fire,19073,Settled,0,2024-07,Agent
589,18757,Rapid Settlement,0,5.9,Flagged,Accident,46636,Settled,0,2025-11,Bancassurance
590,5502,Rapid Settlement,1,16.4,Flagged,Accident,27973,Settled,1,2025-07,Online
591,17271,High Claim Ratio,1,94.4,Confirmed,Fire,83986,Settled,0,2024-11,Aggregator
592,407,High Claim Ratio,1,67.0,Flagged,Natural Disaster,35345,Settled,0,2026-02,Online
593,6385,Rapid Settlement,0,5.7,Under Review,Natural Disaster,35504,Settled,0,2024-09,Online
594,17056,Policy-Claim Gap,1,93.6,Flagged,Health,21532,Settled,0,2024-12,Online
595,12292,Repeat Claimant,1,87.0,Flagged,Theft,91245,Settled,0,2025-09,Online
596,5843,Policy-Claim Gap,1,27.6,Confirmed,Natural Disaster,36824,Settled,0,2026-01,Partnership
597,3928,Amount Rounding,1,12.8,Under Review,Theft,98917,Settled,0,2025-03,Bancassurance
598,7678,High Claim Ratio,1,44.0,Confirmed,Accident,37552,Settled,0,2025-02,Agent
599,13249,Rapid Settlement,0,97.1,Cleared,Accident,67819,Settled,0,2025-03,Agent
600,2828,Policy-Claim Gap,0,21.9,Confirmed,Natural Disaster,13981,Settled,0,2024-04,Online
601,1797,Rapid Settlement,0,5.0,Flagged,Health,444350,Settled,1,2026-05,Aggregator
602,12764,Amount Rounding,0,58.9,Flagged,Theft,25296,Settled,0,2024-04,Agent
603,13903,High Claim Ratio,1,64.5,Flagged,Natural Disaster,147513,Settled,0,2026-05,Aggregator
604,9499,Policy-Claim Gap,1,11.7,Cleared,Health,16571,Settled,0,2025-06,Bancassurance
605,7731,Rapid Settlement,1,54.0,Under Review,Theft,40827,Settled,0,2024-12,Aggregator
606,4551,Amount Rounding,0,5.3,Confirmed,Health,24347,Pending,0,2024-08,Aggregator
607,5606,Amount Rounding,0,70.2,Flagged,Accident,48821,Settled,0,2025-09,Online
608,17080,Policy-Claim Gap,1,60.5,Confirmed,Health,60830,Pending,0,2025-07,Online
609,14632,Repeat Claimant,0,19.1,Confirmed,Theft,35180,Settled,0,2026-02,Agent
610,19462,High Claim Ratio,0,83.6,Under Review,Accident,20287,Settled,0,2024-07,Bancassurance
611,8948,Policy-Claim Gap,0,89.1,Confirmed,Health,33476,Pending,0,2026-02,Agent
612,3063,Repeat Claimant,1,63.7,Under Review,Natural Disaster,96109,Settled,0,2024-08,Agent
613,5042,Repeat Claimant,0,94.4,Confirmed,Health,18780,Settled,0,2024-01,Aggregator
614,7405,Amount Rounding,1,52.3,Cleared,Natural Disaster,69672,Settled,0,2025-07,Partnership
615,14038,Rapid Settlement,0,6.1,Under Review,Accident,187690,Rejected,0,2026-05,Bancassurance
616,3728,High Claim Ratio,1,38.7,Confirmed,Accident,193807,Settled,0,2025-08,Aggregator
617,9043,High Claim Ratio,1,94.0,Cleared,Health,87150,Settled,0,2025-07,Agent
618,6043,High Claim Ratio,1,51.8,Flagged,Health,44798,Settled,0,2026-03,Bancassurance
619,4942,Policy-Claim Gap,1,53.8,Under Review,Accident,20162,Settled,0,2026-03,Agent
620,1206,High Claim Ratio,1,69.9,Under Review,Health,23484,Settled,0,2025-11,Partnership
621,10162,Amount Rounding,0,66.0,Flagged,Theft,36108,Settled,0,2025-08,Partnership
622,14283,Amount Rounding,0,71.7,Confirmed,Accident,269980,Pending,0,2024-01,Aggregator
623,6224,High Claim Ratio,0,85.4,Confirmed,Accident,103435,Settled,0,2024-04,Aggregator
624,15018,Amount Rounding,1,64.4,Flagged,Accident,66435,Settled,0,2026-03,Online
625,2916,Repeat Claimant,1,26.8,Under Review,Fire,7094,Settled,0,2025-08,Partnership
626,496,Amount Rounding,0,76.3,Under Review,Accident,63113,Settled,0,2024-06,Online
627,16258,Repeat Claimant,1,45.9,Under Review,Accident,32777,Settled,0,2025-09,Online
628,12561,Repeat Claimant,0,39.5,Flagged,Accident,38017,Settled,0,2025-01,Agent
629,14048,Policy-Claim Gap,1,94.2,Under Review,Natural Disaster,28835,Settled,0,2026-02,Aggregator
630,18297,Policy-Claim Gap,0,78.4,Flagged,Health,170365,Settled,0,2025-06,Online
631,6309,Rapid Settlement,1,21.1,Flagged,Health,339811,Settled,0,2025-05,Partnership
632,12024,Policy-Claim Gap,1,73.3,Cleared,Accident,271019,Pending,0,2025-05,Agent
633,12180,High Claim Ratio,1,98.2,Flagged,Accident,48368,Settled,0,2025-04,Online
634,16753,Amount Rounding,0,80.2,Flagged,Accident,407355,Settled,0,2024-03,Online
635,19502,High Claim Ratio,0,56.9,Flagged,Fire,24548,Settled,0,2024-05,Aggregator
636,9801,High Claim Ratio,0,89.9,Confirmed,Accident,54596,Settled,0,2024-12,Agent
637,748,Amount Rounding,1,19.6,Flagged,Natural Disaster,463393,Settled,0,2024-11,Online
638,13373,High Claim Ratio,0,11.5,Flagged,Theft,184323,Settled,0,2025-09,Partnership
639,19854,Rapid Settlement,0,16.5,Under Review,Accident,24050,Rejected,0,2025-12,Partnership
640,7969,Amount Rounding,1,5.0,Under Review,Accident,259437,Settled,0,2025-05,Online
641,15036,Policy-Claim Gap,1,91.6,Under Review,Health,14921,Settled,1,2024-11,Partnership
642,13552,Amount Rounding,1,5.4,Flagged,Fire,71188,Settled,0,2024-03,Online
643,17731,High Claim Ratio,1,45.6,Confirmed,Accident,239729,Pending,0,2025-01,Agent
644,16157,Rapid Settlement,0,44.0,Flagged,Accident,9233,Settled,0,2025-08,Aggregator
645,16506,Amount Rounding,0,18.5,Flagged,Health,38031,Settled,0,2024-09,Partnership
646,5681,Policy-Claim Gap,1,47.7,Under Review,Fire,61959,Settled,0,2025-06,Agent
647,16806,Rapid Settlement,1,26.5,Confirmed,Natural Disaster,20578,Settled,0,2026-06,Agent
648,2163,Repeat Claimant,1,55.1,Under Review,Theft,16908,Settled,0,2026-05,Agent
649,13441,Amount Rounding,1,30.3,Flagged,Accident,228568,Settled,0,2024-11,Agent
650,14017,Repeat Claimant,0,39.7,Under Review,Accident,226914,Settled,0,2026-05,Aggregator
651,17757,Amount Rounding,1,98.2,Flagged,Health,254926,Rejected,0,2025-08,Bancassurance
652,1894,High Claim Ratio,0,21.1,Confirmed,Accident,41078,Settled,0,2025-08,Online
653,2422,Amount Rounding,1,94.3,Confirmed,Natural Disaster,28657,Settled,0,2024-06,Bancassurance
654,10843,High Claim Ratio,1,34.2,Under Review,Theft,40477,Settled,0,2026-06,Agent
655,17220,Rapid Settlement,0,66.7,Confirmed,Accident,78270,Settled,0,2025-03,Bancassurance
656,4433,Repeat Claimant,1,41.9,Flagged,Accident,135249,Settled,0,2025-12,Aggregator
657,19218,Rapid Settlement,1,16.5,Cleared,Theft,157800,Settled,0,2025-01,Online
658,9330,Rapid Settlement,0,67.6,Under Review,Health,264096,Settled,0,2024-11,Online
659,7726,Amount Rounding,1,61.1,Flagged,Health,37082,Pending,0,2026-03,Bancassurance
660,13174,High Claim Ratio,1,4.7,Cleared,Natural Disaster,39701,Settled,0,2025-01,Agent
661,4834,Rapid Settlement,1,36.9,Under Review,Health,39472,Settled,0,2026-06,Online
662,7523,Amount Rounding,0,99.8,Under Review,Theft,37954,Settled,0,2026-01,Online
663,7942,High Claim Ratio,1,10.2,Confirmed,Accident,8131,Settled,0,2026-04,Aggregator
664,777,High Claim Ratio,1,51.0,Cleared,Accident,102443,Settled,0,2025-07,Aggregator
665,17887,Repeat Claimant,0,12.3,Confirmed,Health,22425,Settled,0,2024-06,Agent
666,9508,Policy-Claim Gap,1,38.7,Flagged,Accident,40386,Settled,0,2026-02,Agent
667,14252,Rapid Settlement,1,11.8,Under Review,Health,140930,Settled,0,2025-11,Aggregator
668,18782,Amount Rounding,1,86.6,Flagged,Health,62697,Settled,0,2025-08,Bancassurance
669,14707,Policy-Claim Gap,0,4.1,Flagged,Health,54034,Settled,0,2024-08,Agent
670,11957,Amount Rounding,0,30.8,Cleared,Health,10287,Settled,0,2024-06,Online
671,3688,Amount Rounding,1,25.3,Under Review,Accident,23025,Settled,0,2025-11,Online
672,15295,Repeat Claimant,0,46.3,Under Review,Health,62264,Settled,1,2025-12,Online
673,11997,Amount Rounding,0,82.9,Flagged,Health,69789,Settled,0,2025-12,Agent
674,6821,Policy-Claim Gap,0,56.4,Flagged,Health,30247,Settled,0,2025-05,Aggregator
675,10943,Rapid Settlement,0,96.0,Under Review,Accident,175485,Settled,0,2024-08,Agent
676,15488,Repeat Claimant,0,93.8,Confirmed,Health,68423,Settled,0,2024-09,Online
677,4544,Amount Rounding,0,35.3,Under Review,Natural Disaster,24696,Pending,0,2024-05,Bancassurance
678,940,Amount Rounding,0,33.3,Cleared,Health,17724,Settled,0,2024-07,Bancassurance
679,6051,Amount Rounding,1,94.4,Under Review,Accident,460030,Settled,0,2024-09,Online
680,2463,Rapid Settlement,0,87.2,Under Review,Accident,70893,Settled,0,2025-08,Aggregator
681,2683,Rapid Settlement,0,81.8,Flagged,Fire,28269,Settled,0,2025-02,Online
682,15910,Amount Rounding,0,28.9,Under Review,Theft,49226,Settled,0,2024-12,Online
683,19513,High Claim Ratio,1,14.0,Flagged,Fire,16568,Rejected,0,2024-03,Online
684,10722,Repeat Claimant,1,31.2,Under Review,Natural Disaster,27937,Settled,0,2025-12,Agent
685,17838,High Claim Ratio,1,32.8,Under Review,Accident,110370,Settled,0,2024-01,Agent
686,16634,Amount Rounding,0,33.8,Under Review,Natural Disaster,126725,Settled,0,2025-02,Agent
687,13550,Amount Rounding,1,82.2,Under Review,Theft,14366,Settled,0,2025-08,Bancassurance
688,511,Repeat Claimant,1,32.8,Under Review,Health,66708,Settled,0,2025-08,Online
689,10510,High Claim Ratio,1,28.3,Flagged,Accident,94382,Pending,0,2025-09,Agent
690,5454,Repeat Claimant,1,33.3,Cleared,Natural Disaster,52714,Settled,0,2024-12,Agent
691,8828,Rapid Settlement,1,80.7,Under Review,Natural Disaster,32544,Settled,0,2025-11,Agent
692,19577,High Claim Ratio,1,32.2,Flagged,Natural Disaster,36305,Settled,0,2026-04,Agent
693,13557,Amount Rounding,0,13.4,Cleared,Theft,17819,Settled,0,2024-05,Online
694,6017,Repeat Claimant,0,22.9,Cleared,Fire,63917,Pending,0,2025-11,Agent
695,7916,High Claim Ratio,0,91.8,Confirmed,Health,65835,Settled,0,2025-09,Bancassurance
696,13931,Rapid Settlement,0,98.2,Flagged,Accident,88131,Pending,0,2024-01,Partnership
697,5780,Policy-Claim Gap,1,80.0,Under Review,Accident,56560,Settled,0,2026-05,Online
698,9366,Repeat Claimant,1,55.1,Flagged,Accident,72826,Settled,0,2024-04,Aggregator
699,16579,Repeat Claimant,1,30.5,Confirmed,Theft,110975,Settled,0,2024-11,Agent
700,4717,Repeat Claimant,0,49.7,Under Review,Natural Disaster,63442,Settled,0,2024-08,Agent
701,1556,Policy-Claim Gap,1,16.2,Confirmed,Accident,117283,Pending,0,2024-11,Online
702,12866,High Claim Ratio,1,44.4,Cleared,Accident,18038,Settled,0,2025-09,Bancassurance
703,12773,Policy-Claim Gap,0,74.4,Flagged,Natural Disaster,45312,Settled,0,2024-07,Aggregator
704,3585,Repeat Claimant,0,28.2,Flagged,Health,95803,Settled,0,2026-03,Aggregator
705,5370,Repeat Claimant,0,63.5,Flagged,Fire,190718,Settled,0,2025-10,Bancassurance
706,18162,Rapid Settlement,0,0.9,Under Review,Fire,153525,Settled,0,2025-03,Aggregator
707,18792,Rapid Settlement,0,20.6,Flagged,Natural Disaster,82882,Settled,0,2024-11,Bancassurance
708,5851,Rapid Settlement,1,40.8,Flagged,Accident,27497,Settled,0,2025-11,Agent
709,11918,High Claim Ratio,1,18.6,Confirmed,Natural Disaster,16072,Pending,0,2025-11,Agent
710,18980,Rapid Settlement,1,61.3,Cleared,Health,11751,Settled,0,2024-12,Agent
711,16986,Amount Rounding,0,23.6,Flagged,Theft,23648,Settled,0,2025-02,Bancassurance
712,16903,Amount Rounding,0,33.5,Confirmed,Fire,97112,Settled,0,2025-09,Bancassurance
713,12220,Amount Rounding,1,68.7,Flagged,Accident,50047,Settled,0,2026-05,Online
714,14150,Rapid Settlement,1,7.0,Confirmed,Health,241333,Settled,0,2024-08,Agent
715,16097,High Claim Ratio,0,7.4,Flagged,Theft,32442,Settled,0,2025-11,Online
716,11891,Rapid Settlement,1,91.0,Flagged,Natural Disaster,93762,Pending,0,2024-01,Agent
717,17184,Repeat Claimant,0,57.0,Flagged,Theft,33206,Settled,1,2025-07,Agent
718,9656,Repeat Claimant,0,74.3,Flagged,Health,17812,Pending,0,2025-01,Agent
719,8562,Repeat Claimant,0,24.3,Under Review,Natural Disaster,79044,Settled,0,2024-12,Bancassurance
720,14949,Policy-Claim Gap,0,67.6,Confirmed,Theft,115008,Rejected,1,2024-04,Agent
721,4244,Rapid Settlement,1,74.4,Cleared,Health,25992,Settled,0,2024-09,Partnership
722,3506,High Claim Ratio,0,50.4,Under Review,Fire,63919,Settled,0,2025-12,Online
723,7731,Repeat Claimant,1,62.6,Under Review,Theft,40827,Settled,0,2024-12,Aggregator
724,16479,Rapid Settlement,0,56.5,Confirmed,Health,134397,Settled,0,2025-01,Online
725,11062,High Claim Ratio,0,64.4,Under Review,Accident,6466,Rejected,0,2025-11,Online
726,11822,Policy-Claim Gap,0,72.4,Flagged,Health,122468,Settled,0,2026-03,Agent
727,10385,Policy-Claim Gap,1,0.8,Confirmed,Theft,24973,Settled,0,2024-02,Agent
728,7448,Repeat Claimant,1,52.8,Flagged,Accident,10661,Rejected,0,2024-11,Online
729,4020,Rapid Settlement,0,89.8,Flagged,Health,31847,Settled,0,2025-08,Online
730,19453,High Claim Ratio,0,99.4,Flagged,Theft,42900,Settled,0,2025-01,Aggregator
731,12377,High Claim Ratio,0,84.1,Confirmed,Accident,453002,Settled,0,2025-10,Agent
732,15920,Repeat Claimant,1,7.8,Under Review,Health,43413,Settled,1,2025-07,Agent
733,8343,Repeat Claimant,0,28.4,Flagged,Accident,56858,Settled,0,2024-01,Agent
734,8316,Repeat Claimant,1,72.1,Flagged,Accident,81345,Settled,0,2025-05,Partnership
735,10551,Policy-Claim Gap,0,8.5,Flagged,Accident,37304,Rejected,0,2025-06,Online
736,9680,Repeat Claimant,0,77.7,Flagged,Health,48895,Settled,0,2024-08,Agent
737,8796,Policy-Claim Gap,1,33.0,Flagged,Health,157390,Settled,0,2024-05,Aggregator
738,19651,Amount Rounding,1,74.9,Flagged,Accident,19946,Settled,0,2026-01,Online
739,11267,Amount Rounding,0,63.4,Under Review,Natural Disaster,139760,Settled,0,2024-06,Aggregator
740,12101,Rapid Settlement,0,55.5,Flagged,Fire,28924,Settled,0,2025-07,Online
741,14175,Repeat Claimant,1,20.5,Confirmed,Accident,16248,Settled,0,2026-05,Agent
742,9474,Amount Rounding,0,68.7,Cleared,Health,65250,Pending,0,2025-02,Online
743,2819,Repeat Claimant,0,79.5,Confirmed,Accident,202891,Pending,0,2024-12,Partnership
744,15284,Amount Rounding,1,18.6,Confirmed,Theft,21518,Settled,0,2025-11,Agent
745,19873,Repeat Claimant,1,91.2,Flagged,Accident,34800,Rejected,0,2025-08,Online
746,10767,Repeat Claimant,1,7.0,Confirmed,Accident,43332,Settled,0,2026-03,Online
747,8367,Policy-Claim Gap,1,0.2,Under Review,Health,15273,Settled,0,2024-10,Online
748,19168,Rapid Settlement,1,50.8,Flagged,Natural Disaster,100215,Settled,0,2025-01,Aggregator
749,14735,Policy-Claim Gap,1,35.4,Cleared,Accident,11205,Settled,0,2024-08,Online
750,15499,Policy-Claim Gap,1,86.0,Under Review,Accident,59749,Settled,0,2026-04,Agent
751,17981,Policy-Claim Gap,1,68.9,Under Review,Theft,59323,Settled,0,2024-09,Aggregator
752,1956,Rapid Settlement,1,87.1,Flagged,Fire,75418,Settled,0,2025-02,Partnership
753,8383,Policy-Claim Gap,0,62.3,Flagged,Accident,54105,Settled,0,2024-06,Aggregator
754,14737,Amount Rounding,1,81.0,Confirmed,Fire,18891,Settled,0,2025-11,Online
755,16017,Policy-Claim Gap,1,8.4,Under Review,Accident,16909,Settled,0,2026-04,Agent
756,18935,Repeat Claimant,0,82.7,Flagged,Theft,41557,Settled,0,2024-07,Online
757,17805,Amount Rounding,0,38.9,Under Review,Theft,57858,Settled,0,2024-07,Aggregator
758,5744,Amount Rounding,0,33.6,Confirmed,Theft,93155,Settled,0,2024-03,Online
759,7449,Policy-Claim Gap,0,37.3,Flagged,Accident,13370,Settled,0,2025-05,Partnership
760,1696,Repeat Claimant,1,52.6,Flagged,Health,41234,Settled,0,2025-03,Online
761,12780,Rapid Settlement,0,42.6,Flagged,Accident,25921,Settled,0,2024-05,Online
762,16346,Repeat Claimant,1,98.0,Under Review,Theft,167597,Pending,0,2025-10,Aggregator
763,19753,Rapid Settlement,1,51.6,Confirmed,Health,184358,Settled,0,2026-03,Aggregator
764,7597,Amount Rounding,1,24.3,Under Review,Accident,14033,Settled,0,2024-08,Agent
765,11640,High Claim Ratio,1,71.5,Confirmed,Theft,41348,Settled,0,2025-02,Agent
766,19574,Repeat Claimant,0,91.9,Flagged,Natural Disaster,20186,Pending,0,2025-11,Agent
767,14475,Amount Rounding,0,6.1,Cleared,Accident,80909,Settled,0,2024-08,Aggregator
768,806,Amount Rounding,1,80.7,Under Review,Accident,37512,Settled,0,2024-04,Partnership
769,9620,Amount Rounding,1,45.0,Confirmed,Accident,24390,Settled,0,2025-05,Aggregator
770,1477,Policy-Claim Gap,0,63.6,Cleared,Health,42671,Settled,0,2026-05,Agent
771,3319,High Claim Ratio,1,36.5,Under Review,Natural Disaster,31157,Settled,0,2025-12,Agent
772,16371,Repeat Claimant,0,27.6,Flagged,Accident,17217,Settled,0,2025-07,Partnership
773,18829,Amount Rounding,1,28.9,Flagged,Accident,34266,Settled,0,2024-01,Agent
774,8063,Policy-Claim Gap,0,29.3,Flagged,Health,105474,Settled,0,2024-05,Agent
775,19950,Rapid Settlement,0,88.3,Under Review,Accident,17517,Pending,0,2026-03,Online
776,16324,Rapid Settlement,1,48.7,Flagged,Health,112907,Pending,0,2026-04,Aggregator
777,1177,Amount Rounding,1,71.9,Confirmed,Natural Disaster,50479,Rejected,1,2025-12,Agent
778,10481,Repeat Claimant,1,98.0,Flagged,Accident,37557,Settled,0,2026-05,Aggregator
779,4788,High Claim Ratio,1,29.3,Flagged,Fire,1223930,Settled,0,2025-02,Online
780,15556,Rapid Settlement,0,0.1,Flagged,Accident,113040,Settled,0,2024-12,Bancassurance
781,17813,Rapid Settlement,0,75.1,Flagged,Fire,27288,Settled,0,2026-06,Agent
782,1402,Amount Rounding,0,39.0,Flagged,Health,82841,Settled,0,2024-07,Online
783,15510,Policy-Claim Gap,0,86.6,Confirmed,Natural Disaster,15545,Settled,0,2024-10,Agent
784,17835,Amount Rounding,0,32.1,Confirmed,Natural Disaster,75340,Settled,0,2025-05,Online
785,19783,High Claim Ratio,0,10.0,Flagged,Theft,45859,Settled,0,2026-06,Partnership
786,13009,Rapid Settlement,1,54.3,Cleared,Natural Disaster,19265,Pending,0,2025-02,Online
787,7762,Policy-Claim Gap,1,66.2,Under Review,Accident,264466,Settled,0,2026-04,Bancassurance
788,12674,Policy-Claim Gap,0,43.2,Flagged,Accident,96788,Settled,0,2026-04,Bancassurance
789,4305,Repeat Claimant,0,79.0,Under Review,Accident,120485,Settled,0,2025-09,Online
790,10254,Repeat Claimant,1,86.6,Flagged,Fire,25250,Settled,0,2025-12,Aggregator
791,7199,Repeat Claimant,0,2.5,Flagged,Health,58753,Settled,0,2024-09,Online
792,14862,Repeat Claimant,1,84.2,Under Review,Theft,66346,Settled,0,2024-11,Partnership
793,5108,Policy-Claim Gap,1,77.7,Flagged,Natural Disaster,6711,Settled,0,2024-05,Agent
794,18062,Policy-Claim Gap,0,4.9,Under Review,Fire,16615,Settled,0,2024-05,Bancassurance
795,8883,Repeat Claimant,0,90.7,Flagged,Natural Disaster,35271,Settled,0,2024-12,Agent
796,2503,High Claim Ratio,0,26.7,Flagged,Health,38491,Settled,0,2025-04,Aggregator
797,13064,Repeat Claimant,1,84.5,Under Review,Accident,22620,Settled,0,2025-08,Agent
798,12078,High Claim Ratio,1,40.0,Cleared,Theft,173493,Settled,0,2025-02,Aggregator
799,5086,Rapid Settlement,0,88.8,Confirmed,Theft,25587,Settled,0,2024-10,Agent
800,18397,Rapid Settlement,1,67.1,Confirmed,Health,73730,Settled,0,2024-06,Online
801,12919,High Claim Ratio,1,57.6,Flagged,Health,142759,Settled,1,2026-02,Agent
802,582,Policy-Claim Gap,1,41.6,Cleared,Theft,15944,Settled,0,2025-03,Online
803,7020,Amount Rounding,1,13.9,Under Review,Health,97576,Settled,0,2026-05,Partnership
804,19457,Amount Rounding,0,70.1,Confirmed,Accident,28911,Settled,0,2025-08,Online
805,3413,Policy-Claim Gap,0,48.7,Flagged,Health,27685,Settled,1,2025-01,Online
806,570,Amount Rounding,0,54.2,Confirmed,Accident,36745,Pending,0,2024-06,Agent
807,752,Repeat Claimant,0,53.3,Flagged,Accident,122226,Settled,0,2026-04,Online
808,7977,Amount Rounding,0,80.0,Under Review,Natural Disaster,161645,Settled,0,2025-03,Agent
809,17307,Policy-Claim Gap,1,8.8,Confirmed,Health,40065,Pending,0,2025-10,Partnership
810,14227,Repeat Claimant,1,80.3,Cleared,Accident,142627,Settled,0,2026-02,Agent
811,13219,Repeat Claimant,1,7.1,Flagged,Accident,32755,Pending,0,2025-11,Aggregator
812,3207,Amount Rounding,1,33.0,Under Review,Fire,40305,Settled,0,2025-10,Aggregator
813,2461,Amount Rounding,0,99.0,Confirmed,Health,42996,Settled,1,2024-01,Aggregator
814,7041,Rapid Settlement,1,83.1,Confirmed,Accident,84573,Settled,0,2024-07,Partnership
815,1773,High Claim Ratio,1,58.8,Under Review,Health,147502,Settled,0,2025-05,Aggregator
816,8509,Rapid Settlement,1,24.5,Under Review,Health,47216,Settled,0,2025-02,Online
817,8976,Policy-Claim Gap,0,67.6,Confirmed,Accident,46510,Settled,0,2024-05,Partnership
818,19146,Amount Rounding,1,85.8,Flagged,Accident,204579,Settled,0,2024-11,Agent
819,3868,Repeat Claimant,1,71.5,Under Review,Health,105305,Settled,0,2025-07,Agent
820,11115,Amount Rounding,1,75.7,Cleared,Accident,9280,Settled,0,2024-09,Online
821,5185,Policy-Claim Gap,1,20.3,Under Review,Health,63190,Settled,0,2026-01,Agent
822,5583,Amount Rounding,0,49.3,Flagged,Theft,54956,Settled,0,2025-05,Aggregator
823,18578,Policy-Claim Gap,1,28.6,Confirmed,Accident,136937,Settled,0,2024-03,Aggregator
824,7468,High Claim Ratio,1,31.1,Under Review,Theft,42421,Settled,0,2026-05,Agent
825,15101,High Claim Ratio,0,94.6,Flagged,Accident,80949,Settled,0,2024-07,Bancassurance
826,2600,Amount Rounding,1,62.0,Flagged,Accident,240868,Rejected,0,2024-11,Online
827,4372,Policy-Claim Gap,0,20.7,Flagged,Accident,9991,Settled,1,2024-10,Bancassurance
828,11,Rapid Settlement,0,27.6,Under Review,Natural Disaster,85257,Settled,0,2024-05,Aggregator
829,6322,Rapid Settlement,0,83.9,Under Review,Health,84255,Settled,0,2026-04,Agent
830,8690,Rapid Settlement,0,8.4,Flagged,Health,35566,Settled,0,2025-07,Agent
831,165,High Claim Ratio,1,98.4,Flagged,Health,60486,Pending,0,2024-07,Online
832,15545,Amount Rounding,1,65.1,Flagged,Natural Disaster,42707,Pending,0,2024-11,Agent
833,15390,Policy-Claim Gap,0,35.4,Under Review,Natural Disaster,69077,Rejected,0,2024-12,Online
834,11865,Rapid Settlement,1,84.1,Confirmed,Natural Disaster,129762,Settled,0,2025-01,Agent
835,11664,High Claim Ratio,1,92.3,Flagged,Natural Disaster,27455,Settled,0,2025-10,Aggregator
836,14090,Policy-Claim Gap,1,57.3,Under Review,Accident,307427,Settled,0,2025-01,Aggregator
837,11001,Rapid Settlement,1,88.3,Under Review,Theft,47930,Pending,0,2024-01,Agent
838,15625,High Claim Ratio,0,65.1,Flagged,Natural Disaster,9468,Settled,0,2025-10,Agent
839,11752,High Claim Ratio,1,38.7,Flagged,Theft,21459,Settled,0,2025-08,Online
840,8771,Repeat Claimant,0,94.8,Under Review,Fire,54808,Settled,0,2025-09,Agent
841,17743,Rapid Settlement,1,23.9,Under Review,Accident,19397,Rejected,0,2025-02,Aggregator
842,13284,Amount Rounding,0,98.6,Confirmed,Natural Disaster,14802,Settled,0,2024-10,Agent
843,1587,Policy-Claim Gap,1,41.3,Under Review,Health,44052,Settled,0,2025-06,Agent
844,5109,High Claim Ratio,1,94.2,Under Review,Health,67852,Settled,0,2026-02,Bancassurance
845,1911,Rapid Settlement,1,25.1,Flagged,Theft,112189,Settled,0,2026-04,Agent
846,12276,Amount Rounding,1,50.0,Under Review,Health,7159,Rejected,0,2025-11,Agent
847,17455,High Claim Ratio,0,92.1,Flagged,Accident,155247,Settled,0,2024-10,Agent
848,3770,High Claim Ratio,1,58.3,Confirmed,Accident,53075,Settled,0,2024-09,Online
849,6828,High Claim Ratio,1,84.5,Under Review,Natural Disaster,11714,Settled,0,2024-10,Online
850,294,Rapid Settlement,0,37.7,Flagged,Natural Disaster,37816,Rejected,1,2024-11,Partnership
851,15619,Policy-Claim Gap,1,40.4,Flagged,Accident,21561,Settled,0,2026-03,Partnership
852,9942,Policy-Claim Gap,1,68.3,Under Review,Accident,28309,Settled,0,2025-06,Partnership
853,18938,Policy-Claim Gap,0,15.2,Under Review,Accident,187293,Rejected,0,2024-09,Agent
854,1547,Rapid Settlement,1,6.2,Flagged,Fire,17874,Settled,0,2024-08,Online
855,10970,Rapid Settlement,1,2.4,Flagged,Accident,48988,Settled,0,2024-01,Aggregator
856,2692,High Claim Ratio,0,39.0,Flagged,Theft,79519,Settled,0,2024-08,Agent
857,515,High Claim Ratio,0,75.0,Under Review,Natural Disaster,394083,Settled,0,2025-11,Aggregator
858,14811,Policy-Claim Gap,0,48.6,Flagged,Natural Disaster,25241,Pending,0,2025-09,Partnership
859,6768,High Claim Ratio,0,77.0,Confirmed,Theft,9606,Settled,0,2024-07,Online
860,5937,Repeat Claimant,0,6.4,Under Review,Accident,6777,Settled,0,2025-01,Agent
861,12147,Amount Rounding,0,7.7,Flagged,Accident,193569,Settled,0,2025-05,Bancassurance
862,19126,High Claim Ratio,0,20.3,Flagged,Fire,7391,Settled,0,2024-06,Bancassurance
863,17164,High Claim Ratio,1,71.4,Under Review,Accident,159704,Pending,0,2025-01,Online
864,12684,Amount Rounding,0,1.4,Under Review,Natural Disaster,507740,Settled,0,2025-02,Online
865,1224,High Claim Ratio,1,80.7,Flagged,Accident,37442,Settled,0,2024-11,Partnership
866,11347,Amount Rounding,0,49.1,Flagged,Fire,144033,Settled,0,2024-05,Aggregator
867,16155,Repeat Claimant,0,23.5,Under Review,Accident,77671,Pending,0,2025-07,Aggregator
868,5544,Amount Rounding,1,10.5,Flagged,Natural Disaster,98588,Pending,0,2026-05,Agent
869,9309,High Claim Ratio,1,83.1,Flagged,Theft,90579,Settled,1,2025-09,Agent
870,4216,High Claim Ratio,0,76.0,Flagged,Theft,62507,Settled,0,2025-04,Bancassurance
871,1349,Amount Rounding,1,3.2,Confirmed,Theft,87439,Settled,0,2025-11,Bancassurance
872,7745,Rapid Settlement,0,54.9,Confirmed,Accident,32217,Settled,0,2026-04,Aggregator
873,15685,Policy-Claim Gap,1,30.8,Cleared,Accident,29929,Pending,0,2026-02,Agent
874,18711,Rapid Settlement,1,18.4,Cleared,Natural Disaster,72956,Settled,0,2024-06,Partnership
875,12507,Policy-Claim Gap,0,56.5,Confirmed,Health,121558,Pending,0,2024-06,Agent
876,9093,Rapid Settlement,0,50.6,Under Review,Accident,30645,Settled,0,2025-09,Aggregator
877,18800,Policy-Claim Gap,1,13.8,Flagged,Health,66918,Settled,0,2024-07,Online
878,17803,Rapid Settlement,0,22.2,Flagged,Fire,40006,Settled,1,2025-08,Partnership
879,10226,High Claim Ratio,0,52.9,Flagged,Natural Disaster,96172,Rejected,0,2025-12,Agent
880,1819,Policy-Claim Gap,1,29.3,Flagged,Accident,22616,Settled,0,2025-02,Bancassurance
881,1584,High Claim Ratio,0,64.4,Flagged,Theft,162435,Settled,0,2024-10,Bancassurance
882,15117,Amount Rounding,1,71.0,Flagged,Accident,30868,Settled,0,2025-01,Online
883,11933,Repeat Claimant,0,10.6,Flagged,Fire,42799,Pending,0,2025-07,Aggregator
884,16065,Rapid Settlement,1,62.7,Flagged,Natural Disaster,36615,Settled,0,2024-06,Partnership
885,7588,Policy-Claim Gap,0,60.7,Under Review,Health,57170,Rejected,0,2024-05,Online
886,17121,Rapid Settlement,1,10.0,Flagged,Natural Disaster,113043,Settled,0,2025-12,Aggregator
887,1525,Repeat Claimant,0,49.9,Flagged,Fire,174053,Pending,0,2025-12,Aggregator
888,1484,High Claim Ratio,1,75.3,Confirmed,Health,27139,Settled,0,2025-09,Agent
889,9094,Repeat Claimant,0,91.7,Flagged,Accident,124182,Settled,0,2025-12,Partnership
890,8709,Amount Rounding,1,27.4,Cleared,Natural Disaster,62819,Settled,0,2024-07,Partnership
891,342,High Claim Ratio,1,26.9,Confirmed,Theft,150235,Settled,0,2024-07,Online
892,13429,High Claim Ratio,1,26.4,Under Review,Accident,91855,Settled,0,2024-06,Online
893,19404,High Claim Ratio,0,45.7,Under Review,Accident,19473,Settled,0,2026-01,Bancassurance
894,4710,Amount Rounding,1,85.9,Under Review,Natural Disaster,120704,Pending,0,2026-02,Online
895,16991,Repeat Claimant,0,3.7,Flagged,Health,25796,Rejected,0,2025-03,Agent
896,4942,Repeat Claimant,0,73.0,Flagged,Accident,20162,Settled,0,2026-03,Agent
897,17826,Rapid Settlement,1,35.6,Flagged,Health,7987,Pending,1,2025-08,Agent
898,9921,Amount Rounding,1,48.0,Flagged,Natural Disaster,49922,Pending,1,2026-05,Aggregator
899,15629,Policy-Claim Gap,1,63.1,Under Review,Theft,50800,Settled,0,2024-12,Agent
900,8091,Amount Rounding,0,33.5,Cleared,Theft,76160,Settled,0,2026-03,Agent
901,1940,Amount Rounding,1,35.3,Confirmed,Theft,71133,Settled,0,2025-05,Online
902,17339,Repeat Claimant,1,57.1,Flagged,Health,65909,Settled,0,2024-06,Online
903,8359,High Claim Ratio,1,52.5,Confirmed,Natural Disaster,57780,Settled,0,2025-11,Aggregator
904,16432,Repeat Claimant,0,66.7,Under Review,Theft,20513,Settled,0,2024-04,Online
905,7145,Amount Rounding,1,63.7,Under Review,Accident,13923,Settled,0,2026-01,Online
906,6186,Repeat Claimant,1,6.6,Under Review,Natural Disaster,42230,Settled,1,2024-05,Online
907,16264,Repeat Claimant,0,48.4,Confirmed,Natural Disaster,97968,Settled,0,2025-12,Bancassurance
908,647,Amount Rounding,0,18.8,Under Review,Accident,62826,Settled,0,2025-04,Bancassurance
909,18691,Repeat Claimant,0,27.0,Flagged,Accident,60827,Settled,0,2025-03,Agent
910,7175,Amount Rounding,0,58.5,Under Review,Natural Disaster,10039,Settled,0,2024-03,Online
911,2274,Amount Rounding,0,91.2,Flagged,Theft,12693,Settled,0,2026-05,Partnership
912,5840,Repeat Claimant,0,11.6,Under Review,Accident,38307,Settled,0,2024-02,Agent
913,14902,Rapid Settlement,0,65.9,Under Review,Accident,45009,Settled,0,2024-07,Agent
914,10887,Repeat Claimant,1,100.0,Under Review,Natural Disaster,133199,Settled,0,2024-06,Agent
915,2259,High Claim Ratio,1,32.0,Under Review,Health,90484,Settled,0,2025-11,Aggregator
916,16247,Amount Rounding,0,1.8,Under Review,Fire,13288,Rejected,1,2025-08,Bancassurance
917,15262,Rapid Settlement,0,79.7,Flagged,Health,6149,Settled,0,2024-11,Online
918,10555,Policy-Claim Gap,1,69.6,Flagged,Accident,38961,Rejected,0,2025-01,Agent
919,19896,Amount Rounding,0,64.9,Flagged,Accident,14506,Settled,0,2024-02,Aggregator
920,18067,High Claim Ratio,0,19.3,Flagged,Accident,10736,Settled,0,2026-04,Online
921,14355,Policy-Claim Gap,1,39.1,Flagged,Health,51943,Pending,0,2026-04,Online
922,14782,Policy-Claim Gap,0,20.6,Under Review,Fire,56718,Settled,0,2026-06,Aggregator
923,1636,Policy-Claim Gap,1,70.5,Confirmed,Accident,37614,Pending,0,2025-03,Aggregator
924,14359,High Claim Ratio,1,26.9,Cleared,Fire,23873,Settled,0,2025-04,Agent
925,6067,High Claim Ratio,1,13.1,Under Review,Accident,44819,Settled,0,2024-04,Online
926,7878,Policy-Claim Gap,1,1.5,Under Review,Health,45626,Settled,0,2026-04,Aggregator
927,19254,Policy-Claim Gap,1,92.0,Confirmed,Accident,94781,Rejected,0,2025-08,Bancassurance
928,13227,Repeat Claimant,0,69.4,Flagged,Health,246988,Settled,0,2025-03,Online
929,9613,Amount Rounding,1,38.0,Flagged,Health,94660,Settled,0,2024-11,Agent
930,19789,Rapid Settlement,0,90.0,Under Review,Health,28179,Pending,0,2025-07,Online
931,7795,Amount Rounding,0,96.7,Flagged,Accident,11455,Settled,0,2026-02,Bancassurance
932,15763,Rapid Settlement,1,78.8,Flagged,Theft,51666,Settled,0,2025-04,Aggregator
933,16514,High Claim Ratio,1,74.9,Under Review,Natural Disaster,275348,Settled,0,2024-10,Agent
934,98,Repeat Claimant,1,22.1,Under Review,Fire,65094,Settled,0,2024-10,Online
935,9639,Rapid Settlement,1,11.1,Under Review,Fire,117627,Settled,0,2025-08,Aggregator
936,16596,Amount Rounding,1,15.7,Confirmed,Health,10544,Settled,0,2024-06,Bancassurance
937,9692,Policy-Claim Gap,0,96.1,Under Review,Fire,76767,Settled,0,2026-06,Bancassurance
938,17913,Amount Rounding,0,29.6,Flagged,Accident,75531,Settled,0,2025-12,Agent
939,3454,Amount Rounding,0,25.3,Cleared,Health,38476,Settled,0,2025-05,Aggregator
940,1462,Repeat Claimant,1,57.6,Under Review,Natural Disaster,36320,Settled,0,2026-04,Agent
941,16761,Rapid Settlement,0,29.1,Confirmed,Theft,52034,Settled,0,2025-09,Partnership
942,13766,High Claim Ratio,0,51.7,Flagged,Natural Disaster,24588,Settled,0,2025-02,Aggregator
943,4361,Repeat Claimant,0,72.2,Under Review,Health,254908,Rejected,0,2026-02,Bancassurance
944,15483,Rapid Settlement,1,12.4,Confirmed,Health,52229,Settled,0,2025-05,Online
945,9690,High Claim Ratio,0,69.0,Flagged,Health,192451,Settled,0,2024-08,Online
946,10927,Amount Rounding,0,55.2,Under Review,Accident,7960,Pending,0,2026-04,Agent
947,8097,Amount Rounding,1,26.3,Under Review,Health,33162,Settled,0,2026-01,Partnership
948,8931,Rapid Settlement,0,61.2,Under Review,Accident,19553,Settled,0,2024-01,Aggregator
949,9323,Repeat Claimant,0,92.2,Flagged,Natural Disaster,19382,Settled,0,2024-12,Agent
950,1028,Repeat Claimant,0,30.2,Confirmed,Theft,246058,Settled,0,2025-11,Bancassurance
951,1462,High Claim Ratio,0,62.4,Confirmed,Natural Disaster,36320,Settled,0,2026-04,Agent
952,6475,Amount Rounding,0,23.6,Under Review,Fire,19629,Rejected,0,2025-08,Aggregator
953,15210,High Claim Ratio,0,52.0,Confirmed,Theft,39754,Pending,0,2024-01,Partnership
954,9064,Rapid Settlement,0,65.7,Under Review,Theft,45467,Settled,0,2024-08,Agent
955,4240,Rapid Settlement,0,82.6,Flagged,Theft,41028,Settled,0,2026-02,Aggregator
956,12077,High Claim Ratio,0,65.8,Flagged,Fire,149975,Settled,0,2024-11,Online
957,19593,Amount Rounding,1,97.9,Flagged,Theft,107250,Settled,0,2024-10,Agent
958,9759,Repeat Claimant,1,65.2,Under Review,Theft,22543,Settled,0,2025-01,Partnership
959,4274,High Claim Ratio,1,30.0,Under Review,Theft,16323,Pending,0,2025-05,Agent
960,8090,Amount Rounding,1,87.6,Under Review,Theft,97575,Settled,1,2026-03,Partnership
961,12682,Policy-Claim Gap,1,11.9,Under Review,Natural Disaster,122060,Settled,0,2025-06,Agent
962,1064,Rapid Settlement,1,51.0,Flagged,Accident,15575,Settled,0,2026-05,Online
963,14530,Amount Rounding,1,45.6,Flagged,Accident,26220,Settled,0,2024-09,Bancassurance
964,396,Repeat Claimant,1,55.8,Flagged,Natural Disaster,81121,Settled,0,2024-11,Online
965,11208,Repeat Claimant,0,75.2,Confirmed,Accident,62400,Rejected,0,2025-11,Online
966,7303,Amount Rounding,0,24.4,Under Review,Accident,23895,Pending,0,2026-06,Agent
967,19516,Rapid Settlement,0,49.0,Confirmed,Natural Disaster,31653,Settled,0,2024-10,Online
968,268,Repeat Claimant,1,58.6,Flagged,Health,48947,Rejected,0,2025-05,Partnership
969,15426,Repeat Claimant,0,48.3,Under Review,Theft,16535,Rejected,0,2024-05,Agent
970,13285,Policy-Claim Gap,1,47.0,Flagged,Natural Disaster,21133,Settled,0,2026-05,Online
971,17603,Repeat Claimant,1,38.5,Flagged,Health,67549,Settled,0,2024-01,Online
972,3972,Amount Rounding,0,61.0,Under Review,Accident,51591,Settled,0,2024-01,Agent
973,15807,Repeat Claimant,0,48.4,Flagged,Accident,125927,Settled,0,2024-12,Online
974,10063,Repeat Claimant,0,45.1,Flagged,Health,44181,Pending,0,2025-11,Online
975,18782,High Claim Ratio,1,79.2,Under Review,Health,62697,Settled,0,2025-08,Bancassurance
976,18329,Amount Rounding,1,87.9,Under Review,Accident,26961,Settled,0,2024-06,Partnership
977,14191,High Claim Ratio,1,43.3,Under Review,Health,63097,Settled,0,2026-03,Online
978,7565,Policy-Claim Gap,1,71.6,Flagged,Fire,28772,Settled,0,2025-11,Aggregator
979,6725,Repeat Claimant,1,89.3,Confirmed,Health,18919,Settled,0,2024-03,Bancassurance
980,4593,Repeat Claimant,1,1.7,Flagged,Accident,34983,Settled,0,2025-05,Agent
981,6081,High Claim Ratio,1,3.5,Flagged,Natural Disaster,206495,Settled,0,2026-06,Aggregator
982,17329,High Claim Ratio,1,46.3,Confirmed,Health,3714,Settled,0,2026-04,Partnership
983,3120,Repeat Claimant,0,63.9,Flagged,Natural Disaster,75419,Settled,0,2026-03,Partnership
984,3703,Repeat Claimant,0,8.4,Flagged,Fire,203825,Settled,1,2025-12,Online
985,12269,High Claim Ratio,1,8.8,Under Review,Health,10901,Pending,1,2025-04,Agent
986,9036,High Claim Ratio,0,31.0,Flagged,Accident,42857,Settled,0,2024-09,Partnership
987,8756,High Claim Ratio,1,39.3,Flagged,Fire,117140,Settled,0,2025-01,Bancassurance
988,5630,High Claim Ratio,0,38.1,Flagged,Theft,29651,Pending,0,2024-10,Agent
989,16908,Rapid Settlement,1,61.6,Flagged,Accident,80838,Settled,1,2024-02,Partnership
990,5526,Amount Rounding,1,68.0,Flagged,Health,199540,Settled,0,2026-06,Online
991,11451,High Claim Ratio,1,93.5,Under Review,Fire,139277,Settled,0,2026-01,Agent
992,18456,Policy-Claim Gap,0,36.9,Under Review,Natural Disaster,17929,Settled,0,2025-06,Partnership
993,17175,Amount Rounding,1,5.7,Under Review,Fire,52915,Settled,0,2025-04,Aggregator
994,14876,High Claim Ratio,1,4.4,Confirmed,Health,60752,Settled,0,2024-05,Partnership
995,4274,Policy-Claim Gap,1,67.1,Cleared,Theft,16323,Pending,0,2025-05,Agent
996,846,High Claim Ratio,0,97.5,Under Review,Accident,21819,Settled,0,2025-09,Agent
997,9986,High Claim Ratio,0,31.4,Flagged,Natural Disaster,52088,Settled,0,2025-08,Online
998,18578,High Claim Ratio,0,6.8,Under Review,Accident,136937,Settled,0,2024-03,Aggregator
999,14616,Policy-Claim Gap,0,67.1,Flagged,Health,16836,Settled,0,2026-05,Online
1000,2057,High Claim Ratio,1,0.5,Under Review,Health,24040,Settled,0,2024-06,Agent
1001,11032,Rapid Settlement,1,45.7,Cleared,Accident,16926,Settled,0,2025-01,Aggregator
1002,13844,Rapid Settlement,0,56.5,Cleared,Health,42209,Settled,0,2024-12,Aggregator
1003,15181,Repeat Claimant,1,45.0,Flagged,Accident,6976,Settled,0,2025-01,Agent
1004,2851,Amount Rounding,1,76.0,Under Review,Natural Disaster,134255,Settled,0,2026-01,Aggregator
1005,18409,Repeat Claimant,0,92.4,Confirmed,Accident,64713,Settled,0,2026-01,Agent
1006,3885,Repeat Claimant,1,53.4,Cleared,Accident,63581,Rejected,0,2025-08,Agent
1007,16989,Policy-Claim Gap,0,78.6,Under Review,Natural Disaster,70936,Settled,0,2024-01,Agent
1008,3480,Amount Rounding,0,2.0,Under Review,Natural Disaster,43141,Settled,0,2026-02,Online
1009,576,High Claim Ratio,0,22.9,Flagged,Accident,68664,Pending,0,2024-10,Bancassurance
1010,3006,Rapid Settlement,0,96.4,Flagged,Fire,99534,Settled,0,2025-09,Online
1011,4930,Repeat Claimant,1,19.9,Flagged,Fire,119262,Settled,0,2024-09,Aggregator
1012,4767,Rapid Settlement,0,56.4,Under Review,Accident,30244,Settled,0,2026-05,Bancassurance
1013,14725,Repeat Claimant,1,56.3,Confirmed,Natural Disaster,18411,Settled,0,2024-02,Online
1014,4123,Repeat Claimant,1,73.5,Flagged,Theft,152781,Settled,0,2026-06,Online
1015,17094,Amount Rounding,0,54.1,Under Review,Health,87642,Settled,0,2025-11,Agent
1016,9880,Policy-Claim Gap,0,31.1,Under Review,Natural Disaster,79810,Pending,0,2025-09,Online
1017,19449,Policy-Claim Gap,0,3.4,Confirmed,Accident,51016,Settled,0,2024-04,Agent
1018,770,High Claim Ratio,1,62.6,Confirmed,Theft,90111,Settled,0,2026-03,Bancassurance
1019,7940,High Claim Ratio,0,57.4,Flagged,Health,36830,Settled,0,2024-12,Online
1020,19556,Rapid Settlement,1,43.3,Cleared,Health,46163,Settled,0,2024-06,Agent
1021,15955,Repeat Claimant,0,64.1,Confirmed,Accident,58892,Settled,0,2024-07,Aggregator
1022,18163,High Claim Ratio,0,11.7,Cleared,Accident,41561,Settled,0,2024-06,Agent
1023,4482,Policy-Claim Gap,1,25.3,Flagged,Health,66333,Settled,0,2024-08,Online
1024,239,Policy-Claim Gap,1,76.5,Flagged,Accident,46121,Rejected,0,2024-05,Bancassurance
1025,19113,Policy-Claim Gap,1,15.9,Cleared,Accident,84868,Settled,0,2025-08,Agent
1026,14026,Policy-Claim Gap,0,85.4,Under Review,Theft,64195,Rejected,0,2024-06,Online
1027,423,High Claim Ratio,1,37.7,Under Review,Health,116307,Settled,0,2026-03,Bancassurance
1028,207,Repeat Claimant,1,98.7,Confirmed,Accident,298208,Settled,0,2024-12,Aggregator
1029,4646,Rapid Settlement,1,42.1,Flagged,Theft,5649,Settled,0,2025-04,Agent
1030,8818,Repeat Claimant,0,18.5,Flagged,Fire,74991,Pending,0,2025-03,Aggregator
1031,10386,Rapid Settlement,1,55.2,Cleared,Theft,98255,Settled,0,2025-09,Online
1032,3313,Rapid Settlement,1,5.8,Cleared,Accident,61680,Settled,0,2025-12,Aggregator
1033,6142,High Claim Ratio,1,52.3,Confirmed,Accident,14444,Rejected,0,2024-04,Online
1034,1563,Rapid Settlement,0,57.4,Flagged,Accident,35385,Pending,0,2024-08,Agent
1035,9805,Repeat Claimant,0,88.4,Flagged,Accident,31582,Settled,0,2025-05,Bancassurance
1036,17902,High Claim Ratio,1,24.4,Under Review,Accident,6628,Settled,0,2026-05,Online
1037,8359,Repeat Claimant,0,46.0,Flagged,Natural Disaster,57780,Settled,0,2025-11,Aggregator
1038,16828,Rapid Settlement,1,55.1,Under Review,Accident,17025,Settled,0,2024-08,Online
1039,3254,Policy-Claim Gap,1,30.8,Under Review,Fire,43012,Settled,0,2026-02,Agent
1040,3545,Rapid Settlement,1,23.7,Flagged,Theft,144989,Settled,0,2025-02,Aggregator
1041,15660,Policy-Claim Gap,1,3.6,Confirmed,Fire,128409,Settled,0,2025-11,Online
1042,18180,Amount Rounding,1,71.6,Under Review,Health,36655,Settled,0,2025-05,Online
1043,8748,Policy-Claim Gap,1,53.0,Flagged,Health,203564,Settled,0,2026-05,Bancassurance
1044,7998,Repeat Claimant,1,61.9,Flagged,Theft,230847,Settled,0,2026-03,Aggregator
1045,7562,Amount Rounding,1,17.6,Flagged,Accident,24778,Settled,0,2026-05,Online
1046,2404,Repeat Claimant,1,20.6,Flagged,Accident,20609,Settled,0,2026-04,Agent
1047,18711,Rapid Settlement,0,75.7,Flagged,Natural Disaster,72956,Settled,0,2024-06,Partnership
1048,6424,Repeat Claimant,1,76.7,Confirmed,Accident,14957,Settled,0,2024-02,Partnership
1049,353,Repeat Claimant,1,92.7,Cleared,Theft,9344,Settled,0,2025-09,Agent
1050,15021,High Claim Ratio,0,34.4,Flagged,Accident,4510,Settled,0,2026-05,Bancassurance
1051,2994,High Claim Ratio,0,61.3,Under Review,Natural Disaster,28943,Settled,0,2024-09,Online
1052,6656,Rapid Settlement,1,34.0,Under Review,Accident,7355,Settled,0,2025-01,Bancassurance
1053,13083,Amount Rounding,0,55.0,Flagged,Natural Disaster,13569,Rejected,0,2026-01,Agent
1054,863,Rapid Settlement,1,68.8,Confirmed,Health,263494,Settled,0,2025-01,Aggregator
1055,11705,Amount Rounding,1,91.5,Under Review,Health,21885,Settled,0,2024-07,Aggregator
1056,14900,Repeat Claimant,0,85.6,Confirmed,Health,103452,Settled,0,2026-03,Online
1057,19424,Policy-Claim Gap,0,67.2,Flagged,Health,32422,Settled,0,2026-01,Online
1058,14450,High Claim Ratio,0,1.9,Under Review,Accident,67848,Settled,0,2025-10,Online
1059,14120,High Claim Ratio,1,7.2,Under Review,Health,53233,Settled,0,2024-03,Aggregator
1060,5283,High Claim Ratio,1,4.3,Cleared,Fire,16074,Pending,0,2024-05,Bancassurance
1061,6818,High Claim Ratio,1,85.0,Under Review,Accident,220747,Settled,0,2024-12,Agent
1062,5704,Repeat Claimant,0,9.6,Flagged,Theft,17461,Settled,0,2024-11,Agent
1063,3975,Repeat Claimant,0,98.9,Confirmed,Accident,194156,Settled,0,2024-05,Aggregator
1064,14244,Repeat Claimant,1,31.1,Under Review,Fire,94475,Settled,0,2024-04,Bancassurance
1065,2894,Amount Rounding,0,86.6,Cleared,Accident,4610,Settled,0,2025-07,Aggregator
1066,1705,Rapid Settlement,0,60.4,Confirmed,Accident,6807,Settled,0,2026-02,Online
1067,7026,Rapid Settlement,0,86.7,Under Review,Accident,12288,Settled,0,2024-04,Agent
1068,2599,Repeat Claimant,1,45.6,Confirmed,Accident,18637,Settled,0,2024-08,Bancassurance
1069,2333,Policy-Claim Gap,0,98.3,Confirmed,Accident,23809,Pending,0,2025-10,Online
1070,17148,High Claim Ratio,0,44.3,Flagged,Theft,44714,Rejected,0,2024-01,Online
1071,3513,Rapid Settlement,0,15.6,Flagged,Fire,19629,Pending,0,2025-01,Agent
1072,1691,Policy-Claim Gap,0,66.4,Cleared,Natural Disaster,87863,Rejected,0,2025-07,Online
1073,9158,Repeat Claimant,1,8.3,Confirmed,Theft,27590,Pending,0,2024-05,Bancassurance
1074,17576,High Claim Ratio,0,40.6,Under Review,Accident,30795,Settled,0,2026-04,Bancassurance
1075,11099,Repeat Claimant,0,93.8,Under Review,Accident,34532,Settled,0,2025-10,Aggregator
1076,9005,Rapid Settlement,1,47.6,Under Review,Health,122586,Settled,0,2025-08,Bancassurance
1077,14740,Amount Rounding,0,46.9,Flagged,Theft,11493,Settled,0,2024-12,Online
1078,8247,Rapid Settlement,0,72.4,Flagged,Natural Disaster,18763,Pending,0,2026-02,Agent
1079,6717,Amount Rounding,0,85.8,Flagged,Accident,47236,Settled,0,2024-12,Online
1080,3437,High Claim Ratio,1,28.1,Flagged,Theft,55889,Settled,0,2025-04,Aggregator
1081,329,Rapid Settlement,1,63.3,Confirmed,Theft,119576,Settled,0,2025-01,Bancassurance
1082,4572,Amount Rounding,0,7.7,Under Review,Health,105101,Settled,0,2025-12,Agent
1083,7671,Amount Rounding,0,38.4,Confirmed,Fire,76570,Settled,0,2024-08,Partnership
1084,1832,Repeat Claimant,1,42.9,Flagged,Accident,107512,Settled,0,2025-08,Online
1085,1519,Rapid Settlement,0,2.1,Under Review,Health,80444,Settled,0,2026-01,Online
1086,15394,Amount Rounding,0,81.4,Flagged,Accident,4849,Settled,0,2025-03,Aggregator
1087,12179,Rapid Settlement,1,96.2,Flagged,Natural Disaster,59480,Settled,0,2024-04,Agent
1088,1410,Repeat Claimant,1,54.2,Under Review,Accident,53041,Settled,0,2025-03,Online
1089,13123,Repeat Claimant,0,82.0,Confirmed,Health,48838,Settled,0,2024-01,Agent
1090,18252,Rapid Settlement,1,36.5,Flagged,Health,10846,Settled,0,2024-11,Partnership
1091,19004,Policy-Claim Gap,1,31.9,Flagged,Accident,6296,Settled,0,2025-08,Agent
1092,1804,Rapid Settlement,1,53.5,Cleared,Accident,11844,Settled,0,2024-10,Bancassurance
1093,5771,Rapid Settlement,1,80.9,Under Review,Accident,40204,Settled,0,2025-10,Online
1094,17101,Repeat Claimant,1,41.4,Under Review,Theft,136647,Settled,1,2024-11,Agent
1095,7046,High Claim Ratio,1,44.1,Confirmed,Accident,9544,Settled,0,2025-08,Online
1096,350,High Claim Ratio,1,6.4,Flagged,Accident,11491,Settled,0,2024-04,Agent
1097,5621,Rapid Settlement,1,38.4,Under Review,Health,33430,Settled,1,2025-10,Bancassurance
1098,12811,Amount Rounding,0,0.7,Under Review,Accident,348045,Settled,0,2026-04,Bancassurance
1099,3913,Rapid Settlement,1,77.3,Flagged,Natural Disaster,368950,Settled,0,2024-01,Online
1100,7963,Rapid Settlement,0,96.9,Flagged,Health,77408,Pending,0,2024-02,Aggregator
1101,10011,Repeat Claimant,0,15.2,Flagged,Fire,52623,Settled,0,2024-11,Bancassurance
1102,14676,Rapid Settlement,1,72.8,Flagged,Health,336792,Pending,0,2025-04,Online
1103,6661,Rapid Settlement,0,41.7,Under Review,Natural Disaster,171215,Settled,0,2025-08,Online
1104,2410,Amount Rounding,1,78.1,Under Review,Accident,16546,Settled,0,2025-01,Partnership
1105,9444,High Claim Ratio,1,93.5,Cleared,Theft,33137,Settled,0,2025-06,Agent
1106,4653,Rapid Settlement,1,12.8,Cleared,Health,23528,Pending,0,2025-07,Partnership
1107,12909,Policy-Claim Gap,1,29.8,Under Review,Natural Disaster,76806,Pending,0,2025-02,Online
1108,6203,Repeat Claimant,1,30.7,Flagged,Fire,136385,Rejected,0,2024-02,Bancassurance
1109,7805,Repeat Claimant,0,10.2,Flagged,Accident,114522,Settled,0,2024-12,Partnership
1110,18235,Repeat Claimant,1,66.4,Under Review,Accident,168690,Settled,0,2024-01,Aggregator
1111,3831,Amount Rounding,1,96.7,Under Review,Accident,162569,Settled,0,2026-05,Agent
1112,10546,Policy-Claim Gap,1,8.1,Confirmed,Accident,23132,Settled,0,2025-12,Aggregator
1113,582,High Claim Ratio,1,65.4,Confirmed,Theft,15944,Settled,0,2025-03,Online
1114,3739,Policy-Claim Gap,1,47.2,Under Review,Accident,82671,Settled,0,2024-03,Online
1115,7384,Policy-Claim Gap,1,60.5,Flagged,Accident,18409,Settled,0,2026-02,Aggregator
1116,3348,Policy-Claim Gap,1,82.5,Flagged,Theft,331385,Settled,0,2024-04,Partnership
1117,8645,Repeat Claimant,0,26.7,Cleared,Theft,95432,Rejected,0,2024-11,Agent
1118,3203,High Claim Ratio,0,7.6,Confirmed,Accident,248029,Settled,0,2025-12,Online
1119,14417,Rapid Settlement,1,48.4,Flagged,Health,30104,Settled,0,2025-06,Partnership
1120,6318,High Claim Ratio,1,19.5,Flagged,Health,3922,Settled,0,2025-12,Partnership
1121,3930,Rapid Settlement,1,33.2,Cleared,Fire,35416,Settled,0,2026-02,Agent
1122,3636,Amount Rounding,1,42.9,Cleared,Health,16171,Settled,0,2026-01,Agent
1123,10231,Repeat Claimant,1,84.6,Flagged,Accident,19444,Settled,0,2026-05,Online
1124,14519,High Claim Ratio,0,64.3,Cleared,Accident,190420,Settled,1,2024-11,Online
1125,3194,Rapid Settlement,1,33.5,Under Review,Health,33605,Settled,0,2026-02,Online
1126,9659,Amount Rounding,1,8.5,Confirmed,Fire,32883,Settled,0,2024-09,Aggregator
1127,9025,High Claim Ratio,0,95.7,Under Review,Fire,233516,Settled,0,2024-06,Agent
1128,10043,Repeat Claimant,1,0.2,Under Review,Accident,5924,Rejected,0,2024-10,Agent
1129,18329,High Claim Ratio,1,69.3,Flagged,Accident,26961,Settled,0,2024-06,Partnership
1130,1793,High Claim Ratio,0,0.3,Under Review,Accident,4518,Settled,0,2024-03,Online
1131,9592,Amount Rounding,1,49.0,Under Review,Health,4544,Settled,0,2025-03,Aggregator
1132,17940,Policy-Claim Gap,1,14.3,Flagged,Accident,69908,Pending,0,2026-01,Online
1133,2678,Amount Rounding,0,4.3,Under Review,Accident,54334,Settled,0,2025-07,Agent
1134,16946,Rapid Settlement,1,79.1,Flagged,Accident,29325,Settled,0,2025-02,Agent
1135,7772,Repeat Claimant,1,39.5,Flagged,Theft,49182,Settled,0,2024-09,Bancassurance
1136,18809,Amount Rounding,0,23.3,Under Review,Theft,34778,Settled,0,2026-01,Bancassurance
1137,14568,Amount Rounding,0,30.0,Flagged,Natural Disaster,16179,Pending,0,2025-05,Agent
1138,5367,Repeat Claimant,0,68.6,Under Review,Fire,22043,Settled,0,2024-04,Bancassurance
1139,2390,Amount Rounding,0,22.5,Under Review,Health,41837,Settled,0,2025-04,Aggregator
1140,3101,Policy-Claim Gap,1,81.8,Confirmed,Accident,19859,Settled,0,2024-05,Agent
1141,1554,Policy-Claim Gap,0,88.2,Cleared,Health,67770,Settled,0,2025-05,Partnership
1142,10003,Repeat Claimant,1,36.9,Flagged,Theft,36091,Settled,0,2025-09,Aggregator
1143,5371,Repeat Claimant,1,65.3,Flagged,Health,24030,Settled,0,2025-11,Aggregator
1144,1710,Policy-Claim Gap,0,39.8,Cleared,Theft,78695,Settled,0,2025-07,Aggregator
1145,9636,High Claim Ratio,1,6.0,Flagged,Health,4701,Settled,0,2026-01,Agent
1146,909,Policy-Claim Gap,1,85.6,Confirmed,Health,138600,Settled,0,2025-09,Bancassurance
1147,3163,Amount Rounding,0,89.9,Confirmed,Accident,418057,Settled,0,2026-04,Aggregator
1148,16192,Repeat Claimant,0,52.6,Under Review,Accident,147023,Settled,0,2025-03,Agent
1149,18460,Amount Rounding,1,14.7,Under Review,Natural Disaster,86743,Pending,0,2024-06,Online
1150,555,Repeat Claimant,0,17.4,Flagged,Fire,113818,Settled,0,2025-08,Online
1151,11213,Repeat Claimant,0,0.2,Confirmed,Accident,26290,Settled,0,2026-03,Bancassurance
1152,605,Amount Rounding,1,64.4,Cleared,Health,14159,Settled,0,2024-10,Aggregator
1153,11738,Amount Rounding,1,26.9,Confirmed,Theft,172183,Settled,0,2025-09,Partnership
1154,12544,Amount Rounding,1,16.0,Flagged,Accident,11414,Pending,0,2025-12,Bancassurance
1155,6247,Amount Rounding,0,25.5,Under Review,Accident,257873,Settled,0,2024-03,Online
1156,5518,Rapid Settlement,0,1.1,Flagged,Fire,88846,Settled,0,2026-06,Agent
1157,8264,Policy-Claim Gap,0,43.9,Under Review,Accident,12262,Settled,0,2024-11,Online
1158,19746,Amount Rounding,1,74.8,Under Review,Health,275113,Settled,0,2024-07,Aggregator
1159,14562,Rapid Settlement,0,91.1,Flagged,Accident,36513,Settled,0,2026-02,Partnership
1160,9942,Rapid Settlement,0,24.7,Under Review,Accident,28309,Settled,0,2025-06,Partnership
1161,17118,Rapid Settlement,1,97.5,Under Review,Natural Disaster,31332,Settled,0,2026-04,Agent
1162,14180,High Claim Ratio,1,99.0,Confirmed,Accident,73895,Settled,0,2025-05,Online
1163,13542,High Claim Ratio,1,46.2,Confirmed,Natural Disaster,535545,Settled,0,2025-12,Aggregator
1164,1985,Repeat Claimant,1,66.6,Under Review,Theft,40460,Settled,0,2025-12,Partnership
1165,5585,High Claim Ratio,1,44.8,Under Review,Health,62337,Rejected,0,2026-03,Agent
1166,5686,Amount Rounding,0,1.4,Confirmed,Theft,74440,Settled,0,2026-01,Aggregator
1167,18683,Rapid Settlement,1,16.6,Confirmed,Accident,36280,Settled,0,2024-02,Agent
1168,9804,High Claim Ratio,1,12.4,Under Review,Theft,20252,Settled,0,2025-02,Agent
1169,4424,Amount Rounding,0,7.1,Flagged,Accident,69191,Settled,0,2024-09,Online
1170,13133,Repeat Claimant,1,57.7,Flagged,Accident,386694,Settled,0,2024-08,Online
1171,16015,Policy-Claim Gap,1,78.6,Under Review,Health,305597,Pending,0,2025-11,Online
1172,6902,Rapid Settlement,0,17.8,Confirmed,Accident,48764,Settled,0,2025-09,Bancassurance
1173,9669,Rapid Settlement,1,55.9,Flagged,Accident,29408,Settled,1,2025-08,Agent
1174,3314,Policy-Claim Gap,1,53.2,Flagged,Fire,104297,Settled,0,2025-10,Online
1175,66,Amount Rounding,1,50.0,Confirmed,Fire,18060,Settled,0,2024-10,Agent
1176,19843,Amount Rounding,0,14.1,Flagged,Natural Disaster,39195,Pending,0,2026-02,Agent
1177,18721,Rapid Settlement,1,6.9,Confirmed,Natural Disaster,18746,Settled,0,2024-02,Bancassurance
1178,108,Policy-Claim Gap,1,9.4,Under Review,Natural Disaster,29853,Rejected,0,2025-04,Agent
1179,8219,High Claim Ratio,1,90.0,Under Review,Natural Disaster,76063,Settled,0,2024-06,Agent
1180,19785,Policy-Claim Gap,0,15.5,Under Review,Health,8905,Settled,0,2024-11,Online
1181,8051,High Claim Ratio,0,14.6,Under Review,Accident,6230,Settled,0,2024-05,Bancassurance
1182,12591,High Claim Ratio,1,14.0,Confirmed,Theft,27694,Settled,0,2024-04,Partnership
1183,18174,Repeat Claimant,1,39.5,Under Review,Natural Disaster,4984,Rejected,0,2024-12,Partnership
1184,1978,Policy-Claim Gap,0,33.3,Flagged,Accident,19690,Settled,0,2026-05,Online
1185,12763,High Claim Ratio,0,1.0,Under Review,Health,4779,Pending,1,2024-04,Online
1186,12378,Repeat Claimant,1,45.2,Confirmed,Fire,41187,Settled,1,2025-06,Agent
1187,5289,Repeat Claimant,0,68.0,Under Review,Natural Disaster,22676,Settled,0,2024-04,Aggregator
1188,3538,Amount Rounding,1,38.3,Confirmed,Accident,48330,Settled,0,2024-08,Agent
1189,15118,High Claim Ratio,0,66.8,Flagged,Health,87465,Settled,0,2025-08,Bancassurance
1190,14812,Repeat Claimant,1,27.7,Cleared,Theft,11665,Settled,0,2025-12,Aggregator
1191,10175,Rapid Settlement,1,65.7,Under Review,Accident,18379,Settled,0,2025-05,Agent
1192,15853,Amount Rounding,1,37.4,Flagged,Accident,19553,Settled,0,2024-12,Agent
1193,9310,Repeat Claimant,1,28.7,Flagged,Fire,59461,Rejected,0,2025-10,Agent
1194,13915,Amount Rounding,1,46.3,Flagged,Accident,3473,Settled,0,2024-01,Aggregator
1195,8021,Policy-Claim Gap,0,86.3,Under Review,Accident,83381,Settled,0,2025-12,Online
1196,2267,Policy-Claim Gap,1,42.4,Flagged,Health,12106,Settled,0,2024-08,Agent
1197,19420,Rapid Settlement,1,50.3,Confirmed,Fire,75122,Settled,0,2025-08,Bancassurance
1198,10998,Repeat Claimant,1,38.8,Flagged,Accident,18027,Settled,0,2024-11,Agent
1199,6500,Rapid Settlement,1,44.3,Flagged,Theft,36411,Settled,0,2024-07,Bancassurance
1200,8838,Policy-Claim Gap,1,80.4,Flagged,Fire,37286,Rejected,0,2024-08,Agent
1201,13299,Policy-Claim Gap,1,81.0,Flagged,Theft,33719,Settled,0,2025-09,Partnership
1202,4929,Repeat Claimant,1,91.6,Flagged,Health,86875,Pending,0,2026-02,Agent
1203,13234,High Claim Ratio,0,63.4,Under Review,Accident,9043,Settled,0,2024-01,Aggregator
1204,8478,Repeat Claimant,0,0.0,Flagged,Health,35983,Settled,0,2025-01,Online
1205,7828,Amount Rounding,1,80.3,Flagged,Accident,28526,Pending,0,2024-09,Partnership
1206,16024,Repeat Claimant,1,97.3,Under Review,Theft,54484,Pending,0,2024-02,Agent
1207,13,High Claim Ratio,0,33.1,Confirmed,Natural Disaster,24420,Settled,0,2024-01,Online
1208,6009,High Claim Ratio,1,66.9,Flagged,Natural Disaster,133481,Settled,1,2025-08,Aggregator
1209,11104,Amount Rounding,1,27.2,Confirmed,Health,329334,Settled,0,2026-05,Online
1210,8737,Amount Rounding,1,34.3,Cleared,Accident,46023,Settled,0,2026-01,Online
1211,5820,Repeat Claimant,1,60.0,Under Review,Accident,13024,Settled,0,2026-02,Agent
1212,13132,Rapid Settlement,1,80.1,Cleared,Accident,40901,Settled,1,2025-07,Aggregator
1213,6355,Amount Rounding,0,52.5,Flagged,Health,50438,Pending,0,2025-12,Agent
1214,14259,Rapid Settlement,0,17.1,Under Review,Natural Disaster,11048,Settled,0,2025-02,Agent
1215,713,High Claim Ratio,0,85.7,Flagged,Natural Disaster,63173,Settled,0,2024-05,Bancassurance
1216,10739,Rapid Settlement,1,96.0,Flagged,Accident,62263,Settled,0,2026-03,Aggregator
1217,13496,Policy-Claim Gap,1,78.4,Cleared,Natural Disaster,47930,Pending,0,2024-07,Aggregator
1218,8669,Policy-Claim Gap,1,88.0,Flagged,Health,15353,Settled,0,2024-03,Agent
1219,957,Policy-Claim Gap,1,4.0,Flagged,Theft,71351,Settled,0,2025-11,Online
1220,19252,High Claim Ratio,1,45.3,Flagged,Health,126014,Settled,0,2025-01,Online
1221,13127,High Claim Ratio,1,15.8,Under Review,Accident,47382,Pending,0,2024-06,Agent
1222,5189,Repeat Claimant,0,62.1,Under Review,Health,26657,Settled,0,2024-07,Online
1223,19944,High Claim Ratio,0,71.8,Flagged,Accident,82839,Settled,0,2025-05,Bancassurance
1224,4381,Repeat Claimant,1,41.7,Under Review,Fire,277196,Settled,0,2025-04,Online
1225,19430,Amount Rounding,1,72.7,Flagged,Accident,133476,Settled,0,2025-11,Online
1226,17294,Amount Rounding,1,92.7,Confirmed,Accident,60925,Settled,0,2024-06,Online
1227,18414,High Claim Ratio,1,88.3,Flagged,Fire,37218,Settled,0,2025-07,Online
1228,9540,Rapid Settlement,1,38.6,Flagged,Natural Disaster,71622,Settled,0,2025-01,Partnership
1229,1195,Amount Rounding,1,52.2,Under Review,Accident,109709,Settled,0,2025-06,Online
1230,16415,High Claim Ratio,0,32.6,Under Review,Accident,41829,Settled,0,2025-01,Online
1231,19693,Rapid Settlement,0,3.4,Flagged,Accident,40548,Pending,0,2026-02,Aggregator
1232,14866,Rapid Settlement,1,49.9,Cleared,Health,133146,Settled,0,2025-07,Agent
1233,17678,Policy-Claim Gap,0,58.0,Confirmed,Natural Disaster,50855,Settled,0,2026-05,Agent
1234,9093,Repeat Claimant,0,10.6,Under Review,Accident,30645,Settled,0,2025-09,Aggregator
1235,18445,High Claim Ratio,1,54.7,Under Review,Theft,46670,Settled,0,2024-07,Agent
1236,3122,Amount Rounding,1,94.7,Flagged,Accident,12596,Settled,0,2026-05,Bancassurance
1237,15520,Repeat Claimant,1,90.7,Confirmed,Accident,282675,Settled,0,2025-11,Bancassurance
1238,230,Policy-Claim Gap,0,74.4,Flagged,Theft,37111,Settled,0,2024-06,Online
1239,7157,Amount Rounding,1,50.7,Confirmed,Natural Disaster,54629,Pending,0,2025-03,Online
1240,14366,Rapid Settlement,1,69.0,Confirmed,Natural Disaster,40364,Settled,0,2024-12,Online
1241,18889,Repeat Claimant,1,1.2,Flagged,Natural Disaster,30967,Rejected,0,2025-10,Online
1242,19909,Amount Rounding,0,1.2,Flagged,Health,56381,Settled,1,2025-07,Partnership
1243,18911,High Claim Ratio,1,26.9,Confirmed,Fire,349959,Settled,0,2025-06,Online
1244,6137,Amount Rounding,0,96.4,Under Review,Theft,16727,Pending,0,2025-04,Agent
1245,17704,High Claim Ratio,0,51.4,Under Review,Accident,80595,Settled,0,2024-08,Online
1246,757,Amount Rounding,0,25.1,Flagged,Health,264305,Settled,0,2026-03,Agent
1247,18136,High Claim Ratio,1,54.6,Flagged,Fire,40028,Settled,0,2024-05,Agent
1248,10073,Repeat Claimant,1,23.8,Flagged,Theft,30902,Rejected,0,2025-05,Bancassurance
1249,7151,Policy-Claim Gap,1,88.1,Flagged,Natural Disaster,33890,Settled,0,2025-11,Online
1250,9890,High Claim Ratio,0,12.9,Under Review,Accident,23161,Rejected,0,2026-02,Partnership
1251,16958,Repeat Claimant,1,12.8,Confirmed,Health,16867,Settled,0,2026-01,Bancassurance
1252,9620,Rapid Settlement,1,19.0,Under Review,Accident,24390,Settled,0,2025-05,Aggregator
1253,2623,Rapid Settlement,1,73.7,Cleared,Natural Disaster,107115,Settled,0,2026-04,Online
1254,9411,Policy-Claim Gap,0,83.5,Flagged,Natural Disaster,42629,Settled,0,2025-08,Partnership
1255,4237,Repeat Claimant,1,3.0,Confirmed,Accident,116562,Settled,0,2026-01,Partnership
1256,19999,Rapid Settlement,1,85.6,Confirmed,Fire,52055,Settled,0,2025-10,Partnership
1257,2321,Rapid Settlement,1,5.2,Under Review,Health,27973,Settled,0,2024-01,Agent
1258,7451,High Claim Ratio,0,79.6,Flagged,Accident,63000,Settled,0,2025-01,Agent
1259,9119,Policy-Claim Gap,1,38.6,Under Review,Accident,24649,Settled,0,2025-11,Online
1260,6722,Policy-Claim Gap,1,74.1,Under Review,Accident,88864,Settled,0,2025-04,Agent
1261,646,Rapid Settlement,1,11.8,Under Review,Fire,19745,Settled,0,2024-07,Aggregator
1262,7995,Policy-Claim Gap,0,83.8,Flagged,Health,8675,Settled,0,2025-01,Online
1263,17654,Policy-Claim Gap,0,55.9,Confirmed,Accident,9313,Settled,0,2024-05,Aggregator
1264,5995,High Claim Ratio,0,0.6,Under Review,Accident,49582,Settled,0,2025-08,Online
1265,18950,Policy-Claim Gap,1,68.7,Flagged,Theft,156266,Pending,0,2025-02,Online
1266,13296,Amount Rounding,0,91.7,Under Review,Accident,108051,Settled,1,2025-12,Agent
1267,3258,Repeat Claimant,0,42.1,Cleared,Natural Disaster,70262,Pending,0,2025-10,Aggregator
1268,17115,Policy-Claim Gap,0,7.1,Confirmed,Accident,308751,Settled,0,2025-03,Bancassurance
1269,4701,Rapid Settlement,0,5.0,Flagged,Accident,64006,Settled,0,2024-07,Partnership
1270,12785,High Claim Ratio,1,36.7,Under Review,Health,19671,Settled,0,2025-01,Online
1271,6039,Rapid Settlement,0,93.6,Flagged,Accident,47303,Settled,0,2026-01,Bancassurance
1272,17767,Rapid Settlement,0,53.4,Flagged,Health,11167,Pending,0,2025-09,Bancassurance
1273,6496,Amount Rounding,0,82.5,Flagged,Accident,151509,Settled,0,2025-07,Aggregator
1274,8571,Policy-Claim Gap,1,97.4,Under Review,Natural Disaster,41826,Settled,0,2024-07,Online
1275,11682,High Claim Ratio,1,83.0,Flagged,Natural Disaster,432018,Settled,0,2025-07,Agent
1276,7947,Policy-Claim Gap,1,22.1,Under Review,Health,51460,Settled,0,2025-12,Bancassurance
1277,16627,High Claim Ratio,0,8.3,Confirmed,Accident,109049,Settled,0,2025-12,Partnership
1278,13012,Amount Rounding,0,29.7,Confirmed,Accident,202340,Settled,0,2025-07,Online
1279,10843,Policy-Claim Gap,0,77.0,Under Review,Theft,40477,Settled,0,2026-06,Agent
1280,8491,Amount Rounding,1,47.7,Flagged,Accident,47458,Settled,0,2025-11,Online
1281,19462,High Claim Ratio,1,70.2,Under Review,Accident,20287,Settled,0,2024-07,Bancassurance
1282,3360,Rapid Settlement,0,18.1,Under Review,Accident,13894,Pending,1,2024-07,Agent
1283,9106,Rapid Settlement,1,95.1,Cleared,Theft,81832,Pending,0,2026-04,Online
1284,14722,Amount Rounding,0,62.6,Cleared,Health,30856,Settled,0,2025-02,Online
1285,15565,Policy-Claim Gap,1,62.8,Cleared,Fire,77512,Settled,0,2026-04,Online
1286,16966,Rapid Settlement,1,96.6,Flagged,Accident,32494,Pending,0,2024-03,Partnership
1287,15254,Policy-Claim Gap,1,10.9,Confirmed,Health,26837,Settled,0,2024-03,Online
1288,16031,Policy-Claim Gap,1,52.7,Flagged,Accident,132523,Rejected,0,2025-06,Online
1289,11123,Repeat Claimant,1,87.1,Confirmed,Theft,89934,Settled,0,2024-03,Online
1290,2662,High Claim Ratio,1,31.9,Under Review,Theft,34517,Settled,0,2026-02,Bancassurance
1291,1145,Policy-Claim Gap,1,13.8,Flagged,Accident,31180,Settled,0,2025-10,Partnership
1292,15761,High Claim Ratio,1,67.7,Confirmed,Accident,17998,Settled,0,2025-05,Aggregator
1293,19578,Rapid Settlement,0,65.4,Under Review,Health,43746,Settled,0,2024-08,Online
1294,17457,High Claim Ratio,1,3.3,Flagged,Natural Disaster,46351,Settled,0,2025-11,Agent
1295,5703,Amount Rounding,0,85.0,Flagged,Theft,33777,Settled,0,2025-12,Aggregator
1296,10128,Rapid Settlement,0,94.2,Flagged,Fire,15287,Settled,0,2024-07,Bancassurance
1297,12855,High Claim Ratio,1,98.0,Under Review,Health,37850,Settled,0,2026-06,Aggregator
1298,19351,Policy-Claim Gap,1,86.3,Confirmed,Health,562740,Settled,0,2024-08,Online
1299,13025,Repeat Claimant,1,1.5,Under Review,Theft,46232,Settled,0,2025-07,Agent
1300,9318,Amount Rounding,1,74.7,Flagged,Fire,126358,Settled,0,2024-12,Agent
1301,12770,Amount Rounding,1,19.8,Confirmed,Accident,85424,Settled,0,2025-09,Agent
1302,8776,Rapid Settlement,0,68.3,Under Review,Accident,8661,Settled,0,2025-12,Bancassurance
1303,3818,High Claim Ratio,0,34.2,Flagged,Accident,90709,Settled,0,2025-07,Bancassurance
1304,13784,Rapid Settlement,1,78.0,Flagged,Accident,18810,Rejected,0,2024-08,Aggregator
1305,12054,Repeat Claimant,1,65.9,Under Review,Natural Disaster,90200,Settled,0,2025-07,Online
1306,10507,Rapid Settlement,1,0.6,Confirmed,Health,14956,Pending,0,2024-10,Bancassurance
1307,1730,Policy-Claim Gap,0,40.7,Under Review,Theft,90853,Settled,0,2024-11,Bancassurance
1308,19069,Repeat Claimant,1,17.8,Flagged,Natural Disaster,12782,Settled,0,2025-12,Partnership
1309,9898,High Claim Ratio,1,11.5,Under Review,Accident,21448,Settled,0,2025-12,Online
1310,16012,High Claim Ratio,1,33.9,Flagged,Health,197456,Pending,0,2026-03,Bancassurance
1311,8359,Repeat Claimant,0,70.9,Under Review,Natural Disaster,57780,Settled,0,2025-11,Aggregator
1312,18358,Policy-Claim Gap,1,23.5,Flagged,Natural Disaster,1873,Settled,0,2024-11,Partnership
1313,5086,High Claim Ratio,1,12.2,Cleared,Theft,25587,Settled,0,2024-10,Agent
1314,17652,Amount Rounding,0,13.1,Under Review,Health,34951,Settled,0,2024-11,Aggregator
1315,13274,Repeat Claimant,0,50.6,Flagged,Theft,60493,Settled,1,2026-01,Online
1316,3770,Repeat Claimant,0,97.4,Flagged,Accident,53075,Settled,0,2024-09,Online
1317,6636,Amount Rounding,1,43.4,Confirmed,Natural Disaster,123302,Settled,0,2024-03,Bancassurance
1318,16012,Policy-Claim Gap,0,90.1,Under Review,Health,197456,Pending,0,2026-03,Bancassurance
1319,9348,Repeat Claimant,0,72.9,Under Review,Fire,46314,Pending,0,2024-03,Agent
1320,10192,Amount Rounding,1,31.8,Under Review,Health,33708,Settled,0,2025-06,Online
1321,3156,Repeat Claimant,1,64.7,Under Review,Theft,198242,Pending,0,2024-05,Aggregator
1322,17213,Repeat Claimant,1,0.4,Cleared,Health,68345,Settled,0,2025-11,Aggregator
1323,1377,High Claim Ratio,1,91.9,Cleared,Natural Disaster,12917,Settled,0,2024-06,Online
1324,8572,Rapid Settlement,1,34.9,Flagged,Accident,14007,Settled,0,2024-02,Online
1325,14122,Rapid Settlement,1,54.2,Flagged,Accident,42974,Settled,0,2025-03,Online
1326,7528,Repeat Claimant,1,27.8,Under Review,Accident,52661,Settled,0,2026-03,Online
1327,160,High Claim Ratio,1,1.7,Under Review,Health,68357,Settled,0,2024-09,Online
1328,17477,Amount Rounding,0,30.6,Cleared,Fire,58648,Settled,0,2025-07,Agent
1329,15603,High Claim Ratio,1,36.7,Flagged,Fire,142650,Pending,0,2024-12,Online
1330,6426,Repeat Claimant,0,57.2,Flagged,Accident,11663,Settled,0,2024-08,Partnership
1331,12085,Amount Rounding,0,26.3,Under Review,Health,817205,Settled,0,2025-03,Aggregator
1332,13629,Rapid Settlement,0,51.1,Under Review,Accident,5153,Rejected,0,2026-01,Agent
1333,4672,Rapid Settlement,0,83.6,Flagged,Accident,93974,Settled,0,2024-03,Aggregator
1334,17848,High Claim Ratio,1,53.1,Under Review,Fire,29430,Settled,0,2026-03,Bancassurance
1335,9287,Policy-Claim Gap,1,40.0,Under Review,Fire,29591,Settled,0,2025-04,Agent
1336,4880,Repeat Claimant,0,20.8,Under Review,Accident,36156,Settled,0,2026-04,Bancassurance
1337,2171,Amount Rounding,0,47.3,Flagged,Accident,37486,Settled,0,2024-10,Online
1338,10508,Rapid Settlement,1,71.6,Under Review,Accident,29911,Settled,0,2024-05,Online
1339,8867,High Claim Ratio,0,72.7,Flagged,Accident,16950,Settled,0,2024-05,Aggregator
1340,5225,Repeat Claimant,1,8.2,Flagged,Accident,51562,Settled,0,2025-01,Bancassurance
1341,65,Amount Rounding,0,36.2,Flagged,Accident,84044,Settled,0,2024-08,Online
1342,10659,Policy-Claim Gap,1,29.7,Confirmed,Natural Disaster,33497,Pending,0,2025-10,Online
1343,7811,Amount Rounding,1,34.4,Flagged,Health,43352,Settled,0,2025-05,Agent
1344,19006,High Claim Ratio,1,62.6,Under Review,Health,31227,Pending,0,2025-03,Agent
1345,5684,Amount Rounding,1,9.6,Under Review,Accident,82784,Settled,0,2026-05,Online
1346,13096,High Claim Ratio,1,98.6,Flagged,Theft,18236,Settled,0,2026-01,Aggregator
1347,2259,Repeat Claimant,0,13.9,Flagged,Health,90484,Settled,0,2025-11,Aggregator
1348,4470,Repeat Claimant,1,68.7,Under Review,Accident,9232,Settled,0,2025-04,Online
1349,6203,Rapid Settlement,1,0.3,Flagged,Fire,136385,Rejected,0,2024-02,Bancassurance
1350,4927,High Claim Ratio,1,13.1,Cleared,Health,43790,Pending,0,2024-08,Agent
1351,8409,Repeat Claimant,1,53.6,Confirmed,Accident,13058,Settled,0,2024-05,Online
1352,3573,High Claim Ratio,1,69.0,Flagged,Health,60319,Settled,0,2025-02,Agent
1353,5985,Policy-Claim Gap,1,67.7,Flagged,Theft,52640,Settled,0,2024-01,Agent
1354,2801,Rapid Settlement,1,22.5,Flagged,Natural Disaster,83950,Settled,0,2026-01,Aggregator
1355,4134,Rapid Settlement,0,47.6,Confirmed,Health,103086,Pending,0,2025-05,Online
1356,19363,Policy-Claim Gap,0,47.6,Flagged,Health,58682,Settled,0,2025-06,Aggregator
1357,13774,High Claim Ratio,1,74.0,Flagged,Fire,85807,Settled,0,2025-07,Agent
1358,11708,Amount Rounding,0,32.8,Confirmed,Accident,64242,Settled,0,2025-02,Online
1359,17431,Amount Rounding,1,63.9,Under Review,Theft,13595,Pending,0,2024-05,Partnership
1360,7025,Policy-Claim Gap,1,83.2,Cleared,Health,16547,Settled,1,2024-04,Partnership
1361,19114,High Claim Ratio,0,37.2,Cleared,Accident,56235,Settled,0,2026-05,Aggregator
1362,15290,Amount Rounding,1,83.5,Flagged,Accident,6679,Settled,0,2025-01,Aggregator
1363,15315,Policy-Claim Gap,1,98.3,Confirmed,Accident,23370,Settled,0,2025-10,Agent
1364,6773,High Claim Ratio,0,42.9,Confirmed,Health,12248,Settled,0,2025-03,Online
1365,4673,Policy-Claim Gap,0,85.8,Flagged,Accident,265429,Settled,0,2024-08,Bancassurance
1366,19913,Amount Rounding,1,62.5,Flagged,Accident,98135,Settled,0,2025-11,Aggregator
1367,1782,High Claim Ratio,0,74.6,Flagged,Health,48621,Rejected,0,2024-01,Agent
1368,16943,Policy-Claim Gap,1,93.9,Cleared,Accident,117278,Settled,0,2024-08,Online
1369,6733,High Claim Ratio,1,35.4,Under Review,Accident,16689,Settled,0,2025-09,Online
1370,15568,Rapid Settlement,0,89.7,Flagged,Accident,21044,Settled,0,2025-05,Bancassurance
1371,9710,Rapid Settlement,1,63.0,Flagged,Accident,29153,Settled,0,2025-01,Aggregator
1372,3227,Policy-Claim Gap,1,61.7,Flagged,Natural Disaster,40353,Settled,0,2025-07,Online
1373,14346,Amount Rounding,0,14.7,Cleared,Health,90097,Settled,0,2025-12,Aggregator
1374,5867,High Claim Ratio,0,9.7,Flagged,Accident,382301,Settled,0,2026-02,Online
1375,14185,High Claim Ratio,1,92.8,Cleared,Theft,59435,Settled,0,2024-12,Agent
1376,18291,Rapid Settlement,0,41.2,Confirmed,Accident,83950,Settled,0,2025-01,Agent
1377,17300,High Claim Ratio,1,87.3,Under Review,Accident,15601,Settled,0,2024-06,Partnership
1378,12779,High Claim Ratio,0,34.1,Flagged,Fire,96002,Settled,0,2025-10,Online
1379,12778,Amount Rounding,1,78.6,Flagged,Theft,81733,Settled,1,2025-03,Aggregator
1380,2180,Policy-Claim Gap,0,42.8,Under Review,Natural Disaster,45642,Settled,0,2026-05,Aggregator
1381,2237,Policy-Claim Gap,1,51.7,Flagged,Accident,128105,Settled,0,2024-07,Agent
1382,19863,Repeat Claimant,0,94.4,Flagged,Accident,28690,Settled,0,2025-11,Agent
1383,8410,High Claim Ratio,1,12.1,Flagged,Accident,57063,Settled,0,2024-04,Agent
1384,9567,Policy-Claim Gap,0,36.1,Cleared,Health,60932,Settled,0,2025-06,Bancassurance
1385,4759,Policy-Claim Gap,0,95.1,Flagged,Health,3594,Settled,0,2026-01,Agent
1386,4474,Repeat Claimant,0,77.8,Confirmed,Accident,48874,Settled,0,2024-07,Agent
1387,2723,Rapid Settlement,1,54.4,Flagged,Natural Disaster,103372,Settled,0,2025-10,Bancassurance
1388,11324,Amount Rounding,1,44.0,Flagged,Health,68624,Settled,0,2025-05,Aggregator
1389,14235,Repeat Claimant,1,17.3,Confirmed,Accident,53002,Pending,0,2024-04,Aggregator
1390,8772,Policy-Claim Gap,0,62.7,Cleared,Accident,68321,Settled,1,2025-10,Agent
1391,16486,Rapid Settlement,1,93.2,Confirmed,Accident,22991,Pending,0,2025-01,Agent
1392,2446,Amount Rounding,1,38.3,Flagged,Health,55743,Settled,0,2025-06,Aggregator
1393,12112,Repeat Claimant,1,75.3,Confirmed,Theft,17803,Settled,1,2025-06,Agent
1394,19547,Repeat Claimant,0,43.7,Under Review,Accident,191701,Settled,0,2024-08,Agent
1395,17666,Repeat Claimant,1,89.7,Confirmed,Accident,172936,Pending,0,2024-10,Aggregator
1396,2723,High Claim Ratio,1,3.7,Confirmed,Natural Disaster,103372,Settled,0,2025-10,Bancassurance
1397,17867,Repeat Claimant,1,11.7,Under Review,Accident,113873,Settled,0,2024-01,Aggregator
1398,9478,High Claim Ratio,1,26.2,Flagged,Theft,175054,Settled,0,2024-01,Online
1399,18387,High Claim Ratio,1,96.4,Under Review,Health,83120,Pending,0,2024-01,Agent
1400,10679,Policy-Claim Gap,0,43.9,Under Review,Health,203608,Settled,0,2024-01,Online
1401,11990,Policy-Claim Gap,1,91.6,Flagged,Health,122041,Settled,1,2025-06,Partnership
1402,6860,Amount Rounding,1,70.5,Confirmed,Health,9078,Settled,0,2024-06,Agent
1403,12588,Amount Rounding,0,19.4,Under Review,Accident,26097,Rejected,0,2026-02,Bancassurance
1404,16101,High Claim Ratio,1,78.9,Flagged,Natural Disaster,6005,Settled,0,2024-10,Agent
1405,12884,Amount Rounding,0,1.6,Flagged,Theft,30801,Settled,0,2024-09,Agent
1406,13072,Policy-Claim Gap,0,87.1,Flagged,Theft,168050,Settled,0,2025-03,Aggregator
1407,434,Policy-Claim Gap,0,55.8,Confirmed,Accident,300428,Settled,0,2025-12,Aggregator
1408,8734,Repeat Claimant,0,62.2,Under Review,Health,160489,Pending,0,2025-05,Agent
1409,16906,High Claim Ratio,1,79.3,Under Review,Health,78182,Settled,0,2024-03,Partnership
1410,3230,High Claim Ratio,1,73.0,Flagged,Health,115866,Settled,1,2025-08,Aggregator
1411,12779,Rapid Settlement,1,69.5,Flagged,Fire,96002,Settled,0,2025-10,Online
1412,5239,Policy-Claim Gap,0,73.2,Confirmed,Fire,16587,Settled,0,2025-03,Aggregator
1413,17390,Rapid Settlement,1,9.9,Flagged,Accident,81914,Settled,0,2024-01,Aggregator
1414,16223,High Claim Ratio,1,11.3,Under Review,Accident,237115,Settled,0,2024-05,Online
1415,14875,Amount Rounding,0,84.2,Flagged,Accident,62432,Settled,0,2026-05,Agent
1416,6429,Rapid Settlement,1,82.6,Under Review,Fire,83176,Settled,0,2024-04,Agent
1417,15668,Repeat Claimant,1,10.1,Flagged,Accident,177856,Pending,0,2024-05,Bancassurance
1418,7855,Policy-Claim Gap,1,61.0,Under Review,Accident,19880,Settled,0,2024-04,Online
1419,16419,High Claim Ratio,1,68.3,Confirmed,Accident,215704,Settled,0,2026-01,Online
1420,6658,Policy-Claim Gap,1,45.8,Flagged,Theft,120957,Pending,0,2024-04,Aggregator
1421,13488,Policy-Claim Gap,1,91.2,Flagged,Accident,80480,Settled,0,2025-10,Online
1422,12865,High Claim Ratio,0,30.6,Under Review,Accident,49493,Rejected,0,2024-02,Online
1423,18995,High Claim Ratio,1,44.3,Confirmed,Health,105314,Settled,1,2025-08,Online
1424,10020,Policy-Claim Gap,0,31.0,Flagged,Accident,28229,Settled,0,2024-10,Agent
1425,8708,Rapid Settlement,0,89.9,Under Review,Natural Disaster,48847,Settled,0,2025-11,Aggregator
1426,14931,Amount Rounding,1,34.0,Flagged,Theft,38137,Pending,0,2026-05,Bancassurance
1427,11750,Rapid Settlement,1,97.9,Under Review,Accident,51620,Settled,0,2024-09,Agent
1428,19953,Rapid Settlement,0,19.2,Under Review,Natural Disaster,32743,Settled,0,2024-03,Agent
1429,12092,Rapid Settlement,1,1.2,Under Review,Accident,42830,Settled,0,2025-06,Agent
1430,950,High Claim Ratio,0,11.7,Flagged,Natural Disaster,80751,Settled,0,2025-03,Online
1431,9079,Amount Rounding,0,86.6,Flagged,Accident,11807,Settled,0,2025-11,Aggregator
1432,10552,Policy-Claim Gap,1,37.3,Confirmed,Fire,568270,Settled,0,2024-11,Aggregator
1433,6878,High Claim Ratio,1,91.4,Cleared,Accident,15291,Settled,0,2026-04,Agent
1434,16804,High Claim Ratio,1,50.8,Flagged,Natural Disaster,77653,Pending,0,2025-12,Agent
1435,12344,Policy-Claim Gap,1,80.6,Under Review,Theft,31903,Settled,0,2025-10,Aggregator
1436,16492,Amount Rounding,0,26.3,Flagged,Theft,92202,Settled,0,2025-06,Aggregator
1437,9361,Rapid Settlement,1,91.6,Under Review,Natural Disaster,5607,Rejected,0,2025-10,Agent
1438,10908,Policy-Claim Gap,1,38.0,Flagged,Fire,112466,Settled,0,2025-05,Partnership
1439,12338,Repeat Claimant,1,44.8,Under Review,Accident,68531,Settled,0,2024-12,Partnership
1440,11229,Rapid Settlement,1,37.7,Confirmed,Accident,32075,Settled,0,2025-01,Aggregator
1441,17544,Rapid Settlement,1,97.9,Flagged,Theft,72470,Rejected,0,2025-12,Aggregator
1442,10505,Amount Rounding,0,10.0,Under Review,Accident,58311,Rejected,0,2024-03,Bancassurance
1443,11652,High Claim Ratio,1,44.5,Cleared,Accident,29673,Settled,0,2025-03,Aggregator
1444,11705,Policy-Claim Gap,1,53.6,Confirmed,Health,21885,Settled,0,2024-07,Aggregator
1445,19827,Policy-Claim Gap,1,75.7,Confirmed,Accident,6256,Settled,0,2026-05,Aggregator
1446,17392,Repeat Claimant,0,18.8,Flagged,Health,104768,Settled,0,2024-07,Agent
1447,12938,Policy-Claim Gap,1,17.0,Confirmed,Health,34331,Settled,0,2026-06,Bancassurance
1448,4200,Rapid Settlement,0,87.5,Flagged,Natural Disaster,35182,Settled,0,2024-04,Partnership
1449,19986,Rapid Settlement,0,13.4,Under Review,Natural Disaster,34499,Rejected,0,2024-10,Aggregator
1450,14566,High Claim Ratio,1,35.8,Flagged,Accident,11522,Settled,0,2026-01,Bancassurance
1451,8434,Repeat Claimant,0,97.5,Under Review,Theft,282976,Settled,0,2025-06,Partnership
1452,13136,Amount Rounding,0,17.2,Cleared,Theft,17776,Settled,0,2025-01,Agent
1453,8055,Rapid Settlement,1,50.7,Confirmed,Health,110554,Settled,0,2024-03,Agent
1454,1777,High Claim Ratio,0,94.1,Flagged,Accident,465176,Settled,0,2024-09,Aggregator
1455,12968,High Claim Ratio,0,3.8,Confirmed,Accident,35070,Settled,0,2024-11,Partnership
1456,11699,High Claim Ratio,1,1.6,Confirmed,Accident,28440,Settled,0,2024-10,Online
1457,2143,Repeat Claimant,0,29.5,Under Review,Accident,148538,Pending,0,2024-03,Online
1458,14373,High Claim Ratio,1,60.5,Flagged,Theft,206489,Settled,0,2024-02,Agent
1459,9381,Policy-Claim Gap,0,23.4,Under Review,Health,13462,Settled,0,2024-06,Partnership
1460,7717,High Claim Ratio,1,68.2,Under Review,Theft,58985,Settled,0,2024-10,Agent
1461,6895,High Claim Ratio,0,45.8,Flagged,Theft,18544,Settled,0,2024-01,Partnership
1462,9947,Amount Rounding,1,40.6,Flagged,Health,39973,Settled,0,2024-12,Agent
1463,313,Amount Rounding,0,29.1,Flagged,Natural Disaster,13831,Settled,0,2025-05,Agent
1464,7940,Rapid Settlement,0,84.6,Confirmed,Health,36830,Settled,0,2024-12,Online
1465,11060,Repeat Claimant,1,55.7,Flagged,Theft,163458,Settled,0,2025-07,Bancassurance
1466,10118,High Claim Ratio,1,23.6,Under Review,Health,45556,Settled,0,2024-08,Partnership
1467,14425,Rapid Settlement,1,91.5,Under Review,Fire,21016,Settled,0,2025-01,Bancassurance
1468,10029,Rapid Settlement,0,59.6,Under Review,Health,68797,Settled,0,2025-07,Bancassurance
1469,17679,High Claim Ratio,1,91.2,Flagged,Accident,80170,Settled,0,2025-02,Aggregator
1470,5618,Rapid Settlement,0,23.2,Flagged,Accident,52373,Rejected,0,2024-03,Partnership
1471,18900,Rapid Settlement,1,19.3,Flagged,Accident,127797,Settled,0,2025-01,Aggregator
1472,4540,Repeat Claimant,0,16.3,Under Review,Natural Disaster,61524,Settled,0,2025-11,Aggregator
1473,9149,High Claim Ratio,1,69.9,Flagged,Accident,44937,Settled,0,2024-06,Bancassurance
1474,18087,Policy-Claim Gap,1,84.0,Under Review,Fire,66067,Pending,0,2026-03,Partnership
1475,19822,High Claim Ratio,1,7.4,Confirmed,Health,32861,Settled,1,2024-09,Online
1476,8090,Repeat Claimant,1,60.6,Under Review,Theft,97575,Settled,1,2026-03,Partnership
1477,16998,Repeat Claimant,0,48.2,Flagged,Theft,10408,Settled,0,2024-09,Aggregator
1478,4505,Policy-Claim Gap,1,11.1,Flagged,Accident,24401,Settled,0,2024-09,Agent
1479,3584,Policy-Claim Gap,0,68.3,Flagged,Accident,131581,Settled,0,2024-12,Agent
1480,13385,Rapid Settlement,0,36.0,Flagged,Accident,43125,Settled,0,2024-08,Agent
1481,17789,Amount Rounding,1,79.6,Flagged,Accident,30107,Settled,0,2025-08,Aggregator
1482,12428,High Claim Ratio,0,48.2,Under Review,Accident,196930,Settled,0,2025-04,Agent
1483,19364,Policy-Claim Gap,0,93.9,Flagged,Accident,289955,Settled,1,2025-09,Online
1484,863,High Claim Ratio,1,89.7,Confirmed,Health,263494,Settled,0,2025-01,Aggregator
1485,9813,Repeat Claimant,1,65.9,Flagged,Health,29418,Pending,0,2026-04,Agent
1486,12038,Amount Rounding,1,0.5,Flagged,Natural Disaster,157493,Settled,0,2024-12,Agent
1487,14845,Policy-Claim Gap,1,58.9,Flagged,Fire,15621,Settled,0,2024-11,Online
1488,2239,Policy-Claim Gap,0,79.7,Under Review,Health,67407,Settled,0,2024-01,Agent
1489,15873,Repeat Claimant,0,41.6,Cleared,Natural Disaster,11819,Settled,1,2025-05,Online
1490,17017,High Claim Ratio,0,47.0,Under Review,Accident,30255,Settled,1,2026-05,Aggregator
1491,13043,High Claim Ratio,0,70.3,Cleared,Fire,50548,Settled,0,2024-11,Online
1492,8015,Amount Rounding,1,71.1,Flagged,Health,3869,Settled,0,2025-07,Online
1493,11467,Repeat Claimant,1,75.0,Flagged,Health,228413,Rejected,0,2025-06,Agent
1494,7373,High Claim Ratio,1,95.8,Under Review,Accident,34077,Settled,0,2025-09,Aggregator
1495,7116,Policy-Claim Gap,1,46.3,Flagged,Health,36382,Settled,0,2024-06,Aggregator
1496,11549,Amount Rounding,0,84.7,Confirmed,Natural Disaster,16776,Settled,0,2025-04,Agent
1497,19573,Amount Rounding,1,33.5,Cleared,Theft,25007,Settled,0,2024-05,Online
1498,5288,Amount Rounding,0,29.2,Flagged,Theft,47225,Settled,0,2024-06,Agent
1499,7316,Amount Rounding,0,15.1,Flagged,Natural Disaster,109054,Settled,0,2024-06,Agent
1500,8690,Amount Rounding,1,88.8,Under Review,Health,35566,Settled,0,2025-07,Agent
1501,12618,Rapid Settlement,1,83.0,Flagged,Natural Disaster,35988,Settled,0,2024-12,Agent
1502,10443,Rapid Settlement,1,70.8,Flagged,Accident,122810,Rejected,0,2025-05,Agent
1503,4863,Rapid Settlement,1,76.5,Under Review,Theft,41748,Settled,0,2025-01,Online
1504,9889,Rapid Settlement,0,65.8,Cleared,Theft,31870,Settled,0,2024-06,Agent
1505,12507,Policy-Claim Gap,0,60.1,Cleared,Health,121558,Pending,0,2024-06,Agent
1506,16717,Policy-Claim Gap,1,88.6,Under Review,Accident,18418,Pending,0,2025-06,Agent
1507,13322,Repeat Claimant,1,58.9,Confirmed,Accident,18140,Settled,0,2024-08,Aggregator
1508,9361,High Claim Ratio,1,94.1,Flagged,Natural Disaster,5607,Rejected,0,2025-10,Agent
1509,9340,Repeat Claimant,1,37.2,Cleared,Fire,126756,Settled,0,2025-03,Aggregator
1510,12866,Amount Rounding,1,13.4,Flagged,Accident,18038,Settled,0,2025-09,Bancassurance
1511,107,Amount Rounding,1,20.0,Under Review,Accident,12139,Rejected,0,2025-12,Online
1512,4766,Rapid Settlement,1,17.0,Under Review,Fire,80709,Pending,0,2026-02,Agent
1513,11370,Rapid Settlement,0,48.9,Flagged,Accident,105358,Pending,0,2026-03,Aggregator
1514,7093,Policy-Claim Gap,1,59.7,Flagged,Fire,37386,Pending,0,2024-12,Aggregator
1515,1718,High Claim Ratio,0,12.9,Flagged,Accident,7570,Settled,1,2026-05,Aggregator
1516,3177,Rapid Settlement,1,31.9,Flagged,Fire,36799,Pending,0,2026-02,Online
1517,14979,Rapid Settlement,0,65.7,Under Review,Accident,41410,Settled,0,2024-11,Aggregator
1518,9336,Amount Rounding,0,92.7,Confirmed,Natural Disaster,33436,Settled,0,2024-05,Aggregator
1519,12815,Policy-Claim Gap,1,25.1,Confirmed,Accident,17546,Settled,0,2026-02,Partnership
1520,18883,Amount Rounding,1,13.1,Confirmed,Natural Disaster,163343,Settled,0,2025-08,Agent
1521,2468,Policy-Claim Gap,0,27.9,Confirmed,Theft,14307,Settled,0,2026-01,Bancassurance
1522,482,Amount Rounding,1,70.3,Confirmed,Natural Disaster,24142,Settled,0,2025-05,Aggregator
1523,19660,High Claim Ratio,1,61.2,Cleared,Natural Disaster,117614,Settled,0,2025-09,Online
1524,9648,Repeat Claimant,1,5.9,Confirmed,Accident,65600,Settled,0,2025-08,Aggregator
1525,18898,Amount Rounding,1,81.1,Under Review,Accident,14710,Settled,0,2025-01,Agent
1526,15041,Amount Rounding,1,8.0,Flagged,Accident,41568,Settled,0,2024-03,Online
1527,7717,Amount Rounding,1,93.3,Flagged,Theft,58985,Settled,0,2024-10,Agent
1528,10412,Amount Rounding,0,64.7,Under Review,Fire,38411,Settled,0,2025-09,Agent
1529,6456,Policy-Claim Gap,1,5.1,Under Review,Health,21067,Settled,0,2024-10,Bancassurance
1530,4122,Policy-Claim Gap,0,77.1,Confirmed,Accident,19347,Settled,0,2025-05,Aggregator
1531,8926,Policy-Claim Gap,1,36.5,Under Review,Health,132508,Pending,0,2025-09,Bancassurance
1532,18404,High Claim Ratio,1,44.3,Under Review,Accident,35369,Pending,0,2024-07,Agent
1533,11273,Rapid Settlement,0,5.6,Confirmed,Health,145299,Settled,0,2025-03,Agent
1534,18399,Policy-Claim Gap,1,39.9,Flagged,Accident,52920,Settled,0,2024-03,Aggregator
1535,14478,High Claim Ratio,0,60.6,Flagged,Health,210486,Rejected,0,2024-08,Aggregator
1536,542,Rapid Settlement,1,6.9,Confirmed,Accident,23739,Settled,0,2025-10,Online
1537,12669,High Claim Ratio,0,63.7,Under Review,Health,22990,Rejected,0,2026-06,Partnership
1538,13062,Repeat Claimant,1,99.5,Under Review,Theft,40714,Settled,0,2025-12,Aggregator
1539,9395,Amount Rounding,1,13.9,Flagged,Health,42650,Settled,1,2026-04,Agent
1540,16816,High Claim Ratio,1,90.7,Confirmed,Health,6152,Settled,0,2025-06,Aggregator
1541,9270,High Claim Ratio,1,48.9,Under Review,Accident,117237,Settled,0,2025-06,Online
1542,14613,Repeat Claimant,1,42.8,Under Review,Health,11587,Settled,0,2025-11,Agent
1543,15743,High Claim Ratio,1,62.3,Flagged,Natural Disaster,92995,Settled,0,2024-05,Partnership
1544,19131,Amount Rounding,1,97.7,Confirmed,Fire,29117,Settled,0,2026-03,Bancassurance
1545,2421,Repeat Claimant,1,68.9,Cleared,Health,137793,Settled,0,2025-08,Online
1546,18763,Policy-Claim Gap,0,38.9,Confirmed,Health,59950,Settled,0,2024-03,Online
1547,14352,Policy-Claim Gap,0,77.5,Confirmed,Theft,39120,Settled,0,2024-08,Aggregator
1548,547,Policy-Claim Gap,1,85.8,Flagged,Accident,28737,Pending,0,2024-09,Online
1549,11891,Amount Rounding,1,49.3,Under Review,Natural Disaster,93762,Pending,0,2024-01,Agent
1550,14791,High Claim Ratio,1,89.1,Confirmed,Health,126982,Settled,0,2025-05,Bancassurance
1551,18938,Repeat Claimant,1,36.0,Flagged,Accident,187293,Rejected,0,2024-09,Agent
1552,19478,Policy-Claim Gap,0,91.8,Flagged,Fire,281805,Settled,0,2025-04,Agent
1553,13521,Policy-Claim Gap,1,59.5,Flagged,Natural Disaster,30567,Settled,0,2024-03,Bancassurance
1554,8728,Repeat Claimant,0,0.5,Flagged,Accident,77306,Settled,0,2024-12,Online
1555,6509,Policy-Claim Gap,1,97.8,Flagged,Theft,14191,Settled,0,2024-04,Agent
1556,13375,Rapid Settlement,0,36.9,Under Review,Accident,40090,Settled,0,2026-04,Agent
1557,9528,Amount Rounding,1,20.7,Cleared,Natural Disaster,121728,Settled,0,2024-02,Online
1558,12131,Policy-Claim Gap,0,70.8,Confirmed,Fire,44384,Settled,0,2025-09,Aggregator
1559,15113,Amount Rounding,0,42.8,Under Review,Natural Disaster,85263,Settled,0,2025-08,Online
1560,1372,Amount Rounding,0,34.4,Flagged,Health,7744,Settled,0,2025-07,Agent
1561,9202,High Claim Ratio,1,93.3,Flagged,Theft,15530,Settled,0,2025-07,Agent
1562,17528,Rapid Settlement,1,45.6,Under Review,Accident,70611,Settled,0,2024-05,Agent
1563,15827,Policy-Claim Gap,1,62.5,Under Review,Natural Disaster,119283,Settled,0,2025-03,Online
1564,4,Amount Rounding,1,64.1,Confirmed,Health,206635,Settled,0,2024-03,Aggregator
1565,4,Rapid Settlement,1,54.1,Flagged,Health,206635,Settled,0,2024-03,Aggregator
1566,3545,Policy-Claim Gap,0,97.9,Under Review,Theft,144989,Settled,0,2025-02,Aggregator
1567,16842,Rapid Settlement,1,92.9,Flagged,Theft,303671,Settled,0,2024-05,Agent
1568,16686,Policy-Claim Gap,1,60.9,Flagged,Accident,21410,Settled,0,2024-09,Agent
1569,6018,Repeat Claimant,1,90.4,Under Review,Accident,50280,Pending,0,2024-08,Partnership
1570,10629,Rapid Settlement,1,92.8,Under Review,Health,18353,Settled,0,2025-09,Agent
1571,10095,Amount Rounding,1,8.5,Under Review,Accident,79947,Settled,0,2026-01,Agent
1572,12322,Rapid Settlement,1,61.9,Under Review,Health,37485,Settled,0,2025-05,Agent
1573,9252,Rapid Settlement,1,69.5,Confirmed,Accident,152434,Settled,0,2024-02,Partnership
1574,8203,Amount Rounding,1,78.9,Under Review,Fire,53733,Settled,0,2024-09,Online
1575,10522,High Claim Ratio,0,68.1,Flagged,Health,20929,Settled,1,2025-07,Aggregator
1576,7333,Amount Rounding,0,64.1,Flagged,Fire,112292,Settled,0,2026-02,Online
1577,12993,Policy-Claim Gap,1,19.0,Confirmed,Natural Disaster,77931,Settled,0,2024-06,Agent
1578,5368,Amount Rounding,1,48.4,Cleared,Natural Disaster,81496,Settled,0,2025-10,Online
1579,9806,Repeat Claimant,1,53.6,Flagged,Health,24250,Settled,0,2024-12,Aggregator
1580,1971,Repeat Claimant,0,26.2,Confirmed,Natural Disaster,191126,Settled,0,2025-04,Agent
1581,15249,Amount Rounding,0,39.9,Flagged,Health,9069,Settled,0,2024-04,Online
1582,6655,Rapid Settlement,1,79.2,Under Review,Accident,125819,Settled,0,2025-08,Partnership
1583,18652,Policy-Claim Gap,0,3.2,Cleared,Accident,56001,Settled,0,2025-11,Bancassurance
1584,18534,Amount Rounding,0,23.4,Under Review,Health,29691,Settled,0,2025-08,Bancassurance
1585,13775,Rapid Settlement,0,38.1,Under Review,Theft,110546,Settled,0,2026-03,Agent
1586,2020,Policy-Claim Gap,1,60.1,Flagged,Accident,95199,Settled,0,2025-07,Agent
1587,3841,Rapid Settlement,0,45.6,Confirmed,Health,13337,Settled,0,2025-10,Online
1588,1818,High Claim Ratio,0,47.8,Flagged,Health,22974,Pending,0,2024-07,Online
1589,7952,Policy-Claim Gap,0,43.5,Cleared,Fire,95749,Settled,0,2024-11,Online
1590,1457,Policy-Claim Gap,1,7.3,Under Review,Accident,34438,Pending,0,2024-05,Online
1591,7992,High Claim Ratio,0,29.8,Confirmed,Accident,116925,Pending,0,2026-01,Online
1592,3455,Repeat Claimant,1,10.9,Flagged,Accident,21372,Settled,0,2024-09,Agent
1593,12277,Repeat Claimant,0,84.8,Cleared,Fire,84414,Settled,0,2024-06,Bancassurance
1594,13003,Amount Rounding,0,62.2,Flagged,Accident,44267,Settled,0,2024-05,Bancassurance
1595,5341,Policy-Claim Gap,1,99.3,Under Review,Accident,79009,Settled,0,2025-09,Online
1596,14646,Rapid Settlement,1,34.3,Under Review,Theft,31225,Settled,0,2026-03,Partnership
1597,6860,High Claim Ratio,1,74.9,Flagged,Health,9078,Settled,0,2024-06,Agent
1598,6949,Policy-Claim Gap,1,43.9,Under Review,Health,33413,Settled,0,2025-12,Agent
1599,361,Policy-Claim Gap,1,94.8,Confirmed,Natural Disaster,13588,Settled,0,2025-12,Aggregator
1600,7200,High Claim Ratio,1,17.7,Confirmed,Health,493467,Settled,0,2024-11,Agent
1601,295,Amount Rounding,1,32.2,Flagged,Accident,82710,Settled,0,2025-06,Agent
1602,11532,High Claim Ratio,0,17.5,Cleared,Health,24324,Settled,0,2025-05,Online
1603,16503,Amount Rounding,1,40.3,Confirmed,Fire,56057,Settled,0,2024-07,Bancassurance
1604,874,Amount Rounding,1,55.6,Under Review,Accident,41003,Settled,0,2025-09,Bancassurance
1605,8730,Rapid Settlement,1,20.1,Under Review,Natural Disaster,16165,Settled,0,2026-01,Agent
1606,5047,Policy-Claim Gap,1,56.9,Under Review,Health,53688,Pending,0,2024-05,Aggregator
1607,17497,Repeat Claimant,1,28.1,Under Review,Health,251225,Settled,0,2026-05,Bancassurance
1608,214,Repeat Claimant,1,33.9,Under Review,Fire,93534,Settled,0,2024-12,Agent
1609,8686,Policy-Claim Gap,0,31.5,Under Review,Fire,325729,Settled,0,2026-01,Aggregator
1610,4329,Policy-Claim Gap,0,21.4,Under Review,Health,70376,Settled,0,2025-01,Agent
1611,2504,Policy-Claim Gap,1,25.8,Cleared,Accident,41752,Settled,0,2024-06,Agent
1612,4674,Amount Rounding,1,8.8,Flagged,Natural Disaster,18463,Pending,0,2025-11,Bancassurance
1613,1208,Rapid Settlement,0,6.8,Under Review,Accident,65984,Pending,0,2025-07,Online
1614,8387,Rapid Settlement,0,64.4,Under Review,Accident,39466,Pending,0,2026-02,Partnership
1615,5828,Rapid Settlement,0,85.6,Confirmed,Fire,83731,Pending,0,2024-07,Aggregator
1616,11827,Repeat Claimant,1,79.0,Confirmed,Accident,166404,Settled,0,2025-11,Aggregator
1617,7618,High Claim Ratio,1,59.4,Confirmed,Accident,54151,Settled,0,2024-06,Agent
1618,17196,Amount Rounding,1,97.7,Under Review,Accident,13199,Settled,0,2025-06,Aggregator
1619,17840,Amount Rounding,1,6.6,Cleared,Health,27159,Settled,0,2025-02,Online
1620,14050,Policy-Claim Gap,0,67.7,Under Review,Accident,104613,Settled,0,2026-04,Aggregator
1621,1540,Rapid Settlement,1,11.9,Flagged,Theft,126284,Settled,0,2025-12,Partnership
1622,10035,Policy-Claim Gap,1,94.2,Flagged,Accident,217098,Settled,0,2024-10,Online
1623,3467,Policy-Claim Gap,1,86.3,Under Review,Health,80368,Settled,1,2025-12,Agent
1624,9003,High Claim Ratio,0,39.8,Confirmed,Accident,89344,Pending,0,2026-05,Aggregator
1625,4507,Repeat Claimant,0,3.4,Under Review,Theft,13165,Settled,0,2025-01,Online
1626,5561,Amount Rounding,1,14.4,Under Review,Health,36607,Settled,0,2025-02,Aggregator
1627,16087,Rapid Settlement,1,96.6,Confirmed,Accident,20593,Settled,0,2025-07,Online
1628,6743,High Claim Ratio,1,97.9,Confirmed,Health,25172,Settled,0,2025-01,Agent
1629,2323,High Claim Ratio,1,2.9,Confirmed,Accident,18763,Settled,0,2026-02,Online
1630,7796,Amount Rounding,1,41.2,Under Review,Accident,38803,Settled,0,2024-08,Bancassurance
1631,13491,Rapid Settlement,1,71.0,Flagged,Health,71535,Settled,0,2026-04,Bancassurance
1632,7002,Policy-Claim Gap,0,24.9,Confirmed,Health,124487,Settled,0,2024-03,Agent
1633,6478,Repeat Claimant,0,74.2,Flagged,Health,69910,Settled,0,2025-11,Aggregator
1634,7265,Rapid Settlement,1,82.6,Under Review,Fire,45802,Settled,1,2025-02,Agent
1635,9701,High Claim Ratio,1,62.1,Flagged,Accident,25568,Settled,0,2025-12,Online
1636,8668,High Claim Ratio,1,15.0,Confirmed,Fire,142066,Settled,0,2025-03,Online
1637,15779,High Claim Ratio,1,5.6,Cleared,Health,24618,Rejected,0,2024-09,Online
1638,15087,Repeat Claimant,1,87.5,Cleared,Natural Disaster,22051,Settled,0,2025-07,Online
1639,12473,Amount Rounding,1,91.4,Flagged,Theft,13202,Settled,0,2024-03,Online
1640,6371,High Claim Ratio,0,28.8,Confirmed,Accident,214655,Settled,0,2026-06,Online
1641,5718,High Claim Ratio,0,12.2,Flagged,Theft,21770,Settled,0,2025-07,Online
1642,5885,High Claim Ratio,1,12.3,Flagged,Health,413652,Rejected,1,2025-04,Online
1643,9016,Repeat Claimant,0,33.0,Flagged,Accident,13110,Settled,0,2025-11,Agent
1644,8461,Repeat Claimant,1,60.2,Cleared,Theft,67405,Settled,0,2026-03,Aggregator
1645,7701,Repeat Claimant,1,88.9,Under Review,Fire,24300,Pending,0,2026-01,Online
1646,3225,Rapid Settlement,0,42.4,Flagged,Health,39655,Settled,0,2024-08,Online
1647,8282,Rapid Settlement,0,92.4,Confirmed,Theft,27580,Settled,0,2025-08,Agent
1648,8987,High Claim Ratio,1,96.9,Confirmed,Natural Disaster,16112,Settled,0,2024-04,Online
1649,4248,Amount Rounding,0,49.1,Confirmed,Accident,79068,Settled,0,2025-12,Agent
1650,17869,Policy-Claim Gap,0,54.8,Flagged,Theft,216525,Settled,0,2025-11,Agent
1651,10837,Rapid Settlement,1,37.2,Flagged,Health,41308,Rejected,0,2024-01,Aggregator
1652,18406,Policy-Claim Gap,1,43.0,Flagged,Natural Disaster,10007,Settled,0,2024-12,Online
1653,8959,Amount Rounding,1,51.7,Flagged,Theft,21485,Settled,0,2024-10,Aggregator
1654,15753,Policy-Claim Gap,0,68.7,Flagged,Health,73032,Settled,0,2024-06,Bancassurance
1655,16324,Repeat Claimant,1,64.3,Flagged,Health,112907,Pending,0,2026-04,Aggregator
1656,909,Policy-Claim Gap,0,26.0,Confirmed,Health,138600,Settled,0,2025-09,Bancassurance
1657,13010,High Claim Ratio,1,96.0,Under Review,Accident,53623,Rejected,0,2024-06,Online
1658,4726,Repeat Claimant,0,77.5,Flagged,Accident,173093,Settled,0,2025-02,Online
1659,13670,Repeat Claimant,0,63.5,Confirmed,Health,31108,Settled,0,2026-01,Aggregator
1660,9271,Rapid Settlement,1,20.4,Under Review,Health,18948,Settled,0,2025-12,Partnership
1661,16635,Repeat Claimant,1,66.5,Under Review,Accident,32382,Settled,0,2024-10,Aggregator
1662,575,Repeat Claimant,0,7.1,Flagged,Accident,29594,Settled,0,2025-06,Partnership
1663,16748,High Claim Ratio,1,75.6,Flagged,Fire,34332,Settled,0,2024-12,Bancassurance
1664,7873,Rapid Settlement,1,83.0,Under Review,Theft,153490,Settled,0,2025-01,Partnership
1665,17126,Repeat Claimant,0,59.5,Under Review,Accident,20226,Pending,0,2025-03,Bancassurance
1666,7325,Policy-Claim Gap,1,33.6,Flagged,Theft,78257,Settled,0,2024-01,Online
1667,2719,Policy-Claim Gap,0,26.9,Flagged,Natural Disaster,108509,Settled,0,2025-09,Agent
1668,749,Repeat Claimant,1,31.8,Cleared,Natural Disaster,4151,Settled,0,2024-07,Online
1669,12180,Policy-Claim Gap,1,82.9,Flagged,Accident,48368,Settled,0,2025-04,Online
1670,12566,Rapid Settlement,1,6.5,Confirmed,Accident,101997,Settled,0,2025-10,Agent
1671,6536,Repeat Claimant,0,33.7,Confirmed,Theft,141413,Settled,0,2026-05,Agent
1672,7293,Repeat Claimant,0,39.3,Flagged,Health,43679,Settled,0,2025-11,Aggregator
1673,5198,Amount Rounding,1,47.6,Under Review,Health,118457,Settled,0,2025-07,Online
1674,17520,Amount Rounding,0,61.7,Flagged,Theft,55813,Settled,0,2025-11,Agent
1675,17534,Repeat Claimant,0,62.9,Flagged,Health,60986,Settled,0,2025-11,Online
1676,11341,Policy-Claim Gap,1,32.3,Flagged,Accident,62347,Settled,0,2025-08,Partnership
1677,10975,Amount Rounding,1,41.1,Under Review,Natural Disaster,46884,Settled,0,2026-03,Online
1678,16394,Rapid Settlement,0,14.9,Cleared,Accident,87818,Settled,0,2024-04,Bancassurance
1679,9310,Amount Rounding,0,8.5,Under Review,Fire,59461,Rejected,0,2025-10,Agent
1680,10792,High Claim Ratio,0,20.3,Confirmed,Natural Disaster,84888,Settled,0,2024-07,Aggregator
1681,6292,High Claim Ratio,0,5.7,Under Review,Accident,60861,Settled,0,2026-03,Aggregator
1682,2820,Amount Rounding,1,25.7,Under Review,Accident,46655,Settled,0,2026-04,Aggregator
1683,19612,Repeat Claimant,1,1.0,Cleared,Health,51474,Settled,0,2024-03,Online
1684,10429,Amount Rounding,0,14.8,Flagged,Natural Disaster,123704,Settled,0,2025-08,Agent
1685,931,Policy-Claim Gap,0,98.1,Under Review,Accident,54586,Settled,0,2025-09,Online
1686,919,Repeat Claimant,1,96.4,Flagged,Health,86100,Settled,1,2025-12,Online
1687,10141,Rapid Settlement,0,30.4,Flagged,Accident,90102,Settled,0,2024-03,Partnership
1688,13778,High Claim Ratio,1,87.4,Under Review,Theft,67758,Rejected,0,2024-12,Agent
1689,8996,Amount Rounding,1,22.8,Under Review,Health,11223,Settled,0,2024-05,Bancassurance
1690,1916,Policy-Claim Gap,1,87.6,Under Review,Health,79401,Settled,0,2026-05,Agent
1691,18582,Policy-Claim Gap,1,53.2,Cleared,Health,81477,Settled,0,2025-07,Partnership
1692,6617,High Claim Ratio,0,4.4,Confirmed,Theft,43338,Settled,0,2025-10,Online
1693,3131,Rapid Settlement,1,20.5,Cleared,Theft,804839,Settled,0,2025-05,Agent
1694,5010,Amount Rounding,1,95.6,Under Review,Accident,25616,Rejected,0,2024-11,Aggregator
1695,15117,Rapid Settlement,1,80.5,Confirmed,Accident,30868,Settled,0,2025-01,Online
1696,9914,Repeat Claimant,0,18.4,Under Review,Natural Disaster,22522,Rejected,0,2024-01,Agent
1697,4907,Rapid Settlement,0,20.0,Confirmed,Accident,75198,Settled,0,2026-06,Bancassurance
1698,17893,Amount Rounding,0,37.4,Confirmed,Health,31418,Settled,0,2024-06,Aggregator
1699,4718,Amount Rounding,1,62.4,Cleared,Accident,30424,Pending,0,2025-01,Partnership
1700,15201,Repeat Claimant,0,80.3,Confirmed,Health,42676,Settled,1,2026-01,Online
1701,1604,Repeat Claimant,1,1.1,Cleared,Accident,70017,Settled,0,2025-02,Agent
1702,13118,Amount Rounding,1,81.9,Flagged,Health,77178,Settled,0,2026-04,Online
1703,1609,High Claim Ratio,1,30.2,Flagged,Fire,94759,Pending,0,2025-10,Agent
1704,448,Policy-Claim Gap,1,34.2,Under Review,Health,54815,Pending,0,2024-10,Agent
1705,19532,Amount Rounding,1,64.2,Flagged,Natural Disaster,51085,Settled,0,2025-11,Online
1706,7100,Amount Rounding,1,96.1,Cleared,Theft,219784,Settled,0,2025-05,Bancassurance
1707,14457,High Claim Ratio,1,17.9,Flagged,Accident,97516,Pending,0,2025-05,Online
1708,13447,Policy-Claim Gap,1,7.4,Under Review,Health,13672,Settled,0,2025-09,Online
1709,1527,Policy-Claim Gap,1,43.4,Flagged,Health,234630,Settled,0,2024-04,Online
1710,7854,Rapid Settlement,1,51.6,Under Review,Theft,42022,Settled,0,2025-02,Agent
1711,1466,Repeat Claimant,1,73.5,Flagged,Natural Disaster,17837,Settled,0,2025-06,Online
1712,620,Rapid Settlement,1,46.9,Confirmed,Fire,486137,Pending,0,2024-03,Aggregator
1713,12583,Policy-Claim Gap,1,39.2,Under Review,Theft,90705,Settled,0,2025-11,Aggregator
1714,9471,Repeat Claimant,0,37.2,Flagged,Natural Disaster,23979,Settled,0,2025-12,Online
1715,12911,Rapid Settlement,1,84.2,Flagged,Theft,55949,Settled,0,2024-01,Aggregator
1716,8765,Amount Rounding,0,8.6,Flagged,Accident,65915,Settled,0,2025-09,Aggregator
1717,8481,Amount Rounding,1,83.0,Cleared,Health,55984,Settled,0,2024-01,Online
1718,19984,Policy-Claim Gap,0,6.1,Confirmed,Health,189645,Pending,0,2025-04,Bancassurance
1719,4078,Amount Rounding,1,72.4,Confirmed,Accident,198782,Settled,0,2025-07,Agent
1720,19688,Rapid Settlement,1,64.9,Under Review,Accident,29130,Settled,0,2026-06,Bancassurance
1721,15530,Rapid Settlement,0,96.1,Flagged,Theft,67026,Settled,0,2024-02,Partnership
1722,3550,Rapid Settlement,1,48.1,Confirmed,Health,46172,Pending,0,2025-11,Bancassurance
1723,16929,Repeat Claimant,1,87.5,Flagged,Theft,74175,Settled,0,2024-04,Online
1724,11242,High Claim Ratio,1,84.1,Confirmed,Fire,39977,Pending,0,2026-05,Aggregator
1725,4877,Policy-Claim Gap,1,67.4,Flagged,Accident,14554,Settled,0,2025-06,Bancassurance
1726,2944,High Claim Ratio,1,10.1,Flagged,Fire,266847,Settled,0,2024-06,Agent
1727,10857,Amount Rounding,0,24.2,Confirmed,Theft,27136,Settled,0,2024-06,Bancassurance
1728,17568,Repeat Claimant,0,67.8,Flagged,Natural Disaster,85240,Settled,0,2024-05,Agent
1729,19351,High Claim Ratio,1,97.8,Under Review,Health,562740,Settled,0,2024-08,Online
1730,3038,Amount Rounding,1,75.7,Under Review,Accident,26023,Rejected,0,2025-02,Bancassurance
1731,10039,Rapid Settlement,0,41.0,Under Review,Natural Disaster,28833,Settled,1,2025-09,Online
1732,12049,Amount Rounding,1,26.3,Under Review,Accident,30246,Settled,0,2024-07,Online
1733,18540,High Claim Ratio,0,79.0,Confirmed,Accident,16347,Settled,0,2025-09,Agent
1734,5664,High Claim Ratio,0,75.5,Cleared,Accident,29385,Pending,0,2025-07,Bancassurance
1735,14696,Repeat Claimant,0,60.1,Flagged,Accident,38843,Settled,0,2025-03,Agent
1736,10387,Repeat Claimant,0,41.1,Flagged,Accident,102117,Rejected,0,2025-02,Aggregator
1737,8588,Repeat Claimant,1,51.7,Flagged,Fire,69015,Settled,0,2025-07,Bancassurance
1738,7806,Rapid Settlement,1,91.1,Confirmed,Health,37116,Settled,0,2025-06,Bancassurance
1739,15535,High Claim Ratio,0,64.8,Flagged,Theft,33844,Pending,0,2025-01,Agent
1740,503,Amount Rounding,0,21.8,Confirmed,Accident,10532,Rejected,0,2025-06,Online
1741,11713,High Claim Ratio,1,31.9,Confirmed,Health,87213,Settled,0,2025-03,Agent
1742,1728,Rapid Settlement,1,19.7,Flagged,Accident,98420,Settled,0,2024-03,Agent
1743,13166,Rapid Settlement,0,90.6,Flagged,Accident,15023,Settled,0,2024-03,Bancassurance
1744,7361,Amount Rounding,0,91.7,Under Review,Accident,19342,Settled,0,2026-02,Online
1745,2374,Repeat Claimant,0,31.0,Under Review,Health,59824,Rejected,0,2026-04,Online
1746,10360,Rapid Settlement,0,5.9,Confirmed,Accident,22366,Settled,0,2026-04,Online
1747,19627,Amount Rounding,1,31.3,Under Review,Health,10805,Settled,0,2025-12,Agent
1748,18916,Amount Rounding,1,90.6,Confirmed,Health,59339,Settled,0,2026-02,Agent
1749,7431,Repeat Claimant,1,29.9,Flagged,Accident,72664,Settled,1,2024-10,Partnership
1750,13933,High Claim Ratio,0,54.4,Confirmed,Health,32822,Pending,0,2024-10,Online
1751,13448,High Claim Ratio,1,65.3,Under Review,Theft,64585,Settled,0,2026-06,Agent
1752,11708,Amount Rounding,1,65.2,Flagged,Accident,64242,Settled,0,2025-02,Online
1753,16540,Policy-Claim Gap,1,81.2,Flagged,Theft,112735,Pending,0,2025-02,Aggregator
1754,16354,Amount Rounding,0,83.1,Confirmed,Accident,54883,Settled,0,2026-03,Bancassurance
1755,5451,Policy-Claim Gap,1,94.7,Cleared,Fire,85402,Settled,0,2024-10,Online
1756,677,Rapid Settlement,1,31.0,Under Review,Accident,56035,Settled,0,2025-01,Agent
1757,1598,Repeat Claimant,1,38.9,Under Review,Theft,72203,Settled,0,2024-02,Bancassurance
1758,11784,High Claim Ratio,1,7.1,Under Review,Natural Disaster,115933,Settled,0,2025-11,Agent
1759,16254,Repeat Claimant,0,24.5,Flagged,Theft,53617,Pending,0,2025-12,Agent
1760,18201,Policy-Claim Gap,0,52.3,Cleared,Health,87032,Settled,1,2025-12,Online
1761,9117,High Claim Ratio,1,10.2,Under Review,Fire,24216,Pending,0,2024-10,Partnership
1762,19572,Rapid Settlement,1,9.9,Flagged,Accident,17292,Settled,0,2024-01,Agent
1763,202,Amount Rounding,1,54.5,Flagged,Accident,26372,Rejected,0,2025-12,Bancassurance
1764,9787,High Claim Ratio,0,78.9,Cleared,Accident,34501,Settled,0,2025-08,Aggregator
1765,1189,High Claim Ratio,1,46.5,Flagged,Accident,18665,Pending,0,2026-06,Aggregator
1766,2075,Policy-Claim Gap,1,94.6,Under Review,Health,28414,Settled,0,2024-10,Online
1767,6952,High Claim Ratio,0,91.9,Confirmed,Accident,20278,Settled,0,2024-03,Online
1768,16537,Policy-Claim Gap,0,97.6,Flagged,Health,71424,Settled,0,2024-04,Online
1769,4999,Amount Rounding,1,24.6,Under Review,Accident,27925,Settled,0,2026-02,Online
1770,6130,Rapid Settlement,1,60.2,Cleared,Natural Disaster,90286,Settled,0,2024-03,Agent
1771,11873,Policy-Claim Gap,0,76.0,Flagged,Natural Disaster,22955,Settled,0,2024-11,Agent
1772,6542,Amount Rounding,1,97.5,Confirmed,Accident,18052,Settled,0,2026-02,Online
1773,10309,Amount Rounding,1,35.7,Flagged,Health,47025,Pending,0,2025-09,Agent
1774,17155,Policy-Claim Gap,1,60.3,Flagged,Accident,21447,Settled,0,2025-02,Agent
1775,11671,High Claim Ratio,1,79.2,Under Review,Theft,121787,Pending,0,2025-10,Partnership
1776,16460,Policy-Claim Gap,1,28.7,Flagged,Fire,40216,Settled,0,2024-12,Aggregator
1777,1246,Rapid Settlement,1,58.9,Confirmed,Health,103243,Settled,0,2025-01,Bancassurance
1778,6327,Rapid Settlement,1,58.5,Under Review,Accident,105068,Settled,0,2026-02,Agent
1779,13600,Repeat Claimant,0,63.5,Flagged,Accident,42338,Settled,0,2024-07,Partnership
1780,370,Rapid Settlement,1,85.6,Confirmed,Natural Disaster,62299,Settled,0,2025-03,Partnership
1781,18794,Policy-Claim Gap,0,51.5,Flagged,Health,107781,Pending,0,2024-12,Agent
1782,13889,Policy-Claim Gap,1,61.2,Confirmed,Theft,158702,Settled,0,2025-07,Partnership
1783,19122,Amount Rounding,0,99.4,Confirmed,Accident,78038,Settled,0,2025-05,Agent
1784,6435,Repeat Claimant,1,80.5,Flagged,Accident,117132,Settled,0,2024-09,Agent
1785,5905,High Claim Ratio,0,22.1,Flagged,Natural Disaster,91452,Settled,0,2024-11,Online
1786,2106,Repeat Claimant,0,19.1,Confirmed,Health,137442,Pending,0,2026-03,Aggregator
1787,2115,Amount Rounding,1,54.4,Flagged,Health,167081,Rejected,0,2025-05,Bancassurance
1788,2915,Policy-Claim Gap,1,6.3,Flagged,Accident,30056,Settled,0,2025-02,Online
1789,15058,Repeat Claimant,0,19.2,Flagged,Accident,23392,Settled,0,2025-10,Partnership
1790,18810,Amount Rounding,1,68.4,Confirmed,Accident,240983,Settled,0,2025-04,Agent
1791,6723,Policy-Claim Gap,0,15.9,Under Review,Accident,78405,Settled,0,2025-06,Aggregator
1792,516,Amount Rounding,1,8.6,Confirmed,Health,35978,Settled,0,2026-05,Aggregator
1793,16841,High Claim Ratio,1,43.3,Confirmed,Fire,4598,Settled,0,2025-06,Online
1794,13065,Repeat Claimant,0,14.9,Confirmed,Accident,33572,Settled,0,2025-07,Online
1795,17767,Amount Rounding,0,16.7,Flagged,Health,11167,Pending,0,2025-09,Bancassurance
1796,14699,Rapid Settlement,1,85.7,Flagged,Theft,131379,Settled,0,2024-10,Bancassurance
1797,8969,Rapid Settlement,1,9.4,Under Review,Accident,69548,Settled,0,2024-11,Aggregator
1798,13808,Policy-Claim Gap,1,16.8,Cleared,Fire,133209,Settled,0,2025-01,Partnership
1799,11505,Policy-Claim Gap,1,31.2,Flagged,Accident,161729,Settled,0,2024-05,Online
1800,8134,Rapid Settlement,1,11.0,Under Review,Health,154442,Pending,0,2026-02,Agent
1801,16235,Repeat Claimant,1,11.5,Flagged,Accident,208424,Settled,0,2025-04,Agent
1802,15226,Repeat Claimant,0,55.2,Flagged,Health,59798,Settled,0,2024-04,Online
1803,8392,Policy-Claim Gap,0,79.7,Under Review,Health,51242,Settled,0,2024-05,Online
1804,12186,Rapid Settlement,1,70.5,Under Review,Natural Disaster,20278,Rejected,0,2025-10,Aggregator
1805,7621,High Claim Ratio,1,36.6,Cleared,Health,35475,Settled,0,2024-03,Agent
1806,13890,High Claim Ratio,1,45.7,Flagged,Accident,34104,Settled,0,2024-03,Bancassurance
1807,5020,Amount Rounding,0,15.9,Flagged,Fire,13335,Settled,0,2024-07,Aggregator
1808,5971,Policy-Claim Gap,0,71.1,Under Review,Health,36562,Settled,0,2026-04,Agent
1809,4783,Amount Rounding,1,91.3,Confirmed,Theft,117825,Settled,0,2024-06,Online
1810,19051,Repeat Claimant,1,83.6,Flagged,Health,10761,Rejected,0,2024-06,Agent
1811,18875,Repeat Claimant,1,64.7,Flagged,Accident,157159,Pending,0,2024-05,Aggregator
1812,8595,Amount Rounding,1,71.5,Confirmed,Health,254446,Settled,0,2025-09,Online
1813,12300,Policy-Claim Gap,1,48.6,Flagged,Health,148285,Settled,0,2025-04,Online
1814,17827,High Claim Ratio,1,29.0,Confirmed,Fire,21168,Pending,0,2024-07,Online
1815,12929,Amount Rounding,0,7.4,Under Review,Health,41558,Settled,0,2024-09,Online
1816,8773,Policy-Claim Gap,1,62.1,Flagged,Accident,161762,Settled,0,2026-01,Online
1817,6687,High Claim Ratio,0,35.7,Flagged,Health,114737,Settled,0,2026-04,Online
1818,6875,Rapid Settlement,0,55.9,Flagged,Health,45964,Settled,0,2026-04,Online
1819,19772,Policy-Claim Gap,0,37.6,Flagged,Natural Disaster,9966,Settled,0,2025-07,Online
1820,18221,Policy-Claim Gap,1,5.8,Under Review,Natural Disaster,8912,Settled,0,2025-05,Online
1821,7838,High Claim Ratio,0,49.6,Cleared,Fire,31689,Settled,0,2024-07,Agent
1822,1584,Rapid Settlement,1,69.0,Flagged,Theft,162435,Settled,0,2024-10,Bancassurance
1823,2097,High Claim Ratio,0,74.5,Flagged,Theft,153184,Pending,0,2024-02,Online
1824,18975,Amount Rounding,1,29.1,Cleared,Theft,31963,Rejected,0,2025-01,Agent
1825,3413,Amount Rounding,1,36.8,Confirmed,Health,27685,Settled,1,2025-01,Online
1826,18487,Repeat Claimant,1,29.5,Under Review,Accident,61536,Settled,0,2025-01,Partnership
1827,419,Amount Rounding,0,3.4,Under Review,Natural Disaster,10836,Rejected,0,2026-03,Online
1828,19682,Rapid Settlement,1,88.4,Cleared,Natural Disaster,72865,Settled,0,2025-02,Online
1829,10998,Policy-Claim Gap,1,79.5,Flagged,Accident,18027,Settled,0,2024-11,Agent
1830,7131,Repeat Claimant,0,84.0,Confirmed,Accident,117315,Settled,0,2026-05,Bancassurance
1831,500,Amount Rounding,1,69.8,Under Review,Accident,29611,Settled,0,2025-03,Agent
1832,12247,Repeat Claimant,1,32.0,Under Review,Accident,24265,Settled,0,2024-06,Aggregator
1833,11790,Amount Rounding,1,66.5,Confirmed,Theft,10527,Settled,0,2025-02,Agent
1834,19115,Amount Rounding,0,50.2,Flagged,Accident,117483,Settled,0,2025-03,Partnership
1835,16095,Rapid Settlement,1,58.7,Cleared,Accident,14676,Pending,0,2024-05,Agent
1836,8809,High Claim Ratio,0,96.5,Flagged,Accident,79743,Settled,0,2024-07,Agent
1837,10741,Policy-Claim Gap,1,48.9,Under Review,Accident,17088,Settled,0,2024-09,Online
1838,12498,Amount Rounding,0,77.7,Under Review,Accident,131007,Settled,0,2024-10,Agent
1839,8200,Repeat Claimant,0,16.1,Under Review,Health,297085,Rejected,0,2025-09,Agent
1840,15278,Amount Rounding,1,42.6,Under Review,Fire,15416,Pending,0,2024-01,Agent
1841,15983,Policy-Claim Gap,1,83.9,Under Review,Natural Disaster,38706,Settled,0,2025-12,Online
1842,3527,Policy-Claim Gap,1,59.4,Under Review,Natural Disaster,39253,Settled,0,2025-03,Agent
1843,17343,Rapid Settlement,0,46.4,Cleared,Accident,93841,Settled,0,2025-09,Partnership
1844,8004,Amount Rounding,1,25.8,Cleared,Natural Disaster,31435,Settled,0,2024-10,Agent
1845,1752,High Claim Ratio,1,71.1,Flagged,Accident,15833,Rejected,0,2024-12,Aggregator
1846,12613,Repeat Claimant,1,25.0,Flagged,Fire,111155,Settled,0,2026-05,Agent
1847,1983,Rapid Settlement,0,66.4,Flagged,Accident,44897,Settled,1,2024-03,Aggregator
1848,18143,Rapid Settlement,1,84.4,Flagged,Health,46838,Settled,0,2024-06,Bancassurance
1849,19323,Amount Rounding,0,43.5,Flagged,Theft,252570,Rejected,0,2025-04,Agent
1850,15703,Policy-Claim Gap,0,40.8,Flagged,Accident,93253,Settled,0,2024-10,Online
1851,10165,Amount Rounding,1,93.9,Confirmed,Accident,37278,Settled,0,2026-02,Agent
1852,2032,Repeat Claimant,1,12.0,Under Review,Accident,28249,Settled,0,2024-12,Agent
1853,10959,Repeat Claimant,0,28.0,Flagged,Health,258066,Settled,0,2024-12,Agent
1854,11790,Policy-Claim Gap,0,29.4,Cleared,Theft,10527,Settled,0,2025-02,Agent
1855,160,Repeat Claimant,1,8.6,Cleared,Health,68357,Settled,0,2024-09,Online
1856,14224,High Claim Ratio,0,7.2,Confirmed,Accident,26068,Settled,0,2024-06,Agent
1857,5095,High Claim Ratio,0,74.9,Confirmed,Health,27115,Settled,0,2026-03,Aggregator
1858,11528,Rapid Settlement,0,14.8,Flagged,Fire,53585,Settled,0,2026-03,Aggregator
1859,17631,High Claim Ratio,0,32.9,Flagged,Accident,122470,Settled,0,2025-06,Online
1860,3121,Policy-Claim Gap,1,98.3,Confirmed,Natural Disaster,64644,Settled,0,2024-06,Agent
1861,1705,Rapid Settlement,0,13.5,Confirmed,Accident,6807,Settled,0,2026-02,Online
1862,12967,Repeat Claimant,0,59.0,Cleared,Theft,80001,Settled,0,2024-01,Agent
1863,4537,Policy-Claim Gap,0,14.5,Flagged,Natural Disaster,156634,Settled,0,2025-06,Online
1864,3123,Policy-Claim Gap,1,95.5,Confirmed,Fire,47010,Rejected,0,2026-04,Online
1865,5961,Repeat Claimant,0,85.4,Cleared,Accident,60020,Settled,0,2024-12,Bancassurance
1866,82,Rapid Settlement,1,93.9,Flagged,Theft,328293,Rejected,0,2025-10,Aggregator
1867,12028,Policy-Claim Gap,0,80.4,Confirmed,Natural Disaster,194017,Settled,0,2026-01,Online
1868,11219,Rapid Settlement,1,21.8,Confirmed,Health,18656,Settled,0,2024-10,Bancassurance
1869,5627,Repeat Claimant,0,16.1,Flagged,Health,53492,Settled,0,2025-08,Bancassurance
1870,11779,Rapid Settlement,1,15.0,Confirmed,Health,69487,Settled,0,2024-10,Aggregator
1871,1748,Amount Rounding,0,25.2,Flagged,Theft,51896,Settled,0,2025-09,Agent
1872,8585,Repeat Claimant,0,67.2,Flagged,Accident,17048,Pending,0,2024-04,Online
1873,16887,Rapid Settlement,1,58.5,Flagged,Accident,38527,Pending,0,2024-08,Agent
1874,9238,Amount Rounding,0,82.4,Under Review,Health,27195,Settled,0,2024-03,Online
1875,8904,Rapid Settlement,0,99.2,Confirmed,Health,64751,Settled,0,2024-08,Online
1876,19080,Amount Rounding,0,80.5,Flagged,Theft,39848,Settled,0,2024-04,Partnership
1877,19728,Repeat Claimant,1,13.1,Flagged,Health,418610,Settled,0,2025-08,Online
1878,9668,High Claim Ratio,1,4.7,Flagged,Health,50600,Settled,0,2026-04,Agent
1879,5031,Rapid Settlement,1,18.9,Under Review,Health,135847,Settled,0,2024-07,Online
1880,1403,High Claim Ratio,1,58.8,Cleared,Natural Disaster,82794,Settled,0,2024-08,Agent
1881,6262,Repeat Claimant,1,70.9,Flagged,Natural Disaster,41030,Settled,0,2026-06,Agent
1882,17093,Amount Rounding,1,87.8,Cleared,Theft,18090,Settled,0,2025-01,Partnership
1883,12688,Rapid Settlement,1,26.6,Flagged,Health,65895,Settled,0,2026-05,Online
1884,11688,Amount Rounding,1,14.9,Under Review,Accident,82216,Settled,0,2025-06,Online
1885,6863,Policy-Claim Gap,0,27.4,Flagged,Natural Disaster,26603,Settled,0,2024-03,Agent
1886,18593,Amount Rounding,1,35.1,Cleared,Accident,182583,Settled,0,2026-02,Agent
1887,18206,Repeat Claimant,1,36.5,Confirmed,Health,83617,Settled,0,2024-06,Agent
1888,1467,High Claim Ratio,1,38.3,Flagged,Accident,102543,Pending,0,2024-11,Aggregator
1889,1609,Repeat Claimant,1,55.9,Flagged,Fire,94759,Pending,0,2025-10,Agent
1890,13458,High Claim Ratio,0,3.4,Confirmed,Accident,15044,Settled,0,2025-09,Online
1891,11135,Amount Rounding,0,91.7,Confirmed,Accident,54885,Settled,0,2026-05,Agent
1892,5048,Repeat Claimant,0,58.7,Confirmed,Health,42093,Settled,0,2024-10,Online
1893,16102,Amount Rounding,1,95.7,Confirmed,Fire,1337231,Settled,0,2025-08,Online
1894,8489,Policy-Claim Gap,0,87.0,Under Review,Health,66565,Pending,0,2025-03,Bancassurance
1895,14939,Rapid Settlement,1,58.3,Flagged,Accident,19195,Settled,0,2025-03,Agent
1896,12821,High Claim Ratio,1,31.6,Under Review,Accident,51777,Settled,0,2024-01,Bancassurance
1897,969,Amount Rounding,0,58.6,Under Review,Health,181127,Settled,0,2024-09,Aggregator
1898,7383,Rapid Settlement,0,81.9,Under Review,Theft,67482,Pending,1,2026-02,Bancassurance
1899,11850,Rapid Settlement,0,26.8,Flagged,Natural Disaster,14282,Pending,0,2024-06,Agent
1900,8165,Amount Rounding,1,67.9,Under Review,Health,57733,Rejected,0,2025-02,Online
1901,3742,Policy-Claim Gap,1,31.6,Under Review,Accident,29085,Pending,0,2024-04,Agent
1902,3719,Repeat Claimant,0,96.8,Flagged,Accident,47979,Settled,0,2025-11,Agent
1903,14432,Policy-Claim Gap,0,82.8,Flagged,Accident,22359,Settled,0,2024-05,Aggregator
1904,12301,Rapid Settlement,1,58.0,Under Review,Accident,54102,Settled,1,2024-04,Online
1905,3390,Amount Rounding,1,56.4,Flagged,Fire,150091,Pending,0,2024-04,Aggregator
1906,19113,High Claim Ratio,1,72.2,Confirmed,Accident,84868,Settled,0,2025-08,Agent
1907,17869,Repeat Claimant,1,72.8,Under Review,Theft,216525,Settled,0,2025-11,Agent
1908,19228,Rapid Settlement,1,0.6,Under Review,Health,32073,Settled,0,2025-07,Partnership
1909,7836,Amount Rounding,0,10.0,Flagged,Natural Disaster,13041,Settled,0,2024-11,Agent
1910,1085,Repeat Claimant,1,20.3,Under Review,Health,352650,Pending,0,2024-11,Agent
1911,13729,Rapid Settlement,1,39.9,Flagged,Accident,31952,Settled,0,2024-09,Agent
1912,17181,Rapid Settlement,0,1.8,Flagged,Accident,53646,Settled,0,2024-04,Bancassurance
1913,5394,Rapid Settlement,1,55.1,Confirmed,Natural Disaster,23367,Settled,0,2025-02,Partnership
1914,5241,High Claim Ratio,1,99.1,Confirmed,Accident,33200,Settled,0,2026-05,Aggregator
1915,9893,Amount Rounding,1,67.2,Under Review,Health,33639,Rejected,0,2024-02,Bancassurance
1916,13126,Policy-Claim Gap,1,97.2,Flagged,Theft,31461,Settled,0,2024-03,Online
1917,14226,Repeat Claimant,0,58.7,Under Review,Health,28694,Settled,0,2024-08,Online
1918,11591,High Claim Ratio,1,2.4,Flagged,Accident,513993,Settled,0,2025-04,Online
1919,10771,Rapid Settlement,1,76.8,Cleared,Theft,34647,Settled,0,2024-01,Online
1920,8812,Rapid Settlement,1,21.3,Under Review,Fire,262971,Settled,0,2025-07,Online
1921,17813,Rapid Settlement,0,23.7,Confirmed,Fire,27288,Settled,0,2026-06,Agent
1922,4000,Rapid Settlement,1,35.8,Flagged,Health,87998,Settled,0,2024-04,Online
1923,13681,Amount Rounding,1,66.2,Under Review,Health,35629,Settled,0,2024-11,Online
1924,6028,High Claim Ratio,0,20.0,Confirmed,Health,25388,Settled,0,2024-03,Aggregator
1925,17039,Amount Rounding,0,52.9,Cleared,Theft,43755,Settled,0,2025-12,Agent
1926,19881,Repeat Claimant,1,16.2,Confirmed,Theft,173996,Settled,0,2024-08,Online
1927,1134,Rapid Settlement,1,49.6,Flagged,Theft,171771,Settled,0,2024-12,Partnership
1928,3352,Amount Rounding,1,86.3,Under Review,Accident,108965,Settled,0,2025-04,Agent
1929,877,High Claim Ratio,0,46.7,Flagged,Accident,41799,Settled,1,2026-03,Online
1930,7254,Amount Rounding,0,83.0,Flagged,Accident,29222,Settled,1,2026-03,Aggregator
1931,6482,Rapid Settlement,0,47.0,Under Review,Natural Disaster,56446,Pending,0,2025-09,Agent
1932,5007,Repeat Claimant,1,32.3,Under Review,Theft,186590,Settled,0,2025-10,Agent
1933,6233,Policy-Claim Gap,0,79.0,Flagged,Accident,184568,Settled,0,2025-03,Partnership
1934,5516,High Claim Ratio,1,64.2,Under Review,Fire,104768,Settled,0,2025-04,Online
1935,9722,Amount Rounding,0,97.0,Flagged,Fire,31023,Settled,0,2024-03,Bancassurance
1936,9743,High Claim Ratio,0,61.5,Under Review,Theft,38848,Settled,0,2026-04,Online
1937,11379,Repeat Claimant,1,91.6,Confirmed,Theft,87021,Settled,1,2025-04,Partnership
1938,917,High Claim Ratio,1,2.9,Confirmed,Natural Disaster,30898,Settled,0,2025-01,Online
1939,691,Rapid Settlement,0,59.2,Under Review,Health,62257,Settled,0,2025-06,Aggregator
1940,6870,Rapid Settlement,0,75.5,Flagged,Accident,6138,Settled,0,2025-08,Aggregator
1941,14970,Repeat Claimant,0,98.3,Under Review,Accident,221057,Settled,0,2024-09,Agent
1942,18479,Policy-Claim Gap,1,0.9,Confirmed,Theft,21419,Settled,0,2024-10,Agent
1943,15132,Amount Rounding,1,42.1,Under Review,Health,45991,Settled,0,2024-05,Online
1944,16265,Rapid Settlement,1,39.1,Cleared,Health,130842,Settled,0,2024-06,Aggregator
1945,1885,Rapid Settlement,0,95.1,Under Review,Accident,130573,Settled,0,2026-05,Online
1946,6849,Repeat Claimant,0,29.3,Confirmed,Fire,39882,Settled,1,2025-11,Aggregator
1947,7213,Repeat Claimant,1,55.9,Flagged,Health,40981,Settled,0,2024-03,Bancassurance
1948,266,Repeat Claimant,0,59.2,Under Review,Accident,153350,Settled,0,2024-04,Agent
1949,4531,Amount Rounding,1,59.5,Confirmed,Health,202906,Settled,1,2025-10,Bancassurance
1950,13764,Amount Rounding,0,6.7,Under Review,Natural Disaster,8529,Settled,0,2025-03,Partnership
1951,7168,Repeat Claimant,1,62.8,Confirmed,Health,92172,Settled,0,2026-01,Aggregator
1952,16870,Amount Rounding,1,48.8,Flagged,Theft,11222,Settled,0,2025-07,Agent
1953,9565,High Claim Ratio,1,53.3,Flagged,Health,23625,Settled,0,2024-10,Agent
1954,13712,Policy-Claim Gap,1,21.9,Under Review,Health,49663,Settled,0,2025-09,Bancassurance
1955,7508,Policy-Claim Gap,1,23.4,Flagged,Accident,78622,Pending,0,2025-08,Agent
1956,17794,Amount Rounding,1,24.2,Under Review,Natural Disaster,65245,Settled,0,2025-02,Online
1957,4525,High Claim Ratio,1,33.8,Confirmed,Accident,352699,Settled,0,2024-02,Aggregator
1958,12654,Policy-Claim Gap,1,64.7,Confirmed,Fire,85047,Settled,0,2024-12,Agent
1959,17437,Policy-Claim Gap,1,73.3,Flagged,Theft,75968,Settled,0,2024-11,Agent
1960,8945,Repeat Claimant,0,12.5,Under Review,Health,9065,Rejected,0,2025-05,Agent
1961,15490,High Claim Ratio,1,87.6,Flagged,Accident,44991,Pending,0,2024-08,Online
1962,17058,Rapid Settlement,1,3.5,Under Review,Theft,111419,Settled,0,2024-11,Online
1963,1636,Policy-Claim Gap,0,67.5,Flagged,Accident,37614,Pending,0,2025-03,Aggregator
1964,10493,High Claim Ratio,1,66.3,Confirmed,Fire,13289,Pending,0,2026-05,Agent
1965,4918,Policy-Claim Gap,0,60.2,Under Review,Theft,44064,Settled,0,2025-06,Online
1966,1662,Policy-Claim Gap,1,72.9,Flagged,Accident,13644,Settled,0,2025-05,Aggregator
1967,16041,Policy-Claim Gap,0,72.9,Flagged,Natural Disaster,94818,Pending,0,2026-05,Aggregator
1968,2560,High Claim Ratio,0,32.8,Under Review,Theft,40204,Settled,0,2025-10,Agent
1969,227,Policy-Claim Gap,1,64.5,Confirmed,Theft,80892,Settled,0,2026-04,Aggregator
1970,7228,Policy-Claim Gap,0,49.5,Under Review,Accident,189945,Settled,0,2024-10,Aggregator
1971,1487,Repeat Claimant,0,10.1,Cleared,Fire,28263,Settled,0,2025-10,Online
1972,16130,Policy-Claim Gap,0,92.0,Flagged,Fire,75595,Settled,0,2025-10,Online
1973,12349,High Claim Ratio,1,24.6,Flagged,Health,23027,Settled,1,2026-01,Aggregator
1974,3943,Amount Rounding,1,93.2,Under Review,Theft,31177,Settled,0,2026-03,Agent
1975,3765,Rapid Settlement,1,67.9,Confirmed,Accident,471838,Settled,0,2024-01,Agent
1976,5622,High Claim Ratio,1,85.8,Flagged,Theft,62444,Settled,0,2025-01,Aggregator
1977,8554,Policy-Claim Gap,1,11.9,Cleared,Health,86046,Settled,0,2026-05,Online
1978,12733,Repeat Claimant,1,50.5,Under Review,Accident,24243,Settled,0,2025-07,Bancassurance
1979,18065,Rapid Settlement,0,80.4,Flagged,Accident,20244,Settled,0,2025-11,Bancassurance
1980,10845,Amount Rounding,1,43.4,Flagged,Natural Disaster,50858,Settled,0,2026-02,Agent
1981,19054,Rapid Settlement,0,12.3,Confirmed,Natural Disaster,29850,Settled,0,2024-12,Aggregator
1982,7342,High Claim Ratio,1,83.8,Cleared,Natural Disaster,32317,Settled,0,2024-01,Aggregator
1983,18645,High Claim Ratio,1,94.2,Flagged,Accident,57374,Settled,0,2024-12,Online
1984,8249,Policy-Claim Gap,0,77.6,Flagged,Health,45524,Settled,0,2024-02,Aggregator
1985,13046,Repeat Claimant,1,0.9,Under Review,Accident,42423,Settled,0,2026-04,Agent
1986,9260,Repeat Claimant,1,46.0,Under Review,Accident,93632,Settled,0,2025-04,Agent
1987,1137,Amount Rounding,1,86.7,Flagged,Accident,74711,Settled,0,2024-01,Agent
1988,11699,Repeat Claimant,1,94.5,Under Review,Accident,28440,Settled,0,2024-10,Online
1989,5624,Repeat Claimant,1,99.2,Confirmed,Natural Disaster,117046,Settled,0,2025-01,Agent
1990,10257,High Claim Ratio,0,23.3,Under Review,Natural Disaster,12086,Pending,0,2024-03,Agent
1991,4131,Amount Rounding,1,77.2,Under Review,Natural Disaster,41497,Settled,0,2024-07,Agent
1992,3504,Rapid Settlement,1,25.5,Under Review,Accident,53780,Settled,0,2026-04,Agent
1993,16829,Rapid Settlement,0,41.2,Flagged,Theft,24129,Settled,0,2025-05,Online
1994,15991,Policy-Claim Gap,1,90.4,Confirmed,Accident,48908,Settled,0,2024-09,Bancassurance
1995,19041,Repeat Claimant,1,57.1,Cleared,Fire,12622,Rejected,0,2024-07,Online
1996,9320,Rapid Settlement,1,82.8,Confirmed,Natural Disaster,61537,Pending,0,2024-02,Agent
1997,17482,Amount Rounding,0,98.9,Under Review,Natural Disaster,73997,Settled,0,2024-11,Online
1998,13810,High Claim Ratio,1,19.3,Cleared,Natural Disaster,57554,Settled,0,2025-05,Partnership
1999,13733,Repeat Claimant,1,53.9,Under Review,Accident,13787,Settled,0,2024-10,Online
2000,6755,Rapid Settlement,1,44.0,Under Review,Health,21400,Settled,0,2024-10,Online
2001,12375,Rapid Settlement,1,26.3,Flagged,Theft,34602,Settled,0,2025-11,Agent
2002,10744,High Claim Ratio,0,68.4,Confirmed,Accident,28533,Settled,0,2024-12,Agent
2003,17662,Amount Rounding,0,69.8,Flagged,Theft,68314,Settled,0,2025-07,Agent
2004,2837,Rapid Settlement,1,40.2,Flagged,Health,88735,Settled,0,2025-09,Aggregator
2005,10513,High Claim Ratio,0,5.7,Confirmed,Accident,350121,Settled,0,2025-06,Online
2006,17058,Policy-Claim Gap,0,79.1,Flagged,Theft,111419,Settled,0,2024-11,Online
2007,2678,Rapid Settlement,1,52.6,Flagged,Accident,54334,Settled,0,2025-07,Agent
2008,11828,High Claim Ratio,1,28.5,Confirmed,Natural Disaster,8436,Settled,0,2024-10,Online
2009,12509,Rapid Settlement,1,74.8,Flagged,Theft,16891,Settled,0,2025-11,Online
2010,2214,Policy-Claim Gap,1,38.9,Under Review,Natural Disaster,9253,Settled,0,2024-01,Bancassurance
2011,15011,Policy-Claim Gap,0,49.7,Flagged,Health,51479,Settled,0,2026-05,Aggregator
2012,3929,Amount Rounding,1,33.1,Confirmed,Health,8673,Settled,0,2024-03,Agent
2013,6653,Policy-Claim Gap,1,18.7,Under Review,Theft,82718,Pending,0,2024-12,Bancassurance
2014,19565,Amount Rounding,0,77.1,Confirmed,Theft,5665,Pending,0,2024-03,Online
2015,4662,Amount Rounding,0,96.6,Flagged,Accident,18287,Settled,0,2025-07,Aggregator
2016,11651,Rapid Settlement,1,93.2,Flagged,Accident,35691,Settled,0,2024-12,Agent
2017,17054,Policy-Claim Gap,1,67.5,Flagged,Theft,38223,Settled,0,2026-06,Agent
2018,805,High Claim Ratio,0,45.2,Flagged,Accident,17557,Settled,0,2024-07,Aggregator
2019,7998,Policy-Claim Gap,0,85.3,Confirmed,Theft,230847,Settled,0,2026-03,Aggregator
2020,16751,Repeat Claimant,0,58.5,Cleared,Accident,11894,Settled,0,2024-07,Agent
2021,10175,Repeat Claimant,0,79.3,Under Review,Accident,18379,Settled,0,2025-05,Agent
2022,3248,Rapid Settlement,0,24.3,Flagged,Accident,50093,Pending,0,2025-12,Online
2023,5093,High Claim Ratio,1,27.6,Under Review,Theft,36682,Pending,0,2024-01,Bancassurance
2024,12368,High Claim Ratio,1,98.0,Confirmed,Health,44901,Settled,0,2025-06,Agent
2025,16371,Amount Rounding,1,92.7,Flagged,Accident,17217,Settled,0,2025-07,Partnership
2026,12774,High Claim Ratio,1,53.1,Confirmed,Fire,230783,Pending,0,2024-09,Online
2027,13353,Repeat Claimant,1,9.8,Flagged,Accident,78459,Settled,0,2024-08,Agent
2028,1294,Policy-Claim Gap,0,9.2,Cleared,Health,42649,Settled,0,2025-09,Partnership
2029,2160,Policy-Claim Gap,0,40.4,Flagged,Fire,15457,Settled,1,2025-01,Online
2030,3835,Policy-Claim Gap,0,38.8,Confirmed,Natural Disaster,22344,Settled,0,2026-03,Online
2031,2025,Amount Rounding,1,91.5,Under Review,Natural Disaster,61267,Settled,0,2024-11,Partnership
2032,12245,Rapid Settlement,1,47.5,Flagged,Health,27215,Settled,0,2024-04,Online
2033,4162,Rapid Settlement,1,4.1,Flagged,Natural Disaster,24152,Settled,0,2025-07,Agent
2034,6729,Amount Rounding,1,50.0,Confirmed,Fire,161361,Rejected,0,2025-04,Partnership
2035,18727,Rapid Settlement,1,93.0,Under Review,Fire,20835,Settled,0,2026-02,Partnership
2036,15456,High Claim Ratio,1,37.5,Cleared,Accident,439205,Settled,0,2026-04,Agent
2037,6736,Amount Rounding,1,76.6,Under Review,Health,21352,Pending,0,2026-06,Aggregator
2038,7546,Amount Rounding,1,41.3,Flagged,Accident,106692,Settled,0,2024-06,Bancassurance
2039,8138,High Claim Ratio,1,48.2,Flagged,Fire,45205,Pending,0,2026-02,Agent
2040,187,Policy-Claim Gap,1,31.5,Under Review,Accident,227726,Settled,0,2025-04,Agent
2041,4066,Amount Rounding,1,10.6,Under Review,Theft,119455,Settled,0,2026-04,Aggregator
2042,5563,Rapid Settlement,1,58.6,Confirmed,Health,29458,Settled,0,2024-12,Online
2043,13019,Rapid Settlement,0,4.4,Confirmed,Health,116113,Settled,0,2024-09,Bancassurance
2044,862,Amount Rounding,1,92.2,Flagged,Accident,8682,Settled,0,2024-12,Agent
2045,2478,Policy-Claim Gap,1,83.0,Confirmed,Health,28181,Settled,0,2024-04,Aggregator
2046,11658,Amount Rounding,0,27.6,Flagged,Fire,30744,Pending,0,2024-05,Agent
2047,534,Repeat Claimant,0,43.7,Under Review,Health,25505,Settled,0,2024-03,Online
2048,5195,High Claim Ratio,1,23.5,Under Review,Natural Disaster,46250,Settled,0,2025-01,Online
2049,986,Policy-Claim Gap,0,97.2,Under Review,Natural Disaster,21076,Settled,0,2024-04,Online
2050,3057,Repeat Claimant,1,47.1,Under Review,Health,16525,Settled,0,2025-02,Agent
2051,6247,Amount Rounding,1,3.2,Flagged,Accident,257873,Settled,0,2024-03,Online
2052,7275,High Claim Ratio,0,66.6,Flagged,Health,26625,Settled,1,2025-12,Aggregator
2053,19181,Rapid Settlement,0,38.1,Under Review,Accident,147384,Settled,0,2024-12,Agent
2054,1102,Policy-Claim Gap,1,31.2,Flagged,Health,32086,Settled,1,2026-02,Agent
2055,3601,Amount Rounding,1,68.0,Flagged,Accident,35442,Settled,0,2024-06,Online
2056,19753,Amount Rounding,1,85.1,Confirmed,Health,184358,Settled,0,2026-03,Aggregator
2057,14839,Amount Rounding,1,0.1,Flagged,Theft,51942,Settled,0,2025-09,Online
2058,2588,Amount Rounding,1,81.5,Under Review,Natural Disaster,114958,Settled,0,2024-04,Aggregator
2059,19043,High Claim Ratio,1,67.2,Flagged,Accident,91588,Rejected,0,2025-09,Online
2060,18104,Rapid Settlement,1,2.4,Under Review,Fire,157034,Settled,0,2024-09,Bancassurance
2061,4491,Policy-Claim Gap,1,74.6,Flagged,Health,326075,Settled,0,2024-06,Aggregator
2062,473,High Claim Ratio,1,36.3,Under Review,Health,31809,Settled,0,2025-11,Agent
2063,11916,High Claim Ratio,0,27.5,Confirmed,Natural Disaster,25453,Rejected,0,2025-11,Aggregator
2064,902,Repeat Claimant,1,74.1,Flagged,Health,29365,Settled,0,2024-11,Aggregator
2065,17897,Rapid Settlement,1,98.5,Flagged,Health,334590,Settled,0,2024-07,Bancassurance
2066,17662,Repeat Claimant,1,5.0,Flagged,Theft,68314,Settled,0,2025-07,Agent
2067,18650,Rapid Settlement,1,22.4,Flagged,Accident,73116,Settled,0,2026-02,Agent
2068,17914,Repeat Claimant,0,45.5,Cleared,Health,43233,Settled,0,2024-05,Agent
2069,6970,Amount Rounding,0,79.2,Under Review,Health,66457,Settled,0,2024-06,Bancassurance
2070,16808,Policy-Claim Gap,1,38.4,Confirmed,Theft,22554,Settled,0,2024-04,Online
2071,7821,Policy-Claim Gap,1,18.7,Under Review,Accident,18598,Settled,0,2024-12,Aggregator
2072,12155,Policy-Claim Gap,1,75.5,Cleared,Health,34774,Settled,0,2026-06,Agent
2073,13050,High Claim Ratio,0,49.6,Confirmed,Health,23019,Settled,0,2025-03,Online
2074,544,Rapid Settlement,1,88.2,Under Review,Health,66966,Pending,0,2025-05,Agent
2075,10455,Policy-Claim Gap,1,18.5,Flagged,Health,33555,Pending,0,2024-07,Aggregator
2076,6562,Amount Rounding,0,77.5,Confirmed,Health,30909,Settled,0,2024-12,Agent
2077,2591,Rapid Settlement,0,40.4,Flagged,Health,177589,Settled,0,2025-07,Agent
2078,450,Rapid Settlement,1,34.0,Confirmed,Accident,9841,Settled,0,2024-02,Agent
2079,18357,Repeat Claimant,0,57.8,Flagged,Natural Disaster,40153,Settled,0,2025-10,Agent
2080,19676,Repeat Claimant,0,35.1,Under Review,Theft,117730,Settled,0,2024-09,Aggregator
2081,7334,Policy-Claim Gap,1,56.4,Flagged,Health,10212,Settled,0,2025-12,Agent
2082,748,Amount Rounding,0,76.1,Flagged,Natural Disaster,463393,Settled,0,2024-11,Online
2083,8822,Amount Rounding,1,83.7,Flagged,Accident,128521,Settled,0,2024-03,Online
2084,11529,High Claim Ratio,1,38.3,Flagged,Health,58425,Pending,0,2026-01,Agent
2085,8387,Policy-Claim Gap,1,6.5,Flagged,Accident,39466,Pending,0,2026-02,Partnership
2086,9602,Policy-Claim Gap,1,61.2,Under Review,Accident,7176,Settled,0,2024-04,Aggregator
2087,15604,High Claim Ratio,0,8.1,Flagged,Accident,89414,Settled,0,2024-08,Bancassurance
2088,18978,Rapid Settlement,0,64.0,Flagged,Health,17149,Rejected,0,2024-06,Agent
2089,16306,Repeat Claimant,0,35.6,Under Review,Health,135452,Settled,0,2025-07,Partnership
2090,17176,Rapid Settlement,1,54.6,Under Review,Health,63221,Settled,0,2024-06,Online
2091,15420,Repeat Claimant,1,94.4,Flagged,Natural Disaster,93359,Settled,0,2025-05,Online
2092,7837,Amount Rounding,1,84.0,Confirmed,Accident,22115,Settled,0,2025-10,Agent
2093,13653,Rapid Settlement,1,95.8,Flagged,Accident,88417,Pending,0,2026-04,Online
2094,16976,Amount Rounding,1,52.2,Flagged,Fire,21751,Settled,0,2024-09,Partnership
2095,2119,Repeat Claimant,0,70.1,Flagged,Natural Disaster,180868,Settled,0,2026-04,Aggregator
2096,13762,Repeat Claimant,1,95.0,Flagged,Health,69884,Settled,0,2025-09,Aggregator
2097,19442,Repeat Claimant,1,45.4,Flagged,Accident,98773,Settled,0,2024-12,Bancassurance
2098,14718,High Claim Ratio,0,41.5,Flagged,Accident,11823,Settled,0,2024-07,Aggregator
2099,15443,Repeat Claimant,0,96.8,Under Review,Natural Disaster,81901,Settled,0,2024-09,Aggregator
2100,2417,Repeat Claimant,1,6.1,Cleared,Accident,9221,Settled,0,2024-02,Agent
2101,11923,Amount Rounding,0,28.8,Under Review,Health,175790,Settled,0,2025-08,Aggregator
2102,1679,Amount Rounding,0,68.1,Confirmed,Health,283690,Settled,0,2025-05,Agent
2103,7544,Repeat Claimant,0,51.7,Under Review,Health,36844,Settled,0,2025-10,Bancassurance
2104,4776,Policy-Claim Gap,1,72.3,Confirmed,Health,223717,Pending,0,2024-05,Agent
2105,13779,Repeat Claimant,0,35.1,Under Review,Natural Disaster,90191,Settled,0,2025-03,Agent
2106,11325,Rapid Settlement,0,71.6,Under Review,Theft,39636,Settled,0,2025-03,Online
2107,8298,High Claim Ratio,0,4.0,Under Review,Health,22158,Pending,0,2024-03,Bancassurance
2108,6913,Repeat Claimant,1,10.8,Confirmed,Health,193466,Settled,1,2026-05,Agent
2109,9504,Rapid Settlement,1,47.1,Flagged,Health,145742,Settled,0,2025-11,Agent
2110,15822,Policy-Claim Gap,0,24.3,Under Review,Theft,108929,Rejected,0,2024-04,Aggregator
2111,3462,Amount Rounding,0,72.9,Cleared,Health,124156,Settled,0,2025-03,Bancassurance
2112,10052,High Claim Ratio,0,24.4,Flagged,Natural Disaster,69432,Settled,0,2024-08,Agent
2113,8284,Amount Rounding,0,68.9,Flagged,Health,62620,Settled,0,2025-05,Agent
2114,10030,Amount Rounding,1,99.0,Flagged,Health,27594,Pending,0,2026-05,Aggregator
2115,3331,Policy-Claim Gap,1,30.6,Under Review,Health,34941,Settled,0,2026-02,Online
2116,15660,Policy-Claim Gap,1,97.3,Under Review,Fire,128409,Settled,0,2025-11,Online
2117,917,Amount Rounding,0,59.0,Flagged,Natural Disaster,30898,Settled,0,2025-01,Online
2118,19152,Repeat Claimant,0,54.6,Under Review,Fire,6001,Settled,0,2026-02,Aggregator
2119,932,Rapid Settlement,0,44.8,Confirmed,Health,13399,Pending,0,2025-11,Online
2120,1506,Repeat Claimant,0,75.4,Under Review,Theft,47384,Pending,0,2025-10,Online
2121,1059,High Claim Ratio,1,66.9,Flagged,Accident,95695,Settled,0,2025-11,Bancassurance
2122,7202,Policy-Claim Gap,0,79.4,Under Review,Natural Disaster,139020,Settled,0,2025-02,Agent
2123,7338,Repeat Claimant,1,25.9,Under Review,Accident,8507,Settled,0,2025-04,Online
2124,15381,Amount Rounding,0,53.3,Cleared,Accident,36896,Settled,0,2026-01,Agent
2125,5070,High Claim Ratio,1,88.2,Cleared,Fire,10026,Settled,0,2026-04,Partnership
2126,3289,Rapid Settlement,0,44.3,Flagged,Accident,69894,Settled,0,2025-08,Agent
2127,6383,Repeat Claimant,1,56.9,Flagged,Fire,37065,Settled,0,2025-03,Agent
2128,13429,Repeat Claimant,1,20.6,Cleared,Accident,91855,Settled,0,2024-06,Online
2129,18169,Repeat Claimant,1,68.9,Under Review,Theft,6201,Settled,0,2025-12,Agent
2130,4534,Policy-Claim Gap,0,22.3,Flagged,Theft,41878,Settled,0,2024-02,Agent
2131,10990,Repeat Claimant,1,56.8,Flagged,Theft,112243,Settled,0,2025-02,Aggregator
2132,18376,Amount Rounding,1,9.2,Confirmed,Accident,17245,Settled,0,2026-01,Aggregator
2133,11556,High Claim Ratio,1,59.3,Confirmed,Accident,24597,Settled,0,2025-09,Online
2134,6928,Rapid Settlement,0,78.0,Flagged,Accident,114632,Settled,0,2024-09,Online
2135,14695,Repeat Claimant,0,37.8,Flagged,Fire,55050,Settled,0,2025-11,Agent
2136,10095,Amount Rounding,1,74.1,Under Review,Accident,79947,Settled,0,2026-01,Agent
2137,16570,Repeat Claimant,0,33.0,Under Review,Theft,12768,Settled,0,2024-07,Bancassurance
2138,10721,Policy-Claim Gap,1,66.3,Confirmed,Fire,91524,Settled,1,2024-03,Partnership
2139,14450,High Claim Ratio,1,67.2,Flagged,Accident,67848,Settled,0,2025-10,Online
2140,17225,Rapid Settlement,0,67.0,Cleared,Health,134884,Pending,0,2024-05,Online
2141,5306,Policy-Claim Gap,0,70.0,Flagged,Theft,48377,Settled,0,2024-09,Agent
2142,6964,High Claim Ratio,1,9.6,Under Review,Accident,31855,Settled,0,2024-07,Agent
2143,8243,Amount Rounding,0,70.5,Flagged,Natural Disaster,59539,Settled,1,2024-04,Online
2144,4087,Amount Rounding,0,97.5,Flagged,Accident,128170,Settled,0,2024-02,Agent
2145,9275,Policy-Claim Gap,1,49.0,Flagged,Natural Disaster,39038,Pending,0,2025-03,Online
2146,2995,Repeat Claimant,0,27.6,Confirmed,Accident,73986,Rejected,0,2026-01,Bancassurance
2147,8745,Rapid Settlement,0,44.6,Confirmed,Accident,40164,Pending,0,2024-10,Aggregator
2148,11542,Amount Rounding,0,87.5,Under Review,Accident,78660,Settled,0,2024-01,Online
2149,18366,Policy-Claim Gap,1,63.6,Under Review,Fire,135806,Settled,0,2025-08,Agent
2150,9810,Amount Rounding,1,83.0,Under Review,Theft,85893,Settled,0,2025-11,Agent
2151,10845,Repeat Claimant,1,10.5,Under Review,Natural Disaster,50858,Settled,0,2026-02,Agent
2152,11977,Rapid Settlement,0,49.2,Confirmed,Health,88844,Settled,0,2025-09,Online
2153,17784,Policy-Claim Gap,1,12.4,Confirmed,Accident,18986,Pending,0,2024-11,Agent
2154,1603,High Claim Ratio,0,66.7,Under Review,Health,77590,Pending,1,2025-09,Agent
2155,2645,Rapid Settlement,1,42.9,Confirmed,Theft,93183,Settled,0,2025-12,Online
2156,10798,Amount Rounding,1,32.0,Flagged,Natural Disaster,5268,Settled,0,2026-02,Aggregator
2157,11902,Policy-Claim Gap,1,41.0,Cleared,Health,183712,Settled,0,2025-03,Aggregator
2158,16027,High Claim Ratio,1,71.4,Confirmed,Accident,55495,Settled,0,2025-05,Agent
2159,5317,Rapid Settlement,0,12.1,Flagged,Accident,62089,Settled,0,2025-01,Agent
2160,557,Policy-Claim Gap,1,88.7,Confirmed,Health,68825,Rejected,0,2025-06,Agent
2161,14985,Repeat Claimant,0,74.8,Cleared,Accident,35718,Settled,0,2026-05,Aggregator
2162,4135,Amount Rounding,1,45.3,Flagged,Health,46187,Settled,0,2025-09,Agent
2163,2510,Rapid Settlement,1,71.9,Under Review,Health,35255,Settled,0,2024-11,Bancassurance
2164,13743,High Claim Ratio,1,54.2,Flagged,Accident,125327,Settled,0,2024-03,Agent
2165,1115,Amount Rounding,1,86.8,Confirmed,Health,75809,Pending,0,2025-10,Bancassurance
2166,17059,Amount Rounding,1,37.2,Under Review,Health,23326,Settled,0,2026-02,Online
2167,6305,Policy-Claim Gap,1,91.2,Confirmed,Fire,219102,Pending,0,2024-09,Bancassurance
2168,19003,High Claim Ratio,0,31.1,Cleared,Accident,50334,Settled,0,2025-04,Aggregator
2169,8732,Amount Rounding,1,42.6,Confirmed,Fire,23923,Settled,0,2025-08,Online
2170,2151,Rapid Settlement,1,78.9,Flagged,Health,28029,Settled,0,2025-10,Agent
2171,7130,High Claim Ratio,1,66.2,Confirmed,Health,35467,Settled,0,2024-04,Online
2172,10691,Rapid Settlement,0,30.5,Flagged,Fire,68548,Rejected,0,2025-02,Agent
2173,3530,Amount Rounding,1,37.9,Flagged,Accident,138476,Settled,1,2024-05,Online
2174,12048,Rapid Settlement,1,4.6,Cleared,Fire,188843,Settled,0,2025-04,Online
2175,1904,Amount Rounding,0,1.7,Confirmed,Accident,32861,Settled,0,2026-03,Online
2176,15396,Repeat Claimant,1,47.8,Confirmed,Theft,53721,Settled,0,2025-04,Online
2177,204,Policy-Claim Gap,1,56.6,Cleared,Natural Disaster,94538,Settled,0,2025-12,Online
2178,15419,Amount Rounding,1,40.6,Under Review,Accident,175269,Settled,0,2025-02,Agent
2179,7217,Rapid Settlement,1,72.8,Under Review,Fire,60586,Pending,0,2025-07,Online
2180,9154,Policy-Claim Gap,1,8.2,Cleared,Theft,18654,Settled,0,2024-03,Agent
2181,13655,High Claim Ratio,0,30.0,Cleared,Fire,40982,Pending,0,2025-12,Agent
2182,2861,Repeat Claimant,1,85.3,Under Review,Accident,51620,Settled,0,2025-05,Aggregator
2183,9082,Policy-Claim Gap,0,94.2,Flagged,Health,16156,Settled,0,2025-01,Online
2184,12785,Repeat Claimant,1,15.9,Under Review,Health,19671,Settled,0,2025-01,Online
2185,4699,High Claim Ratio,1,47.8,Cleared,Accident,69946,Settled,0,2026-01,Agent
2186,17695,Amount Rounding,1,21.0,Confirmed,Health,56459,Settled,0,2026-01,Partnership
2187,8820,Repeat Claimant,0,30.5,Confirmed,Accident,37740,Settled,0,2024-07,Online
2188,15213,Policy-Claim Gap,0,43.7,Flagged,Health,47670,Settled,0,2026-04,Agent
2189,16765,Repeat Claimant,1,31.9,Under Review,Accident,103869,Settled,0,2025-12,Agent
2190,11312,High Claim Ratio,0,63.1,Flagged,Accident,38078,Pending,0,2025-03,Bancassurance
2191,1751,High Claim Ratio,1,78.7,Confirmed,Accident,42696,Settled,0,2024-01,Agent
2192,13947,Repeat Claimant,0,16.0,Flagged,Accident,58882,Settled,1,2025-09,Agent
2193,5050,Rapid Settlement,0,7.1,Flagged,Health,35949,Pending,0,2024-05,Agent
2194,16050,Policy-Claim Gap,1,76.2,Flagged,Theft,7407,Settled,0,2026-04,Online
2195,10563,Repeat Claimant,0,22.1,Flagged,Natural Disaster,43892,Rejected,0,2025-04,Aggregator
2196,4887,Amount Rounding,1,3.5,Flagged,Health,187164,Settled,0,2026-03,Bancassurance
2197,1798,High Claim Ratio,1,43.9,Flagged,Accident,71674,Pending,0,2025-01,Partnership
2198,4312,Rapid Settlement,0,38.3,Flagged,Natural Disaster,65658,Settled,0,2024-08,Online
2199,3033,Repeat Claimant,1,64.3,Under Review,Natural Disaster,104050,Settled,0,2024-04,Agent
2200,7729,High Claim Ratio,0,26.1,Under Review,Accident,41116,Settled,0,2024-04,Agent
2201,18441,Repeat Claimant,1,77.4,Confirmed,Health,60939,Settled,0,2025-11,Agent
2202,11584,Rapid Settlement,0,71.1,Flagged,Theft,40616,Settled,0,2024-01,Agent
2203,17971,High Claim Ratio,1,45.6,Flagged,Accident,19606,Settled,0,2024-08,Aggregator
2204,17957,Rapid Settlement,1,4.0,Confirmed,Theft,149836,Settled,0,2025-11,Online
2205,11349,Policy-Claim Gap,0,31.6,Flagged,Health,59032,Settled,0,2026-02,Online
2206,5456,High Claim Ratio,0,81.3,Flagged,Theft,165799,Settled,0,2025-08,Agent
2207,18155,Policy-Claim Gap,0,38.9,Flagged,Accident,10634,Settled,0,2024-02,Bancassurance
2208,1182,Rapid Settlement,1,75.6,Under Review,Accident,142205,Pending,0,2025-02,Agent
2209,3180,Amount Rounding,1,69.3,Confirmed,Natural Disaster,137412,Settled,0,2024-12,Bancassurance
2210,14119,Rapid Settlement,0,65.2,Confirmed,Accident,10211,Settled,0,2024-09,Agent
2211,19666,Repeat Claimant,1,70.8,Flagged,Accident,41948,Settled,0,2025-06,Online
2212,4138,Rapid Settlement,1,75.6,Flagged,Theft,45760,Pending,0,2025-09,Bancassurance
2213,19720,Policy-Claim Gap,1,61.6,Under Review,Health,150130,Settled,0,2025-03,Aggregator
2214,10356,Repeat Claimant,0,82.2,Flagged,Fire,25897,Pending,0,2025-12,Aggregator
2215,5334,Repeat Claimant,1,83.1,Flagged,Health,17886,Settled,0,2025-02,Online
2216,12556,Rapid Settlement,1,97.3,Under Review,Theft,42688,Pending,0,2024-10,Agent
2217,15899,Repeat Claimant,1,34.5,Under Review,Accident,22108,Settled,0,2026-01,Aggregator
2218,5213,Rapid Settlement,1,25.7,Confirmed,Health,19017,Settled,0,2025-04,Online
2219,8889,Amount Rounding,1,33.8,Cleared,Natural Disaster,70772,Settled,0,2024-11,Aggregator
2220,14622,Repeat Claimant,0,10.2,Under Review,Health,68588,Pending,0,2024-04,Aggregator
2221,14054,Amount Rounding,0,75.3,Confirmed,Health,33965,Settled,0,2025-04,Online
2222,15532,Repeat Claimant,1,34.2,Cleared,Accident,83943,Settled,0,2024-03,Aggregator
2223,8231,Rapid Settlement,1,42.1,Confirmed,Health,13050,Settled,0,2025-08,Aggregator
2224,4262,High Claim Ratio,1,32.4,Flagged,Fire,122193,Settled,1,2024-05,Partnership
2225,19547,Policy-Claim Gap,0,36.8,Under Review,Accident,191701,Settled,0,2024-08,Agent
2226,5394,Repeat Claimant,1,37.6,Confirmed,Natural Disaster,23367,Settled,0,2025-02,Partnership
2227,11470,Policy-Claim Gap,1,16.1,Under Review,Natural Disaster,173592,Settled,0,2024-11,Bancassurance
2228,16709,Policy-Claim Gap,0,57.1,Under Review,Accident,79320,Settled,0,2025-07,Aggregator
2229,6904,Policy-Claim Gap,1,86.9,Under Review,Health,20812,Settled,0,2026-02,Online
2230,12170,Repeat Claimant,0,54.5,Under Review,Health,13633,Settled,0,2024-03,Agent
2231,16739,High Claim Ratio,1,92.1,Under Review,Fire,25907,Settled,0,2024-02,Bancassurance
2232,7908,Repeat Claimant,1,37.7,Confirmed,Accident,43963,Settled,0,2024-08,Online
2233,12386,Amount Rounding,0,5.9,Cleared,Accident,34345,Rejected,0,2024-11,Agent
2234,9523,Rapid Settlement,0,18.1,Under Review,Natural Disaster,14868,Settled,0,2025-09,Agent
2235,4383,Rapid Settlement,1,0.1,Cleared,Health,53322,Settled,0,2026-04,Bancassurance
2236,5827,Policy-Claim Gap,1,27.7,Cleared,Health,74948,Settled,0,2026-02,Bancassurance
2237,11697,Amount Rounding,0,78.1,Flagged,Natural Disaster,22324,Settled,0,2025-03,Bancassurance
2238,11618,Policy-Claim Gap,1,86.4,Flagged,Health,33611,Settled,0,2025-02,Bancassurance
2239,19301,Rapid Settlement,1,8.2,Flagged,Accident,88101,Settled,0,2025-05,Partnership
2240,9670,Policy-Claim Gap,1,89.1,Flagged,Accident,71449,Settled,0,2024-12,Agent
2241,14665,High Claim Ratio,1,42.8,Flagged,Health,52390,Settled,0,2025-04,Bancassurance
2242,11479,Rapid Settlement,0,68.5,Flagged,Theft,548107,Settled,0,2024-06,Online
2243,18159,High Claim Ratio,1,64.0,Under Review,Accident,295007,Settled,0,2026-03,Agent
2244,10844,Repeat Claimant,1,41.4,Confirmed,Health,31968,Pending,0,2025-03,Aggregator
2245,698,Repeat Claimant,1,27.6,Flagged,Natural Disaster,20021,Settled,0,2024-10,Partnership
2246,17558,Repeat Claimant,1,8.5,Cleared,Theft,53827,Settled,0,2024-01,Online
2247,2191,Rapid Settlement,0,75.6,Flagged,Accident,20384,Pending,0,2026-01,Bancassurance
2248,3269,Rapid Settlement,0,50.3,Under Review,Theft,3342,Settled,0,2025-12,Online
2249,3121,Amount Rounding,1,29.0,Under Review,Natural Disaster,64644,Settled,0,2024-06,Agent
2250,10687,Policy-Claim Gap,0,47.9,Under Review,Accident,39600,Settled,0,2025-05,Agent
2251,8085,Policy-Claim Gap,0,97.1,Under Review,Health,25563,Settled,0,2024-09,Aggregator
2252,15219,Policy-Claim Gap,0,76.3,Confirmed,Accident,23980,Settled,0,2025-07,Aggregator
2253,12186,Amount Rounding,1,1.4,Under Review,Natural Disaster,20278,Rejected,0,2025-10,Aggregator
2254,7690,Rapid Settlement,0,31.7,Under Review,Fire,27225,Rejected,0,2024-07,Agent
2255,3964,High Claim Ratio,0,80.9,Under Review,Health,166356,Settled,0,2026-01,Aggregator
2256,18878,Rapid Settlement,0,44.7,Under Review,Health,300479,Settled,0,2026-01,Agent
2257,15026,High Claim Ratio,1,88.0,Confirmed,Health,24628,Settled,0,2026-02,Online
2258,3778,Policy-Claim Gap,0,36.5,Flagged,Health,20674,Settled,0,2024-11,Aggregator
2259,13781,Policy-Claim Gap,1,35.6,Confirmed,Theft,221483,Pending,0,2026-06,Online
2260,3362,Amount Rounding,1,66.9,Confirmed,Accident,115826,Settled,1,2024-11,Online
2261,1615,High Claim Ratio,1,13.0,Cleared,Theft,86237,Settled,0,2024-11,Bancassurance
2262,9655,High Claim Ratio,1,85.9,Under Review,Accident,62517,Settled,0,2026-04,Aggregator
2263,16240,Policy-Claim Gap,1,35.0,Under Review,Accident,39036,Pending,0,2024-08,Online
2264,9297,Policy-Claim Gap,1,7.9,Under Review,Theft,30066,Settled,0,2025-09,Agent
2265,5948,Policy-Claim Gap,1,91.0,Confirmed,Health,190606,Settled,0,2025-09,Bancassurance
2266,9450,Policy-Claim Gap,1,33.9,Under Review,Health,105409,Settled,0,2026-02,Online
2267,6469,Amount Rounding,0,13.8,Flagged,Theft,13035,Settled,0,2024-04,Agent
2268,19350,Repeat Claimant,1,29.2,Under Review,Theft,14564,Settled,0,2025-03,Online
2269,9739,Repeat Claimant,1,77.0,Under Review,Health,150119,Settled,0,2025-02,Agent
2270,19460,Amount Rounding,0,1.0,Under Review,Theft,327467,Pending,0,2025-10,Online
2271,12060,Repeat Claimant,0,19.3,Under Review,Natural Disaster,56430,Settled,0,2024-12,Aggregator
2272,7335,Policy-Claim Gap,0,43.6,Flagged,Accident,19970,Settled,0,2024-08,Agent
2273,9730,Amount Rounding,1,71.4,Under Review,Health,5745,Settled,0,2024-05,Agent
2274,18724,Rapid Settlement,1,24.9,Confirmed,Health,131590,Settled,0,2025-03,Aggregator
2275,4196,Policy-Claim Gap,1,87.6,Flagged,Accident,84823,Pending,0,2024-04,Online
2276,8472,Rapid Settlement,1,36.7,Under Review,Accident,91770,Rejected,0,2024-12,Online
2277,6866,Policy-Claim Gap,1,87.5,Under Review,Theft,210806,Settled,0,2024-10,Agent
2278,18348,Repeat Claimant,1,33.4,Flagged,Natural Disaster,55936,Settled,0,2024-09,Bancassurance
2279,3831,Amount Rounding,1,88.9,Confirmed,Accident,162569,Settled,0,2026-05,Agent
2280,10748,Repeat Claimant,0,92.2,Flagged,Accident,22610,Settled,0,2026-03,Agent
2281,18703,Repeat Claimant,1,85.4,Under Review,Accident,170732,Pending,0,2024-11,Online
2282,18533,Rapid Settlement,0,0.7,Flagged,Natural Disaster,44131,Pending,0,2025-12,Bancassurance
2283,6299,Policy-Claim Gap,1,40.3,Flagged,Theft,10945,Settled,0,2025-09,Online
2284,9155,High Claim Ratio,0,85.9,Flagged,Theft,370974,Settled,0,2024-01,Online
2285,19578,Amount Rounding,0,73.9,Flagged,Health,43746,Settled,0,2024-08,Online
2286,3467,High Claim Ratio,1,98.5,Flagged,Health,80368,Settled,1,2025-12,Agent
2287,3639,High Claim Ratio,1,56.9,Under Review,Natural Disaster,39405,Settled,1,2025-11,Agent
2288,13197,Repeat Claimant,0,68.5,Flagged,Health,82810,Settled,0,2026-03,Partnership
2289,16129,Repeat Claimant,1,58.6,Under Review,Health,27566,Pending,0,2024-02,Agent
2290,2451,Amount Rounding,1,98.8,Confirmed,Accident,48977,Settled,0,2024-08,Online
2291,18696,Policy-Claim Gap,1,99.5,Flagged,Health,34709,Settled,0,2024-11,Bancassurance
2292,888,Amount Rounding,1,54.0,Cleared,Natural Disaster,88985,Settled,0,2024-05,Online
2293,17473,Policy-Claim Gap,0,79.2,Under Review,Accident,34010,Settled,0,2026-02,Bancassurance
2294,8245,Policy-Claim Gap,1,1.0,Under Review,Natural Disaster,107136,Settled,0,2024-06,Online
2295,6162,Rapid Settlement,0,45.2,Under Review,Health,26612,Rejected,0,2025-03,Agent
2296,12749,High Claim Ratio,0,49.1,Under Review,Theft,61152,Settled,0,2025-01,Partnership
2297,16029,Rapid Settlement,0,65.2,Under Review,Health,5847,Rejected,0,2024-01,Agent
2298,8652,Rapid Settlement,0,87.1,Confirmed,Fire,18291,Pending,0,2024-02,Aggregator
2299,17249,Rapid Settlement,0,46.8,Under Review,Health,218537,Settled,0,2024-12,Partnership
2300,484,Repeat Claimant,1,96.7,Confirmed,Accident,36683,Settled,0,2024-03,Agent
2301,3467,High Claim Ratio,1,43.1,Flagged,Health,80368,Settled,1,2025-12,Agent
2302,8869,Repeat Claimant,1,28.2,Flagged,Health,76830,Settled,0,2025-12,Agent
2303,171,Policy-Claim Gap,0,34.3,Confirmed,Accident,11425,Settled,0,2024-10,Agent
2304,8662,Amount Rounding,1,67.0,Flagged,Natural Disaster,26268,Settled,0,2025-09,Online
2305,8289,Amount Rounding,0,4.6,Flagged,Health,27349,Settled,0,2025-06,Agent
2306,10451,Rapid Settlement,0,19.4,Flagged,Natural Disaster,14604,Settled,0,2024-01,Online
2307,703,Policy-Claim Gap,0,45.5,Flagged,Health,15065,Pending,0,2025-04,Online
2308,5698,Policy-Claim Gap,0,55.5,Flagged,Accident,5811,Settled,0,2024-07,Online
2309,2557,Amount Rounding,1,58.3,Under Review,Fire,28779,Settled,0,2025-07,Online
2310,14779,Policy-Claim Gap,1,92.8,Confirmed,Accident,18258,Settled,1,2025-12,Agent
2311,7176,Repeat Claimant,1,2.9,Flagged,Accident,25249,Settled,0,2024-01,Agent
2312,12432,High Claim Ratio,1,0.9,Flagged,Fire,25158,Pending,0,2025-01,Online
2313,3740,High Claim Ratio,1,64.4,Under Review,Health,52324,Settled,0,2026-05,Bancassurance
2314,18383,Amount Rounding,1,97.7,Under Review,Fire,45561,Settled,0,2026-02,Agent
2315,6037,Repeat Claimant,0,88.9,Cleared,Accident,32953,Settled,0,2024-11,Bancassurance
2316,10073,Rapid Settlement,1,39.6,Flagged,Theft,30902,Rejected,0,2025-05,Bancassurance
2317,13783,Repeat Claimant,0,77.7,Flagged,Accident,17350,Settled,0,2025-02,Online
2318,2235,Rapid Settlement,1,92.5,Flagged,Health,66186,Settled,0,2026-02,Partnership
2319,18061,High Claim Ratio,1,65.8,Flagged,Accident,19955,Settled,0,2026-05,Agent
2320,4945,Rapid Settlement,0,16.4,Under Review,Accident,37321,Pending,0,2025-02,Online
2321,18181,High Claim Ratio,0,74.1,Flagged,Accident,52083,Settled,0,2025-11,Online
2322,9652,High Claim Ratio,1,12.3,Flagged,Fire,33511,Settled,0,2024-12,Aggregator
2323,17707,Repeat Claimant,1,83.1,Cleared,Fire,45410,Settled,0,2026-02,Online
2324,14479,High Claim Ratio,0,21.6,Under Review,Accident,116624,Settled,0,2024-04,Aggregator
2325,1002,Amount Rounding,1,41.6,Under Review,Accident,22626,Settled,0,2025-10,Online
2326,405,Policy-Claim Gap,1,15.7,Flagged,Health,55536,Settled,0,2026-03,Aggregator
2327,15979,Amount Rounding,0,59.5,Flagged,Fire,32423,Pending,0,2024-08,Agent
2328,15880,High Claim Ratio,0,49.6,Flagged,Theft,190985,Settled,1,2025-07,Bancassurance
2329,8517,Policy-Claim Gap,1,38.8,Flagged,Accident,36889,Settled,0,2024-12,Aggregator
2330,8216,High Claim Ratio,1,96.1,Flagged,Accident,299380,Settled,0,2025-06,Agent
2331,15943,Policy-Claim Gap,1,15.7,Under Review,Accident,39190,Rejected,0,2025-12,Aggregator
2332,6973,Repeat Claimant,1,76.2,Flagged,Accident,260960,Settled,0,2024-07,Online
2333,19557,Amount Rounding,0,61.7,Flagged,Accident,156356,Settled,0,2025-09,Online
2334,13886,High Claim Ratio,1,80.8,Confirmed,Natural Disaster,256362,Settled,0,2026-01,Partnership
2335,8233,Rapid Settlement,0,61.9,Flagged,Accident,57599,Settled,0,2025-04,Agent
2336,14980,Repeat Claimant,1,90.7,Flagged,Fire,139968,Settled,0,2024-05,Online
2337,417,High Claim Ratio,1,26.0,Confirmed,Accident,48846,Settled,0,2024-09,Bancassurance
2338,4699,High Claim Ratio,0,95.8,Cleared,Accident,69946,Settled,0,2026-01,Agent
2339,11353,Repeat Claimant,1,19.5,Confirmed,Fire,22370,Settled,0,2025-11,Aggregator
2340,2329,Repeat Claimant,1,98.6,Flagged,Accident,41678,Settled,1,2025-12,Aggregator
2341,8442,Rapid Settlement,0,73.8,Cleared,Accident,93119,Settled,0,2025-06,Agent
2342,9204,Repeat Claimant,1,87.4,Under Review,Theft,26328,Settled,0,2024-05,Online
2343,18926,Amount Rounding,1,71.0,Confirmed,Accident,102340,Pending,0,2026-03,Online
2344,12045,Amount Rounding,1,46.5,Confirmed,Theft,99192,Settled,0,2024-06,Agent
2345,11485,Amount Rounding,0,5.9,Flagged,Accident,23022,Settled,0,2024-11,Agent
2346,6855,Rapid Settlement,0,4.0,Confirmed,Accident,114450,Rejected,0,2024-07,Aggregator
2347,12169,Policy-Claim Gap,1,97.9,Flagged,Natural Disaster,31100,Settled,0,2025-04,Agent
2348,14206,Repeat Claimant,0,77.0,Flagged,Fire,36534,Settled,0,2025-08,Agent
2349,19971,Rapid Settlement,1,91.7,Under Review,Natural Disaster,36237,Settled,0,2026-03,Online
2350,10038,Amount Rounding,0,32.7,Confirmed,Health,23842,Settled,1,2024-01,Agent
2351,14598,Repeat Claimant,1,8.2,Confirmed,Accident,60592,Settled,0,2025-09,Partnership
2352,15529,High Claim Ratio,0,88.5,Under Review,Accident,19779,Settled,0,2025-06,Aggregator
2353,14778,Amount Rounding,0,17.0,Cleared,Accident,20574,Rejected,0,2024-12,Aggregator
2354,3925,Policy-Claim Gap,1,18.2,Under Review,Accident,26338,Settled,0,2024-11,Bancassurance
2355,11301,Rapid Settlement,1,95.1,Confirmed,Accident,10630,Settled,0,2025-04,Agent
2356,9567,High Claim Ratio,1,13.3,Under Review,Health,60932,Settled,0,2025-06,Bancassurance
2357,18917,Amount Rounding,0,82.0,Flagged,Natural Disaster,23716,Settled,0,2024-04,Online
2358,14215,Rapid Settlement,0,4.1,Under Review,Health,13033,Settled,0,2026-06,Online
2359,15784,Policy-Claim Gap,1,64.5,Flagged,Accident,32899,Settled,0,2024-02,Online
2360,5135,High Claim Ratio,1,19.6,Flagged,Health,89036,Settled,0,2025-11,Agent
2361,4495,Policy-Claim Gap,0,10.7,Under Review,Health,38049,Settled,0,2025-04,Aggregator
2362,2538,Repeat Claimant,1,86.4,Flagged,Theft,29558,Settled,0,2025-11,Partnership
2363,10319,High Claim Ratio,0,5.8,Flagged,Fire,128164,Settled,0,2026-04,Online
2364,9931,Policy-Claim Gap,0,77.1,Under Review,Accident,13236,Settled,0,2024-01,Agent
2365,5383,High Claim Ratio,1,40.6,Cleared,Health,77329,Settled,0,2024-07,Bancassurance
2366,18882,High Claim Ratio,0,20.2,Under Review,Fire,34621,Rejected,0,2024-09,Online
2367,18901,Repeat Claimant,1,66.7,Under Review,Natural Disaster,108575,Settled,0,2025-12,Bancassurance
2368,13642,Rapid Settlement,1,39.7,Under Review,Fire,42861,Pending,0,2024-08,Online
2369,10235,High Claim Ratio,0,77.6,Flagged,Health,51226,Settled,0,2025-10,Partnership
2370,7530,Amount Rounding,0,58.1,Under Review,Accident,39855,Settled,0,2025-07,Agent
2371,15596,Repeat Claimant,1,62.4,Flagged,Health,21159,Settled,0,2024-07,Bancassurance
2372,4159,High Claim Ratio,1,0.9,Flagged,Fire,28716,Pending,0,2024-10,Agent
2373,19020,High Claim Ratio,0,74.4,Confirmed,Fire,119991,Rejected,0,2025-01,Agent
2374,3891,Rapid Settlement,0,2.5,Cleared,Health,75290,Rejected,0,2025-08,Partnership
2375,9554,Policy-Claim Gap,1,39.6,Flagged,Accident,23764,Settled,0,2024-12,Online
2376,5280,Rapid Settlement,0,97.3,Under Review,Natural Disaster,62940,Settled,0,2026-05,Online
2377,597,Policy-Claim Gap,1,61.3,Confirmed,Accident,68180,Settled,1,2025-02,Online
2378,8418,Repeat Claimant,1,75.5,Under Review,Health,86994,Settled,0,2025-04,Online
2379,10480,Policy-Claim Gap,1,1.5,Under Review,Health,27084,Settled,0,2025-06,Aggregator
2380,11228,Policy-Claim Gap,1,24.5,Confirmed,Fire,65779,Settled,1,2024-09,Online
2381,19067,Rapid Settlement,1,15.9,Flagged,Accident,16732,Rejected,0,2025-07,Agent
2382,17538,High Claim Ratio,1,67.3,Under Review,Health,8873,Settled,0,2024-10,Aggregator
2383,16664,Rapid Settlement,0,30.9,Flagged,Theft,349985,Settled,1,2025-09,Online
2384,17203,Repeat Claimant,0,87.8,Confirmed,Accident,231932,Settled,1,2026-03,Aggregator
2385,13641,Repeat Claimant,0,85.5,Flagged,Fire,26299,Settled,0,2024-05,Partnership
2386,13817,Rapid Settlement,0,7.1,Flagged,Natural Disaster,60994,Settled,0,2025-11,Aggregator
2387,2420,High Claim Ratio,0,62.6,Under Review,Health,174267,Settled,0,2025-05,Aggregator
2388,4592,High Claim Ratio,0,35.9,Under Review,Accident,297421,Settled,0,2026-03,Agent
2389,11087,Policy-Claim Gap,1,35.5,Under Review,Health,556343,Settled,0,2024-04,Online
2390,6621,Rapid Settlement,1,18.5,Flagged,Health,16265,Rejected,0,2026-04,Bancassurance
2391,17434,Amount Rounding,1,29.3,Confirmed,Natural Disaster,52739,Settled,0,2026-01,Online
2392,4994,Rapid Settlement,1,48.1,Flagged,Theft,87027,Settled,0,2026-06,Agent
2393,13485,Rapid Settlement,0,84.9,Flagged,Accident,17911,Settled,0,2024-10,Online
2394,18881,Amount Rounding,0,44.5,Confirmed,Natural Disaster,246789,Settled,1,2024-12,Aggregator
2395,3313,Policy-Claim Gap,0,83.3,Flagged,Accident,61680,Settled,0,2025-12,Aggregator
2396,6741,Rapid Settlement,1,6.7,Flagged,Accident,9367,Settled,0,2024-09,Bancassurance
2397,8436,High Claim Ratio,0,91.9,Flagged,Fire,86278,Pending,0,2026-06,Bancassurance
2398,15100,High Claim Ratio,1,72.2,Flagged,Natural Disaster,116694,Settled,0,2026-06,Online
2399,1196,Repeat Claimant,0,47.5,Under Review,Theft,152499,Pending,0,2024-12,Agent
2400,13866,High Claim Ratio,1,40.1,Flagged,Health,89675,Settled,0,2026-03,Online
2401,18413,Amount Rounding,1,94.7,Under Review,Health,23647,Pending,0,2025-01,Bancassurance
2402,6082,Amount Rounding,1,85.5,Flagged,Theft,51985,Settled,0,2025-10,Online
2403,12481,Policy-Claim Gap,1,45.4,Flagged,Health,43953,Rejected,0,2025-01,Agent
2404,11588,Repeat Claimant,1,46.8,Flagged,Accident,70785,Settled,0,2026-02,Online
2405,17960,Repeat Claimant,0,60.2,Under Review,Natural Disaster,14663,Settled,0,2025-12,Partnership
2406,9361,Rapid Settlement,1,98.0,Flagged,Natural Disaster,5607,Rejected,0,2025-10,Agent
2407,3784,Amount Rounding,0,30.7,Flagged,Accident,38127,Settled,0,2025-03,Agent
2408,5818,Policy-Claim Gap,0,97.9,Confirmed,Theft,132455,Settled,0,2025-06,Agent
2409,10321,Amount Rounding,1,23.8,Confirmed,Accident,8502,Settled,0,2025-03,Aggregator
2410,19700,Rapid Settlement,1,45.9,Under Review,Accident,44225,Settled,0,2024-04,Online
2411,16912,Rapid Settlement,1,10.3,Flagged,Health,30388,Settled,0,2024-05,Agent
2412,7979,Repeat Claimant,1,35.1,Confirmed,Health,28902,Settled,0,2026-04,Online
2413,15054,Rapid Settlement,0,99.3,Flagged,Health,531482,Settled,0,2025-06,Agent
2414,11285,Policy-Claim Gap,1,43.6,Confirmed,Accident,47042,Settled,0,2025-07,Agent
2415,16905,High Claim Ratio,0,85.5,Cleared,Theft,42619,Settled,0,2024-10,Online
2416,11373,Rapid Settlement,1,28.4,Under Review,Theft,123755,Settled,0,2024-07,Bancassurance
2417,15034,High Claim Ratio,0,87.6,Under Review,Health,115521,Rejected,0,2024-09,Agent
2418,16175,High Claim Ratio,0,53.3,Confirmed,Natural Disaster,254080,Settled,0,2026-04,Agent
2419,15796,Policy-Claim Gap,1,44.5,Flagged,Health,42212,Settled,0,2024-07,Agent
2420,3669,Amount Rounding,1,31.9,Flagged,Theft,81739,Pending,0,2026-04,Partnership
2421,1165,Repeat Claimant,0,37.9,Under Review,Theft,20528,Settled,0,2025-08,Aggregator
2422,17580,High Claim Ratio,0,76.0,Flagged,Health,11784,Settled,0,2025-05,Agent
2423,16426,Amount Rounding,1,85.4,Flagged,Fire,49633,Settled,0,2024-06,Agent
2424,2615,Amount Rounding,0,59.5,Confirmed,Health,20232,Rejected,0,2025-07,Bancassurance
2425,4280,Policy-Claim Gap,0,72.2,Cleared,Theft,78272,Settled,0,2025-03,Aggregator
2426,18512,Amount Rounding,0,87.5,Cleared,Accident,32870,Settled,0,2025-10,Online
2427,10552,Rapid Settlement,1,27.9,Under Review,Fire,568270,Settled,0,2024-11,Aggregator
2428,16198,High Claim Ratio,0,77.4,Confirmed,Health,23935,Settled,0,2024-10,Agent
2429,17540,Policy-Claim Gap,1,50.8,Flagged,Accident,60283,Settled,0,2026-01,Agent
2430,19045,Repeat Claimant,1,28.6,Confirmed,Fire,476873,Settled,0,2025-06,Agent
2431,14962,Policy-Claim Gap,1,83.9,Flagged,Fire,65202,Settled,0,2026-02,Agent
2432,2524,Repeat Claimant,1,11.9,Confirmed,Theft,42792,Settled,0,2024-04,Online
2433,15586,Repeat Claimant,1,47.0,Under Review,Health,37992,Settled,0,2025-11,Agent
2434,7923,Policy-Claim Gap,0,2.5,Confirmed,Theft,21129,Settled,0,2024-06,Partnership
2435,10103,Repeat Claimant,1,16.7,Flagged,Accident,31064,Settled,0,2025-08,Bancassurance
2436,9234,Rapid Settlement,1,7.6,Under Review,Natural Disaster,82726,Settled,0,2024-04,Agent
2437,6370,Policy-Claim Gap,0,64.5,Under Review,Health,77703,Settled,1,2024-09,Partnership
2438,3785,Rapid Settlement,0,44.2,Under Review,Accident,24727,Settled,0,2025-10,Online
2439,7825,Amount Rounding,1,44.3,Flagged,Natural Disaster,163097,Settled,0,2024-10,Agent
2440,7773,High Claim Ratio,0,28.6,Under Review,Health,35798,Settled,0,2024-11,Bancassurance
2441,14765,Rapid Settlement,1,57.3,Confirmed,Health,52628,Settled,0,2024-03,Online
2442,17661,Policy-Claim Gap,1,44.9,Under Review,Health,32149,Settled,0,2025-10,Agent
2443,3011,Amount Rounding,0,72.1,Confirmed,Theft,13253,Settled,0,2025-05,Bancassurance
2444,11477,Policy-Claim Gap,1,42.8,Under Review,Accident,188707,Settled,0,2024-10,Aggregator
2445,10243,Policy-Claim Gap,1,46.2,Flagged,Theft,46949,Settled,0,2025-02,Aggregator
2446,15142,Amount Rounding,0,78.1,Cleared,Accident,36735,Settled,0,2025-11,Online
2447,12813,Amount Rounding,1,70.0,Under Review,Natural Disaster,10507,Settled,1,2024-03,Aggregator
2448,15206,High Claim Ratio,1,77.0,Under Review,Accident,494693,Settled,0,2024-06,Aggregator
2449,12087,High Claim Ratio,1,38.0,Flagged,Fire,47958,Settled,0,2024-03,Online
2450,18915,High Claim Ratio,1,91.0,Confirmed,Theft,46915,Settled,0,2025-07,Partnership
2451,4983,Rapid Settlement,1,76.4,Flagged,Natural Disaster,96357,Settled,0,2025-02,Aggregator
2452,19382,Amount Rounding,1,53.4,Flagged,Fire,20570,Settled,0,2026-01,Partnership
2453,10210,Policy-Claim Gap,0,64.5,Under Review,Accident,517890,Settled,0,2024-03,Online
2454,17695,Rapid Settlement,1,3.2,Confirmed,Health,56459,Settled,0,2026-01,Partnership
2455,12904,Rapid Settlement,1,17.9,Under Review,Health,14453,Settled,0,2025-07,Online
2456,14150,Rapid Settlement,1,38.6,Under Review,Health,241333,Settled,0,2024-08,Agent
2457,7560,Rapid Settlement,1,6.8,Confirmed,Accident,118409,Settled,0,2024-12,Online
2458,11291,Amount Rounding,1,83.8,Cleared,Accident,995962,Settled,0,2025-12,Online
2459,11544,Repeat Claimant,0,35.6,Confirmed,Accident,31422,Settled,0,2025-06,Aggregator
2460,19987,High Claim Ratio,0,52.9,Flagged,Theft,44603,Settled,0,2025-09,Bancassurance
2461,13969,Policy-Claim Gap,1,33.0,Flagged,Health,29074,Settled,0,2025-05,Bancassurance
2462,5252,Rapid Settlement,1,65.7,Confirmed,Natural Disaster,20544,Settled,0,2026-02,Aggregator
2463,12291,Policy-Claim Gap,1,57.3,Under Review,Health,25854,Settled,0,2025-03,Bancassurance
2464,13801,High Claim Ratio,0,5.5,Flagged,Health,11999,Settled,0,2024-02,Online
2465,6771,Policy-Claim Gap,0,84.3,Flagged,Fire,31944,Settled,0,2026-04,Agent
2466,2373,Policy-Claim Gap,1,19.3,Under Review,Fire,36729,Pending,0,2025-03,Online
2467,6036,Policy-Claim Gap,1,22.6,Under Review,Natural Disaster,139714,Pending,0,2026-05,Agent
2468,9695,High Claim Ratio,1,61.3,Cleared,Accident,100200,Pending,0,2024-02,Agent
2469,9800,Rapid Settlement,0,7.8,Confirmed,Accident,61301,Settled,0,2024-09,Aggregator
2470,8828,Amount Rounding,1,48.2,Flagged,Natural Disaster,32544,Settled,0,2025-11,Agent
2471,8367,Amount Rounding,1,65.2,Confirmed,Health,15273,Settled,0,2024-10,Online
2472,2522,Rapid Settlement,1,57.8,Flagged,Accident,264246,Pending,0,2024-11,Partnership
2473,7453,Policy-Claim Gap,1,33.4,Under Review,Health,142716,Settled,0,2025-07,Online
2474,1372,Policy-Claim Gap,1,52.4,Confirmed,Health,7744,Settled,0,2025-07,Agent
2475,12073,High Claim Ratio,0,0.7,Confirmed,Accident,53078,Pending,0,2024-06,Bancassurance
2476,8384,Policy-Claim Gap,0,25.8,Flagged,Health,15150,Settled,0,2025-02,Online
2477,9077,Repeat Claimant,1,18.7,Cleared,Accident,58467,Settled,0,2026-04,Agent
2478,8687,Amount Rounding,1,52.9,Flagged,Health,171690,Settled,0,2025-07,Online
2479,19002,High Claim Ratio,1,89.5,Flagged,Accident,51078,Pending,0,2026-01,Online
2480,9166,Repeat Claimant,0,46.1,Flagged,Accident,10152,Settled,0,2024-08,Aggregator
2481,8382,High Claim Ratio,0,60.3,Confirmed,Accident,75866,Pending,0,2025-08,Partnership
2482,3679,Rapid Settlement,1,22.4,Flagged,Health,107568,Rejected,0,2026-04,Online
2483,16057,Repeat Claimant,0,22.3,Confirmed,Theft,34036,Pending,0,2026-04,Partnership
2484,6021,High Claim Ratio,1,73.4,Flagged,Health,47331,Settled,0,2025-11,Agent
2485,343,Policy-Claim Gap,1,50.9,Under Review,Health,12897,Pending,0,2024-02,Agent
2486,5612,High Claim Ratio,0,46.6,Flagged,Fire,69325,Settled,0,2026-05,Agent
2487,13127,High Claim Ratio,1,46.9,Flagged,Accident,47382,Pending,0,2024-06,Agent
2488,12140,Policy-Claim Gap,1,2.9,Flagged,Natural Disaster,145757,Settled,0,2025-09,Agent
2489,3904,Repeat Claimant,1,13.9,Flagged,Accident,11470,Settled,0,2024-08,Aggregator
2490,17747,Amount Rounding,1,91.9,Flagged,Health,19691,Rejected,0,2025-06,Aggregator
2491,16233,Policy-Claim Gap,0,4.4,Flagged,Theft,40382,Settled,1,2025-04,Agent
2492,18200,Repeat Claimant,1,72.5,Cleared,Health,8422,Pending,0,2025-11,Agent
2493,13979,Repeat Claimant,0,78.8,Cleared,Theft,82124,Rejected,0,2024-10,Aggregator
2494,2395,Repeat Claimant,1,75.6,Confirmed,Accident,15586,Settled,0,2025-06,Bancassurance
2495,10501,Policy-Claim Gap,1,50.9,Confirmed,Health,20297,Settled,0,2025-04,Online
2496,3799,Policy-Claim Gap,1,16.8,Under Review,Theft,22704,Pending,0,2024-02,Online
2497,6667,Amount Rounding,1,70.1,Flagged,Health,33710,Settled,0,2024-01,Partnership
2498,15106,Policy-Claim Gap,1,15.3,Cleared,Health,17020,Settled,0,2025-05,Online
2499,9144,Rapid Settlement,1,65.0,Flagged,Accident,22653,Settled,0,2025-12,Partnership
2500,2902,Amount Rounding,1,86.1,Under Review,Health,6903,Settled,0,2025-06,Aggregator
2501,17393,Policy-Claim Gap,1,15.0,Under Review,Fire,17688,Rejected,0,2025-11,Agent
2502,10868,Repeat Claimant,1,71.7,Flagged,Accident,87958,Settled,0,2025-08,Agent
2503,2539,Repeat Claimant,1,75.1,Under Review,Health,10630,Settled,0,2026-05,Online
2504,16740,Amount Rounding,1,43.4,Under Review,Accident,35639,Settled,0,2026-06,Bancassurance
2505,10493,Rapid Settlement,0,93.7,Flagged,Fire,13289,Pending,0,2026-05,Agent
2506,19085,High Claim Ratio,1,65.5,Flagged,Health,54671,Settled,0,2025-10,Agent
2507,11103,Policy-Claim Gap,1,73.7,Under Review,Theft,288508,Settled,0,2024-11,Partnership
2508,4817,High Claim Ratio,0,90.2,Under Review,Accident,67740,Settled,0,2025-03,Agent
2509,2116,High Claim Ratio,1,27.2,Under Review,Theft,9094,Settled,0,2024-05,Agent
2510,10059,High Claim Ratio,1,11.2,Confirmed,Theft,40103,Settled,0,2026-02,Online
2511,11491,Policy-Claim Gap,0,25.1,Under Review,Health,38065,Settled,0,2026-03,Aggregator
2512,12345,Rapid Settlement,0,53.7,Confirmed,Theft,32449,Settled,0,2025-02,Bancassurance
2513,2547,High Claim Ratio,1,7.1,Cleared,Natural Disaster,157767,Settled,0,2024-01,Aggregator
2514,7205,Repeat Claimant,1,59.9,Confirmed,Fire,15327,Settled,0,2024-01,Online
2515,2088,High Claim Ratio,1,78.2,Confirmed,Accident,5949,Settled,0,2025-06,Online
2516,12751,Policy-Claim Gap,1,67.7,Confirmed,Fire,12148,Settled,0,2024-12,Online
2517,11065,Policy-Claim Gap,1,52.5,Flagged,Accident,22369,Rejected,0,2025-09,Bancassurance
2518,8681,Amount Rounding,0,51.8,Under Review,Accident,93381,Settled,0,2024-12,Agent
2519,13974,Repeat Claimant,1,28.6,Flagged,Accident,22911,Pending,0,2024-01,Aggregator
2520,3632,Policy-Claim Gap,0,79.9,Under Review,Theft,52311,Settled,0,2024-04,Online
2521,8375,High Claim Ratio,1,34.5,Flagged,Accident,35946,Pending,0,2024-05,Partnership
2522,19607,High Claim Ratio,0,52.4,Under Review,Accident,124550,Settled,0,2025-11,Aggregator
2523,15194,Policy-Claim Gap,0,26.8,Under Review,Theft,49887,Settled,0,2025-08,Online
2524,7145,Policy-Claim Gap,1,64.7,Under Review,Accident,13923,Settled,0,2026-01,Online
2525,5572,Repeat Claimant,1,69.9,Confirmed,Accident,39677,Settled,0,2025-05,Aggregator
2526,8511,Amount Rounding,1,70.7,Confirmed,Natural Disaster,40025,Pending,0,2025-09,Online
2527,19423,Policy-Claim Gap,0,53.4,Under Review,Natural Disaster,27189,Settled,0,2025-02,Bancassurance
2528,14879,Amount Rounding,1,16.6,Under Review,Theft,17532,Settled,0,2025-02,Online
2529,16936,Rapid Settlement,1,12.6,Confirmed,Natural Disaster,9793,Settled,0,2025-09,Agent
2530,9868,High Claim Ratio,0,2.6,Confirmed,Natural Disaster,220013,Settled,0,2024-01,Agent
2531,17786,Amount Rounding,1,43.0,Confirmed,Accident,27217,Settled,0,2025-02,Agent
2532,19544,Rapid Settlement,1,40.5,Cleared,Health,32249,Settled,0,2024-09,Aggregator
2533,1328,Repeat Claimant,1,74.3,Flagged,Accident,49296,Rejected,0,2025-06,Agent
2534,838,Repeat Claimant,0,53.6,Under Review,Health,27420,Settled,0,2024-09,Bancassurance
2535,4730,Rapid Settlement,1,62.3,Under Review,Natural Disaster,28402,Settled,0,2024-12,Online
2536,8297,Amount Rounding,0,40.7,Flagged,Health,4075,Settled,0,2024-03,Aggregator
2537,16204,Rapid Settlement,1,48.3,Confirmed,Health,10326,Settled,0,2025-08,Agent
2538,108,Repeat Claimant,0,95.2,Flagged,Natural Disaster,29853,Rejected,0,2025-04,Agent
2539,12472,High Claim Ratio,0,40.0,Under Review,Theft,20550,Settled,1,2025-08,Agent
2540,9707,Amount Rounding,0,37.6,Confirmed,Natural Disaster,18861,Settled,0,2025-09,Online
2541,2811,Policy-Claim Gap,1,11.4,Under Review,Health,2563,Pending,0,2024-01,Aggregator
2542,11579,Rapid Settlement,1,57.6,Flagged,Health,402655,Settled,0,2025-03,Agent
2543,12277,High Claim Ratio,0,32.0,Confirmed,Fire,84414,Settled,0,2024-06,Bancassurance
2544,10665,High Claim Ratio,0,17.3,Confirmed,Accident,122286,Settled,0,2026-05,Bancassurance
2545,17476,Repeat Claimant,1,44.6,Flagged,Health,12095,Settled,0,2024-08,Aggregator
2546,2498,High Claim Ratio,1,27.3,Flagged,Health,103745,Settled,0,2025-11,Online
2547,16653,High Claim Ratio,1,5.9,Confirmed,Accident,152050,Settled,0,2024-10,Online
2548,18398,High Claim Ratio,1,81.0,Flagged,Health,42044,Settled,1,2025-05,Aggregator
2549,8398,Amount Rounding,1,69.9,Under Review,Accident,126939,Settled,0,2024-03,Bancassurance
2550,6209,Rapid Settlement,0,24.5,Flagged,Accident,20512,Settled,0,2025-01,Partnership
2551,8716,Amount Rounding,1,10.6,Confirmed,Theft,28879,Settled,0,2024-01,Partnership
2552,7544,Rapid Settlement,0,62.6,Flagged,Health,36844,Settled,0,2025-10,Bancassurance
2553,4277,High Claim Ratio,1,67.5,Flagged,Health,103944,Pending,0,2026-04,Online
2554,15350,Policy-Claim Gap,1,76.2,Cleared,Health,65913,Settled,0,2026-03,Aggregator
2555,4745,Repeat Claimant,1,29.8,Confirmed,Accident,116627,Pending,0,2025-02,Aggregator
2556,6543,Repeat Claimant,1,46.4,Cleared,Natural Disaster,12323,Settled,0,2025-05,Bancassurance
2557,7859,Amount Rounding,1,92.1,Flagged,Theft,12311,Pending,0,2024-06,Partnership
2558,3155,Policy-Claim Gap,0,34.1,Flagged,Accident,450486,Settled,0,2025-01,Agent
2559,12561,Rapid Settlement,0,29.2,Cleared,Accident,38017,Settled,0,2025-01,Agent
2560,972,High Claim Ratio,1,83.1,Confirmed,Health,66623,Settled,0,2026-06,Agent
2561,3341,Repeat Claimant,0,89.8,Flagged,Theft,16584,Settled,0,2024-12,Bancassurance
2562,1028,Amount Rounding,1,53.5,Confirmed,Theft,246058,Settled,0,2025-11,Bancassurance
2563,13636,Policy-Claim Gap,1,11.7,Confirmed,Fire,68036,Pending,0,2025-05,Online
2564,8833,Repeat Claimant,0,34.1,Confirmed,Accident,59197,Settled,0,2026-03,Bancassurance
2565,12595,High Claim Ratio,1,72.9,Under Review,Theft,37486,Settled,0,2025-03,Online
2566,6624,Policy-Claim Gap,0,86.9,Under Review,Accident,87593,Settled,0,2024-02,Aggregator
2567,15736,Policy-Claim Gap,1,90.3,Confirmed,Natural Disaster,48861,Rejected,0,2024-12,Agent
2568,8388,Policy-Claim Gap,0,33.6,Under Review,Health,100036,Settled,0,2026-01,Aggregator
2569,9787,Rapid Settlement,1,47.1,Under Review,Accident,34501,Settled,0,2025-08,Aggregator
2570,10890,Rapid Settlement,1,10.8,Under Review,Theft,66990,Settled,0,2026-04,Bancassurance
2571,10377,Policy-Claim Gap,1,11.8,Flagged,Health,100718,Settled,0,2026-02,Agent
2572,5697,Repeat Claimant,0,92.8,Under Review,Fire,97007,Settled,0,2024-07,Bancassurance
2573,12960,Amount Rounding,1,73.7,Under Review,Natural Disaster,20787,Settled,0,2025-05,Online
2574,16723,Amount Rounding,0,19.9,Flagged,Fire,47399,Settled,1,2026-04,Online
2575,5082,High Claim Ratio,1,26.5,Under Review,Health,93560,Settled,0,2025-08,Online
2576,7631,Policy-Claim Gap,0,49.4,Under Review,Health,38639,Settled,0,2024-07,Agent
2577,12064,Rapid Settlement,1,61.7,Confirmed,Accident,42640,Settled,0,2024-05,Online
2578,19215,Amount Rounding,0,73.4,Cleared,Accident,36046,Settled,0,2024-04,Online
2579,14468,Rapid Settlement,0,73.3,Under Review,Health,16812,Settled,0,2025-06,Online
2580,15038,Repeat Claimant,1,88.2,Under Review,Natural Disaster,152855,Pending,0,2025-09,Online
2581,12412,Amount Rounding,0,57.7,Flagged,Accident,81125,Settled,0,2025-04,Agent
2582,5945,Repeat Claimant,0,79.4,Flagged,Accident,5018,Settled,0,2024-10,Online
2583,14034,Rapid Settlement,1,52.4,Under Review,Health,67111,Settled,0,2024-06,Agent
2584,15629,Rapid Settlement,0,18.2,Flagged,Theft,50800,Settled,0,2024-12,Agent
2585,12331,Amount Rounding,0,9.2,Cleared,Fire,49727,Rejected,0,2025-05,Bancassurance
2586,15852,Rapid Settlement,0,29.6,Under Review,Accident,30233,Settled,0,2024-08,Agent
2587,612,Policy-Claim Gap,1,60.4,Flagged,Natural Disaster,68678,Settled,0,2024-09,Partnership
2588,5129,Rapid Settlement,0,56.8,Flagged,Accident,33946,Pending,1,2025-07,Online
2589,4652,Policy-Claim Gap,1,0.3,Under Review,Accident,19562,Settled,0,2024-10,Online
2590,4914,Amount Rounding,0,77.5,Flagged,Fire,139381,Settled,1,2024-06,Agent
2591,7208,High Claim Ratio,1,21.3,Flagged,Health,42222,Settled,0,2024-12,Online
2592,14784,Amount Rounding,0,78.9,Under Review,Health,88023,Settled,0,2026-06,Online
2593,13228,Rapid Settlement,1,41.8,Flagged,Health,19405,Pending,0,2024-03,Online
2594,9889,Repeat Claimant,0,56.7,Under Review,Theft,31870,Settled,0,2024-06,Agent
2595,15489,Policy-Claim Gap,0,88.5,Flagged,Natural Disaster,101723,Settled,0,2026-05,Agent
2596,211,Repeat Claimant,1,21.2,Under Review,Accident,166691,Rejected,0,2024-03,Partnership
2597,13948,Rapid Settlement,1,5.1,Cleared,Health,65589,Settled,0,2024-03,Online
2598,12500,Policy-Claim Gap,1,13.8,Cleared,Natural Disaster,13511,Settled,0,2025-10,Online
2599,15259,Amount Rounding,0,11.6,Cleared,Theft,56298,Settled,1,2025-06,Aggregator
2600,18092,High Claim Ratio,1,10.0,Flagged,Natural Disaster,31790,Settled,0,2026-03,Bancassurance
2601,14989,Rapid Settlement,1,90.7,Confirmed,Accident,22035,Settled,0,2025-05,Agent
2602,1541,High Claim Ratio,0,0.1,Flagged,Accident,119795,Settled,0,2025-09,Aggregator
2603,8195,High Claim Ratio,1,37.0,Confirmed,Health,90668,Settled,0,2024-07,Aggregator
2604,13496,Policy-Claim Gap,0,27.9,Flagged,Natural Disaster,47930,Pending,0,2024-07,Aggregator
2605,13607,Rapid Settlement,0,82.0,Cleared,Health,15014,Settled,0,2024-06,Aggregator
2606,6201,Rapid Settlement,1,26.8,Flagged,Natural Disaster,50387,Rejected,0,2026-04,Agent
2607,5808,Amount Rounding,1,37.4,Under Review,Accident,7318,Settled,0,2025-09,Online
2608,11026,High Claim Ratio,0,98.3,Confirmed,Natural Disaster,526208,Settled,0,2025-05,Online
2609,2643,Amount Rounding,1,81.6,Flagged,Accident,51950,Settled,0,2024-02,Online
2610,12209,Repeat Claimant,0,17.8,Confirmed,Natural Disaster,62798,Settled,0,2024-04,Partnership
2611,11862,Policy-Claim Gap,0,2.5,Confirmed,Fire,102588,Settled,1,2026-04,Online
2612,903,Repeat Claimant,1,74.9,Flagged,Accident,22711,Settled,0,2024-10,Aggregator
2613,16807,Rapid Settlement,1,43.6,Flagged,Health,10411,Settled,0,2025-12,Online
2614,1484,Repeat Claimant,0,85.8,Flagged,Health,27139,Settled,0,2025-09,Agent
2615,1275,High Claim Ratio,0,3.5,Flagged,Accident,15668,Pending,0,2024-11,Online
2616,8867,Policy-Claim Gap,0,69.7,Flagged,Accident,16950,Settled,0,2024-05,Aggregator
2617,5397,Amount Rounding,0,75.3,Under Review,Health,168937,Settled,0,2025-07,Agent
2618,4589,Repeat Claimant,0,72.7,Confirmed,Fire,253991,Settled,0,2025-10,Online
2619,4714,High Claim Ratio,1,96.5,Cleared,Accident,50032,Settled,0,2025-06,Bancassurance
2620,7843,High Claim Ratio,1,69.2,Under Review,Fire,100947,Pending,0,2024-03,Bancassurance
2621,10430,Rapid Settlement,1,75.8,Flagged,Theft,123480,Settled,0,2026-01,Agent
2622,18687,High Claim Ratio,0,10.1,Flagged,Health,22268,Settled,1,2025-10,Aggregator
2623,5907,Policy-Claim Gap,0,24.8,Flagged,Accident,53969,Settled,0,2024-09,Online
2624,13304,Policy-Claim Gap,1,80.4,Cleared,Health,11219,Settled,1,2025-02,Online
2625,252,Rapid Settlement,1,84.9,Under Review,Theft,42999,Settled,0,2024-02,Online
2626,14025,Repeat Claimant,1,77.9,Flagged,Accident,171756,Settled,0,2025-07,Bancassurance
2627,4717,Policy-Claim Gap,0,32.9,Flagged,Natural Disaster,63442,Settled,0,2024-08,Agent
2628,2014,Repeat Claimant,1,21.3,Flagged,Natural Disaster,51324,Pending,0,2026-02,Aggregator
2629,14492,High Claim Ratio,1,97.5,Under Review,Natural Disaster,28620,Settled,0,2025-12,Partnership
2630,11342,Rapid Settlement,0,69.3,Under Review,Fire,98648,Settled,0,2024-07,Aggregator
2631,11308,Rapid Settlement,0,4.4,Under Review,Theft,18098,Settled,0,2024-02,Agent
2632,3232,Policy-Claim Gap,1,89.3,Flagged,Accident,5640,Settled,0,2026-01,Bancassurance
2633,15243,High Claim Ratio,1,20.9,Confirmed,Theft,134789,Settled,0,2024-04,Agent
2634,2403,Amount Rounding,0,28.5,Confirmed,Health,30447,Settled,0,2026-03,Online
2635,11825,Amount Rounding,1,55.3,Under Review,Accident,179191,Settled,0,2026-05,Agent
2636,15492,Repeat Claimant,0,81.9,Cleared,Natural Disaster,124487,Pending,0,2024-11,Online
2637,9766,High Claim Ratio,0,52.3,Flagged,Accident,26052,Settled,0,2024-03,Online
2638,15169,Policy-Claim Gap,0,50.4,Flagged,Health,141007,Pending,0,2025-08,Aggregator
2639,17886,Policy-Claim Gap,1,62.9,Flagged,Natural Disaster,60209,Pending,0,2025-10,Online
2640,10925,Rapid Settlement,0,22.8,Flagged,Health,111454,Settled,0,2025-07,Agent
2641,9624,High Claim Ratio,1,41.4,Cleared,Health,51871,Settled,0,2025-09,Online
2642,17732,Policy-Claim Gap,1,32.2,Under Review,Theft,49003,Settled,0,2024-01,Agent
2643,5370,Repeat Claimant,1,22.0,Under Review,Fire,190718,Settled,0,2025-10,Bancassurance
2644,3391,Policy-Claim Gap,1,76.6,Flagged,Accident,24833,Settled,0,2026-04,Online
2645,6166,Amount Rounding,1,95.6,Under Review,Health,16988,Settled,0,2025-04,Online
2646,19346,Amount Rounding,0,94.0,Confirmed,Accident,97727,Pending,0,2024-08,Agent
2647,13566,High Claim Ratio,0,13.6,Flagged,Accident,37192,Settled,0,2024-02,Agent
2648,3243,Policy-Claim Gap,1,2.6,Flagged,Fire,23397,Settled,0,2026-05,Partnership
2649,8660,Rapid Settlement,0,31.6,Confirmed,Health,73250,Rejected,0,2025-09,Agent
2650,9091,High Claim Ratio,1,73.8,Cleared,Health,45003,Pending,0,2024-02,Online
2651,4067,High Claim Ratio,1,19.3,Flagged,Accident,21887,Settled,0,2024-11,Aggregator
2652,5942,High Claim Ratio,1,6.8,Cleared,Natural Disaster,51801,Settled,0,2024-04,Bancassurance
2653,9490,Amount Rounding,0,68.6,Cleared,Natural Disaster,13425,Settled,0,2025-05,Agent
2654,19773,Policy-Claim Gap,1,61.0,Under Review,Health,209268,Settled,0,2025-02,Aggregator
2655,5058,Policy-Claim Gap,1,95.8,Under Review,Accident,221022,Rejected,0,2025-02,Online
2656,8899,Amount Rounding,0,49.5,Flagged,Accident,178999,Settled,0,2024-07,Online
2657,8836,Rapid Settlement,1,67.8,Flagged,Theft,5348,Settled,0,2024-08,Online
2658,18792,Rapid Settlement,0,59.8,Flagged,Natural Disaster,82882,Settled,0,2024-11,Bancassurance
2659,14076,Policy-Claim Gap,1,3.2,Confirmed,Health,30539,Settled,0,2025-07,Online
2660,4545,High Claim Ratio,1,84.0,Cleared,Theft,27693,Settled,0,2025-11,Online
2661,1834,Policy-Claim Gap,1,81.3,Flagged,Health,538059,Settled,0,2025-01,Online
2662,19004,Rapid Settlement,0,16.3,Confirmed,Accident,6296,Settled,0,2025-08,Agent
2663,13670,Rapid Settlement,1,50.3,Flagged,Health,31108,Settled,0,2026-01,Aggregator
2664,3069,Policy-Claim Gap,0,53.1,Flagged,Accident,37253,Settled,0,2024-10,Online
2665,9194,Policy-Claim Gap,1,75.6,Flagged,Health,132329,Settled,1,2024-09,Online
2666,10397,Repeat Claimant,1,74.4,Flagged,Natural Disaster,61259,Settled,0,2025-10,Agent
2667,6157,Policy-Claim Gap,0,26.4,Cleared,Accident,49028,Settled,0,2024-02,Aggregator
2668,5293,Amount Rounding,0,48.4,Flagged,Natural Disaster,68868,Settled,0,2025-10,Agent
2669,8198,Amount Rounding,1,25.0,Flagged,Theft,83786,Settled,0,2026-02,Online
2670,10787,Repeat Claimant,1,64.8,Cleared,Health,40474,Settled,0,2025-07,Online
2671,2807,Repeat Claimant,1,38.6,Confirmed,Natural Disaster,403454,Pending,0,2026-06,Bancassurance
2672,5252,Policy-Claim Gap,1,89.4,Under Review,Natural Disaster,20544,Settled,0,2026-02,Aggregator
2673,9552,High Claim Ratio,1,2.1,Flagged,Health,20954,Settled,0,2025-12,Agent
2674,4345,High Claim Ratio,1,35.9,Confirmed,Health,56488,Settled,1,2025-06,Agent
2675,4481,Amount Rounding,1,74.9,Flagged,Health,28308,Settled,0,2025-01,Aggregator
2676,8487,Repeat Claimant,1,10.7,Under Review,Health,43685,Settled,0,2024-02,Partnership
2677,667,Rapid Settlement,1,63.4,Flagged,Accident,111184,Settled,0,2025-02,Agent
2678,2434,Repeat Claimant,0,20.4,Cleared,Health,26871,Settled,0,2024-04,Online
2679,6031,Policy-Claim Gap,0,89.1,Flagged,Natural Disaster,139681,Settled,1,2025-12,Aggregator
2680,14230,Rapid Settlement,1,7.3,Flagged,Natural Disaster,174443,Settled,0,2025-03,Aggregator
2681,17407,Policy-Claim Gap,1,54.7,Under Review,Natural Disaster,36027,Settled,0,2025-03,Agent
2682,9260,Policy-Claim Gap,1,25.1,Flagged,Accident,93632,Settled,0,2025-04,Agent
2683,7556,Repeat Claimant,1,11.1,Under Review,Theft,16226,Settled,0,2025-07,Bancassurance
2684,11190,Repeat Claimant,1,97.2,Cleared,Natural Disaster,12259,Settled,0,2024-08,Partnership
2685,3067,Policy-Claim Gap,1,35.3,Flagged,Accident,83341,Settled,0,2025-08,Bancassurance
2686,14508,Rapid Settlement,0,35.6,Flagged,Health,91681,Settled,0,2024-04,Partnership
2687,11117,Repeat Claimant,1,34.4,Flagged,Health,100749,Settled,0,2024-04,Partnership
2688,9955,Amount Rounding,0,25.4,Cleared,Natural Disaster,6158,Settled,0,2024-01,Online
2689,2100,Policy-Claim Gap,1,94.5,Cleared,Fire,181145,Settled,0,2026-04,Aggregator
2690,17753,High Claim Ratio,1,59.7,Under Review,Health,107272,Pending,0,2024-07,Online
2691,14324,Policy-Claim Gap,1,33.5,Confirmed,Accident,30467,Settled,0,2024-12,Online
2692,9734,Rapid Settlement,1,26.1,Flagged,Natural Disaster,223840,Settled,0,2025-05,Aggregator
2693,15243,Rapid Settlement,0,60.5,Flagged,Theft,134789,Settled,0,2024-04,Agent
2694,1383,Repeat Claimant,0,34.4,Under Review,Accident,34489,Settled,0,2024-10,Online
2695,7039,Repeat Claimant,0,31.8,Flagged,Health,55282,Settled,0,2024-08,Bancassurance
2696,16262,High Claim Ratio,1,7.5,Flagged,Natural Disaster,660701,Pending,0,2025-01,Bancassurance
2697,415,Amount Rounding,1,92.5,Flagged,Health,86589,Settled,1,2026-03,Agent
2698,11657,Policy-Claim Gap,1,10.6,Confirmed,Fire,161088,Settled,0,2025-08,Online
2699,13285,Amount Rounding,1,92.3,Under Review,Natural Disaster,21133,Settled,0,2026-05,Online
2700,11808,High Claim Ratio,1,24.9,Flagged,Accident,68630,Settled,0,2025-03,Online
2701,9065,Repeat Claimant,1,34.4,Flagged,Theft,22209,Pending,0,2025-08,Aggregator
2702,11032,Policy-Claim Gap,0,39.6,Under Review,Accident,16926,Settled,0,2025-01,Aggregator
2703,15234,Policy-Claim Gap,0,61.7,Flagged,Health,69050,Settled,0,2024-12,Online
2704,10743,Amount Rounding,1,32.3,Cleared,Accident,95133,Settled,0,2024-09,Aggregator
2705,11670,Repeat Claimant,0,45.2,Cleared,Accident,33470,Rejected,0,2024-07,Partnership
2706,18365,Rapid Settlement,1,1.7,Cleared,Health,20039,Settled,0,2024-02,Online
2707,13030,Amount Rounding,0,9.7,Flagged,Natural Disaster,181284,Settled,0,2026-02,Aggregator
2708,4842,Repeat Claimant,0,76.0,Under Review,Accident,27540,Settled,0,2024-10,Online
2709,15288,Amount Rounding,1,30.1,Under Review,Accident,41338,Settled,0,2026-05,Aggregator
2710,725,Repeat Claimant,0,20.3,Under Review,Accident,29850,Settled,0,2024-12,Online
2711,18647,High Claim Ratio,0,96.3,Under Review,Health,150044,Settled,0,2025-12,Aggregator
2712,16599,Amount Rounding,0,16.5,Under Review,Accident,100052,Settled,0,2024-08,Bancassurance
2713,12999,Repeat Claimant,0,25.3,Flagged,Accident,175821,Settled,0,2026-04,Agent
2714,7236,High Claim Ratio,1,31.5,Under Review,Accident,85931,Settled,0,2026-01,Agent
2715,4064,Rapid Settlement,1,40.0,Flagged,Natural Disaster,82232,Settled,0,2026-05,Agent
2716,16168,Policy-Claim Gap,0,70.1,Cleared,Accident,20645,Settled,1,2025-08,Online
2717,4199,Amount Rounding,1,27.1,Confirmed,Accident,75706,Settled,0,2024-11,Agent
2718,18851,Amount Rounding,1,92.0,Confirmed,Accident,39678,Rejected,1,2025-01,Bancassurance
2719,5956,Repeat Claimant,0,96.4,Cleared,Health,44860,Settled,0,2024-09,Bancassurance
2720,1791,High Claim Ratio,0,9.5,Under Review,Accident,23449,Settled,0,2024-01,Online
2721,12720,Policy-Claim Gap,1,51.3,Flagged,Theft,93212,Rejected,0,2025-11,Aggregator
2722,1394,High Claim Ratio,1,32.9,Cleared,Fire,40161,Settled,0,2024-03,Agent
2723,5929,Amount Rounding,0,32.5,Flagged,Accident,68150,Settled,0,2026-02,Bancassurance
2724,15809,Amount Rounding,1,53.7,Flagged,Health,51442,Settled,0,2025-06,Online
2725,1656,High Claim Ratio,0,58.3,Flagged,Accident,50129,Rejected,0,2026-05,Bancassurance
2726,19542,Rapid Settlement,1,14.3,Under Review,Natural Disaster,67837,Settled,0,2025-12,Bancassurance
2727,18609,Amount Rounding,1,62.9,Cleared,Accident,16878,Pending,0,2025-10,Bancassurance
2728,9984,High Claim Ratio,1,52.3,Under Review,Theft,75382,Settled,0,2026-01,Online
2729,12481,Policy-Claim Gap,1,75.6,Under Review,Health,43953,Rejected,0,2025-01,Agent
2730,11426,Amount Rounding,0,18.5,Under Review,Fire,242627,Settled,0,2024-09,Online
2731,3703,Repeat Claimant,0,12.0,Flagged,Fire,203825,Settled,1,2025-12,Online
2732,7266,Rapid Settlement,1,39.6,Under Review,Accident,27371,Settled,0,2025-10,Online
2733,8567,Policy-Claim Gap,0,58.3,Under Review,Theft,15777,Settled,0,2025-01,Aggregator
2734,5575,High Claim Ratio,1,24.3,Under Review,Health,45605,Settled,0,2025-06,Bancassurance
2735,4686,Repeat Claimant,0,3.5,Under Review,Natural Disaster,15385,Settled,0,2024-08,Aggregator
2736,3203,Policy-Claim Gap,1,51.1,Under Review,Accident,248029,Settled,0,2025-12,Online
2737,15524,Policy-Claim Gap,1,30.4,Confirmed,Fire,45488,Settled,0,2025-04,Aggregator
2738,17973,Repeat Claimant,0,24.2,Under Review,Fire,177970,Settled,0,2025-06,Partnership
2739,12803,Repeat Claimant,0,79.5,Confirmed,Health,70098,Settled,0,2026-05,Online
2740,12787,Policy-Claim Gap,1,93.0,Confirmed,Health,53282,Settled,0,2025-10,Online
2741,16223,Policy-Claim Gap,0,55.6,Under Review,Accident,237115,Settled,0,2024-05,Online
2742,177,Policy-Claim Gap,1,13.2,Cleared,Theft,15250,Pending,0,2024-04,Agent
2743,2527,Amount Rounding,1,4.8,Flagged,Accident,1771,Settled,1,2024-08,Agent
2744,6548,High Claim Ratio,1,56.4,Confirmed,Natural Disaster,622271,Settled,0,2024-07,Online
2745,5153,High Claim Ratio,0,19.3,Flagged,Fire,26294,Settled,0,2025-06,Bancassurance
2746,1813,Repeat Claimant,1,16.8,Under Review,Fire,146046,Settled,0,2025-08,Agent
2747,16595,Policy-Claim Gap,1,50.1,Confirmed,Natural Disaster,211619,Settled,0,2024-12,Aggregator
2748,18873,Policy-Claim Gap,1,67.4,Under Review,Natural Disaster,590415,Settled,0,2024-10,Partnership
2749,5776,Rapid Settlement,0,32.3,Under Review,Theft,63400,Settled,0,2025-03,Aggregator
2750,12576,Policy-Claim Gap,0,54.9,Under Review,Theft,30084,Settled,0,2026-05,Online
2751,13079,Amount Rounding,0,45.3,Flagged,Health,73272,Settled,0,2024-04,Agent
2752,17945,Amount Rounding,0,46.5,Confirmed,Natural Disaster,107332,Settled,0,2026-06,Aggregator
2753,6629,Rapid Settlement,1,56.2,Flagged,Natural Disaster,70651,Settled,0,2024-08,Agent
2754,13900,Policy-Claim Gap,1,3.8,Confirmed,Theft,39341,Settled,0,2025-11,Online
2755,5868,Rapid Settlement,1,41.0,Flagged,Natural Disaster,35948,Pending,0,2025-07,Bancassurance
2756,7962,Rapid Settlement,1,93.3,Cleared,Natural Disaster,36776,Pending,0,2024-03,Bancassurance
2757,13311,Amount Rounding,0,39.9,Under Review,Theft,284680,Settled,0,2024-07,Partnership
2758,10580,Repeat Claimant,1,14.9,Under Review,Health,24552,Settled,0,2026-04,Aggregator
2759,9797,Rapid Settlement,0,19.5,Under Review,Theft,137786,Settled,0,2025-01,Online
2760,3031,Policy-Claim Gap,1,44.9,Cleared,Accident,23380,Settled,0,2025-06,Online
2761,4567,Amount Rounding,0,83.9,Under Review,Accident,53615,Settled,0,2025-04,Partnership
2762,12487,Repeat Claimant,0,46.6,Confirmed,Health,85239,Settled,0,2024-06,Agent
2763,11183,Policy-Claim Gap,1,86.4,Under Review,Health,128267,Settled,0,2025-09,Partnership
2764,11220,Repeat Claimant,1,25.2,Flagged,Natural Disaster,35907,Settled,0,2024-07,Agent
2765,12079,High Claim Ratio,0,1.1,Confirmed,Natural Disaster,48421,Rejected,0,2024-06,Agent
2766,6551,Repeat Claimant,0,91.5,Under Review,Accident,27028,Pending,0,2026-03,Online
2767,6712,High Claim Ratio,0,54.6,Flagged,Natural Disaster,6897,Settled,0,2024-11,Agent
2768,11046,Rapid Settlement,1,0.1,Under Review,Theft,145066,Pending,0,2024-07,Agent
2769,2868,High Claim Ratio,0,21.5,Confirmed,Accident,91013,Settled,0,2024-04,Agent
2770,16586,Amount Rounding,0,53.5,Flagged,Accident,61163,Settled,0,2024-03,Online
2771,16563,Repeat Claimant,0,56.5,Flagged,Accident,194846,Settled,0,2025-07,Agent
2772,3100,Policy-Claim Gap,1,87.1,Flagged,Health,43393,Settled,0,2026-04,Online
2773,656,High Claim Ratio,0,45.1,Under Review,Health,36255,Settled,0,2026-02,Partnership
2774,4348,Repeat Claimant,1,38.5,Flagged,Health,46554,Pending,0,2025-11,Online
2775,4797,Policy-Claim Gap,1,25.2,Flagged,Health,133243,Settled,0,2024-02,Partnership
2776,4818,Repeat Claimant,1,52.4,Flagged,Accident,67612,Settled,0,2025-11,Aggregator
2777,5352,Rapid Settlement,1,15.1,Flagged,Accident,37606,Settled,0,2026-04,Agent
2778,3491,Rapid Settlement,1,90.3,Confirmed,Accident,6528,Pending,0,2025-07,Online
2779,10475,Repeat Claimant,0,24.8,Under Review,Health,66358,Pending,0,2024-11,Online
2780,19389,Amount Rounding,1,29.0,Flagged,Accident,46938,Pending,0,2025-04,Online
2781,11248,Rapid Settlement,1,46.6,Flagged,Health,23380,Settled,0,2026-01,Online
2782,19386,High Claim Ratio,0,9.4,Flagged,Health,34824,Pending,0,2025-02,Agent
2783,6632,High Claim Ratio,1,86.5,Flagged,Accident,104858,Settled,0,2025-07,Online
2784,6526,Rapid Settlement,0,83.9,Cleared,Accident,40781,Rejected,0,2025-03,Aggregator
2785,3085,Policy-Claim Gap,1,85.9,Flagged,Health,77648,Settled,0,2025-11,Aggregator
2786,9861,Rapid Settlement,1,64.8,Flagged,Natural Disaster,125611,Settled,0,2025-09,Online
2787,7057,Repeat Claimant,0,24.6,Under Review,Health,19006,Settled,0,2025-04,Agent
2788,9846,Policy-Claim Gap,0,67.1,Flagged,Fire,129427,Settled,0,2025-10,Online
2789,19021,Policy-Claim Gap,0,31.0,Cleared,Accident,39770,Pending,0,2025-08,Aggregator
2790,2301,Rapid Settlement,0,55.0,Flagged,Health,42406,Pending,0,2026-03,Partnership
2791,19227,High Claim Ratio,0,65.9,Cleared,Accident,22615,Settled,0,2025-12,Agent
2792,9729,Repeat Claimant,1,77.8,Flagged,Fire,19531,Settled,0,2024-04,Agent
2793,15556,Repeat Claimant,1,97.7,Flagged,Accident,113040,Settled,0,2024-12,Bancassurance
2794,18078,Amount Rounding,0,13.7,Under Review,Theft,36092,Settled,0,2024-05,Online
2795,14099,Rapid Settlement,1,35.6,Flagged,Health,13689,Settled,0,2025-09,Aggregator
2796,11823,Amount Rounding,1,98.2,Cleared,Fire,139312,Pending,0,2024-07,Aggregator
2797,16808,High Claim Ratio,0,79.4,Confirmed,Theft,22554,Settled,0,2024-04,Online
2798,4373,Policy-Claim Gap,0,8.6,Cleared,Theft,54510,Settled,0,2025-02,Aggregator
2799,2419,Rapid Settlement,1,89.3,Under Review,Accident,77444,Settled,0,2025-10,Online
2800,6250,High Claim Ratio,0,9.5,Cleared,Health,42600,Settled,0,2025-10,Online
2801,15463,Policy-Claim Gap,1,11.9,Under Review,Theft,40814,Pending,0,2025-10,Online
2802,19486,Repeat Claimant,1,44.1,Cleared,Health,320570,Settled,0,2026-02,Partnership
2803,2878,Amount Rounding,1,25.8,Cleared,Health,50300,Settled,0,2026-03,Bancassurance
2804,1174,High Claim Ratio,1,62.0,Confirmed,Natural Disaster,6381,Settled,0,2025-09,Partnership
2805,5679,Rapid Settlement,1,60.2,Cleared,Natural Disaster,5556,Settled,0,2026-02,Bancassurance
2806,18379,Repeat Claimant,1,91.3,Flagged,Accident,9368,Settled,0,2025-07,Agent
2807,6000,High Claim Ratio,1,71.0,Confirmed,Accident,38283,Settled,0,2025-02,Agent
2808,11361,Amount Rounding,1,7.7,Flagged,Accident,17697,Settled,0,2026-03,Aggregator
2809,10266,High Claim Ratio,0,44.0,Flagged,Health,64363,Settled,0,2024-03,Agent
2810,2042,Amount Rounding,1,60.1,Flagged,Theft,36538,Settled,0,2026-02,Online
2811,5675,High Claim Ratio,0,1.9,Under Review,Accident,67235,Rejected,0,2024-08,Aggregator
2812,12314,Policy-Claim Gap,1,53.3,Confirmed,Health,33651,Pending,0,2024-10,Aggregator
2813,15589,High Claim Ratio,1,92.7,Under Review,Theft,106551,Settled,0,2025-09,Online
2814,19844,Amount Rounding,0,74.5,Under Review,Health,7712,Settled,0,2026-02,Agent
2815,17922,High Claim Ratio,1,30.4,Under Review,Accident,121441,Settled,0,2024-11,Online
2816,14531,Policy-Claim Gap,1,68.4,Cleared,Natural Disaster,40360,Settled,0,2024-11,Online
2817,17641,Amount Rounding,1,50.5,Flagged,Accident,22162,Pending,0,2025-05,Aggregator
2818,16615,High Claim Ratio,0,81.1,Cleared,Accident,43595,Pending,0,2024-04,Online
2819,4065,Policy-Claim Gap,1,43.6,Under Review,Accident,71416,Settled,0,2026-01,Agent
2820,3748,Repeat Claimant,1,31.2,Confirmed,Health,23123,Settled,0,2025-10,Bancassurance
2821,18468,Repeat Claimant,0,90.0,Flagged,Accident,551748,Settled,0,2025-03,Agent
2822,16195,Policy-Claim Gap,1,72.7,Flagged,Accident,87042,Rejected,0,2025-03,Agent
2823,5203,High Claim Ratio,0,12.0,Confirmed,Health,33884,Settled,0,2024-06,Partnership
2824,10314,Rapid Settlement,1,96.2,Flagged,Health,80689,Settled,0,2025-02,Bancassurance
2825,19793,Rapid Settlement,1,16.6,Under Review,Health,101640,Settled,0,2024-09,Partnership
2826,5492,Policy-Claim Gap,1,92.3,Under Review,Fire,318495,Settled,0,2024-02,Online
2827,1626,Amount Rounding,1,5.5,Cleared,Natural Disaster,11099,Rejected,0,2024-01,Bancassurance
2828,16952,Rapid Settlement,1,34.2,Flagged,Accident,8430,Pending,0,2025-06,Aggregator
2829,2297,Amount Rounding,1,73.6,Under Review,Accident,67223,Pending,0,2024-08,Online
2830,15738,High Claim Ratio,1,77.4,Under Review,Accident,35558,Settled,0,2025-12,Online
2831,447,Amount Rounding,0,12.8,Confirmed,Natural Disaster,17248,Pending,0,2025-08,Agent
2832,15606,Amount Rounding,0,33.5,Flagged,Theft,48769,Rejected,0,2024-08,Online
2833,12388,Repeat Claimant,1,45.6,Flagged,Theft,153293,Settled,0,2024-12,Agent
2834,5300,High Claim Ratio,0,17.7,Flagged,Accident,126799,Rejected,0,2024-07,Online
2835,2564,Amount Rounding,0,55.8,Under Review,Health,15932,Settled,0,2024-02,Bancassurance
2836,14969,High Claim Ratio,1,54.8,Flagged,Theft,142244,Settled,0,2024-01,Online
2837,13321,Amount Rounding,1,36.5,Cleared,Accident,93377,Settled,0,2026-05,Aggregator
2838,13950,Policy-Claim Gap,1,99.5,Flagged,Theft,27887,Settled,1,2025-05,Bancassurance
2839,4100,High Claim Ratio,0,65.4,Flagged,Accident,29136,Settled,0,2024-08,Partnership
2840,6821,Policy-Claim Gap,1,23.7,Cleared,Health,30247,Settled,0,2025-05,Aggregator
2841,13060,Rapid Settlement,1,95.8,Flagged,Health,76367,Settled,0,2024-06,Online
2842,14455,Rapid Settlement,0,43.5,Flagged,Natural Disaster,63306,Settled,0,2026-05,Online
2843,5994,Amount Rounding,0,51.9,Flagged,Theft,119596,Settled,0,2025-12,Agent
2844,14621,Repeat Claimant,0,54.6,Cleared,Accident,33814,Settled,0,2025-01,Online
2845,15139,Policy-Claim Gap,1,27.1,Confirmed,Health,641077,Settled,0,2026-01,Aggregator
2846,15596,High Claim Ratio,1,3.8,Under Review,Health,21159,Settled,0,2024-07,Bancassurance
2847,16114,Amount Rounding,1,39.3,Confirmed,Health,62459,Settled,0,2024-02,Aggregator
2848,16711,Amount Rounding,1,69.2,Confirmed,Health,26650,Settled,0,2025-09,Agent
2849,5816,Rapid Settlement,1,47.7,Flagged,Fire,60540,Settled,0,2024-06,Online
2850,18712,Amount Rounding,1,33.9,Under Review,Fire,16999,Settled,0,2025-11,Aggregator
2851,4375,High Claim Ratio,1,56.0,Under Review,Accident,560761,Settled,0,2026-04,Online
2852,1496,High Claim Ratio,0,58.9,Flagged,Accident,94495,Settled,0,2024-10,Agent
2853,9036,Repeat Claimant,1,88.6,Flagged,Accident,42857,Settled,0,2024-09,Partnership
2854,232,High Claim Ratio,0,28.3,Flagged,Accident,43280,Settled,0,2025-09,Aggregator
2855,6897,Rapid Settlement,0,18.2,Flagged,Accident,36685,Settled,0,2024-01,Bancassurance
2856,1817,Amount Rounding,1,57.5,Flagged,Accident,12914,Settled,0,2024-08,Agent
2857,7179,Repeat Claimant,0,78.8,Confirmed,Health,207140,Rejected,0,2026-02,Agent
2858,13574,Policy-Claim Gap,1,57.1,Under Review,Health,6836,Settled,0,2025-09,Online
2859,8228,Policy-Claim Gap,0,17.4,Under Review,Accident,64569,Settled,0,2026-01,Agent
2860,4109,Amount Rounding,1,94.6,Under Review,Natural Disaster,72724,Settled,0,2025-06,Online
2861,2099,Repeat Claimant,0,26.5,Under Review,Accident,108609,Settled,0,2025-10,Online
2862,11035,Policy-Claim Gap,1,63.7,Flagged,Fire,154923,Settled,0,2025-10,Agent
2863,18618,High Claim Ratio,0,57.3,Under Review,Accident,14470,Pending,0,2025-11,Agent
2864,5959,Rapid Settlement,1,41.8,Under Review,Accident,14406,Settled,0,2024-07,Aggregator
2865,13107,Amount Rounding,1,74.9,Cleared,Fire,43051,Settled,0,2025-11,Online
2866,1133,High Claim Ratio,0,62.9,Flagged,Accident,32175,Rejected,0,2025-11,Aggregator
2867,72,High Claim Ratio,1,42.9,Under Review,Health,127661,Rejected,0,2025-08,Bancassurance
2868,17483,High Claim Ratio,0,62.1,Flagged,Health,71502,Settled,0,2025-08,Agent
2869,3412,Policy-Claim Gap,1,31.0,Confirmed,Accident,111088,Settled,0,2025-04,Online
2870,10742,Rapid Settlement,1,92.0,Confirmed,Theft,28329,Settled,1,2026-04,Bancassurance
2871,7612,High Claim Ratio,0,3.1,Confirmed,Health,8492,Settled,0,2024-08,Aggregator
2872,3921,Amount Rounding,0,37.0,Flagged,Accident,6824,Settled,0,2026-06,Online
2873,6613,High Claim Ratio,0,18.0,Flagged,Health,240508,Settled,0,2025-04,Partnership
2874,16153,Repeat Claimant,0,17.2,Cleared,Accident,38116,Rejected,0,2025-01,Online
2875,7219,Rapid Settlement,1,37.0,Flagged,Fire,11085,Settled,0,2025-03,Aggregator
2876,6811,Policy-Claim Gap,1,96.7,Under Review,Accident,16165,Settled,0,2024-01,Online
2877,12344,Repeat Claimant,1,29.5,Under Review,Theft,31903,Settled,0,2025-10,Aggregator
2878,7493,Amount Rounding,0,71.2,Cleared,Accident,27324,Settled,0,2025-06,Aggregator
2879,7558,Policy-Claim Gap,1,3.6,Cleared,Health,61222,Settled,0,2024-05,Online
2880,5926,High Claim Ratio,0,30.4,Under Review,Health,62340,Settled,0,2026-02,Bancassurance
2881,16483,Rapid Settlement,1,20.6,Confirmed,Theft,91654,Settled,0,2024-06,Agent
2882,5221,Repeat Claimant,0,62.4,Under Review,Accident,14598,Rejected,0,2025-07,Agent
2883,17120,Policy-Claim Gap,0,43.6,Confirmed,Health,25934,Pending,0,2024-07,Agent
2884,9571,Rapid Settlement,1,9.5,Under Review,Theft,21124,Settled,0,2024-12,Aggregator
2885,13923,High Claim Ratio,1,91.9,Confirmed,Health,37272,Pending,0,2024-08,Agent
2886,19907,Policy-Claim Gap,0,26.5,Flagged,Theft,50381,Settled,0,2025-03,Bancassurance
2887,6511,Rapid Settlement,1,66.3,Under Review,Health,39066,Settled,0,2024-09,Online
2888,6568,Policy-Claim Gap,1,67.4,Under Review,Natural Disaster,82231,Settled,1,2024-10,Agent
2889,18520,Amount Rounding,0,94.6,Confirmed,Health,18949,Rejected,0,2025-05,Online
2890,17194,Policy-Claim Gap,1,10.7,Confirmed,Accident,71695,Settled,0,2025-01,Online
2891,5442,Rapid Settlement,0,71.5,Under Review,Health,847533,Settled,0,2025-05,Agent
2892,3299,Amount Rounding,1,49.5,Under Review,Natural Disaster,58900,Pending,1,2026-02,Bancassurance
2893,2892,Repeat Claimant,1,50.1,Flagged,Health,48657,Settled,0,2024-11,Online
2894,12986,Repeat Claimant,1,4.1,Cleared,Natural Disaster,9421,Settled,0,2024-07,Agent
2895,4981,Policy-Claim Gap,1,85.6,Flagged,Natural Disaster,132339,Rejected,0,2024-05,Bancassurance
2896,10539,Policy-Claim Gap,1,10.6,Cleared,Fire,34366,Settled,0,2024-04,Agent
2897,3291,Rapid Settlement,1,93.3,Under Review,Health,48799,Settled,0,2024-04,Agent
2898,8727,High Claim Ratio,1,38.5,Flagged,Health,33649,Settled,0,2024-12,Bancassurance
2899,7328,Policy-Claim Gap,0,55.4,Confirmed,Accident,52391,Settled,0,2024-01,Agent
2900,7093,Rapid Settlement,1,0.8,Under Review,Fire,37386,Pending,0,2024-12,Aggregator
2901,13859,Repeat Claimant,1,78.7,Confirmed,Theft,388171,Settled,0,2024-04,Bancassurance
2902,14339,Rapid Settlement,0,57.2,Flagged,Natural Disaster,59214,Rejected,0,2024-06,Aggregator
2903,14474,Repeat Claimant,1,91.3,Cleared,Health,32750,Settled,0,2026-03,Bancassurance
2904,7455,High Claim Ratio,1,30.5,Flagged,Health,16584,Settled,0,2024-09,Online
2905,16121,High Claim Ratio,0,90.9,Under Review,Natural Disaster,25901,Settled,1,2024-05,Agent
2906,11837,Policy-Claim Gap,0,26.8,Confirmed,Accident,9979,Settled,0,2025-02,Agent
2907,1854,Amount Rounding,0,63.1,Flagged,Natural Disaster,27707,Settled,0,2024-05,Online
2908,3449,Amount Rounding,0,33.0,Flagged,Health,91405,Settled,0,2024-05,Agent
2909,7402,Rapid Settlement,1,23.2,Under Review,Theft,57148,Rejected,0,2024-06,Aggregator
2910,15358,High Claim Ratio,1,34.9,Flagged,Natural Disaster,33430,Settled,0,2025-07,Partnership
2911,6560,Policy-Claim Gap,1,55.3,Under Review,Health,24619,Settled,0,2024-06,Online
2912,9511,Policy-Claim Gap,1,62.1,Flagged,Fire,41908,Rejected,0,2026-01,Agent
2913,3689,Policy-Claim Gap,1,18.3,Under Review,Fire,64567,Rejected,0,2026-02,Online
2914,15244,High Claim Ratio,1,43.1,Under Review,Natural Disaster,69355,Settled,0,2024-09,Online
2915,8122,High Claim Ratio,0,42.7,Under Review,Accident,18954,Pending,0,2025-08,Aggregator
2916,11670,High Claim Ratio,0,91.6,Flagged,Accident,33470,Rejected,0,2024-07,Partnership
2917,12058,Rapid Settlement,1,63.8,Cleared,Natural Disaster,45216,Pending,0,2025-03,Agent
2918,164,Repeat Claimant,1,54.3,Under Review,Health,1040964,Settled,0,2024-01,Aggregator
2919,6973,Rapid Settlement,0,85.3,Cleared,Accident,260960,Settled,0,2024-07,Online
2920,13737,Amount Rounding,0,19.3,Flagged,Theft,19890,Rejected,0,2025-01,Agent
2921,14947,Rapid Settlement,1,20.0,Confirmed,Accident,20684,Settled,0,2025-12,Bancassurance
2922,13414,Rapid Settlement,1,27.7,Under Review,Accident,109143,Pending,0,2025-09,Online
2923,10262,Amount Rounding,0,23.3,Cleared,Accident,51492,Pending,0,2026-01,Aggregator
2924,4986,Amount Rounding,1,78.8,Flagged,Theft,58574,Pending,0,2024-08,Agent
2925,4531,Rapid Settlement,0,90.4,Confirmed,Health,202906,Settled,1,2025-10,Bancassurance
2926,16807,High Claim Ratio,1,70.1,Under Review,Health,10411,Settled,0,2025-12,Online
2927,19111,High Claim Ratio,1,27.3,Confirmed,Accident,27251,Settled,1,2025-10,Online
2928,15592,Policy-Claim Gap,0,54.3,Confirmed,Accident,9072,Settled,0,2026-05,Agent
2929,5930,Policy-Claim Gap,0,45.9,Flagged,Accident,41510,Settled,0,2025-10,Aggregator
2930,13047,Repeat Claimant,0,30.6,Confirmed,Theft,453144,Settled,0,2024-12,Online
2931,173,Repeat Claimant,0,98.5,Flagged,Accident,109191,Pending,0,2024-03,Online
2932,13295,Policy-Claim Gap,1,29.1,Confirmed,Accident,232388,Settled,0,2025-02,Online
2933,5650,Rapid Settlement,0,61.3,Under Review,Fire,71208,Settled,0,2024-08,Agent
2934,43,Rapid Settlement,1,44.6,Flagged,Natural Disaster,203903,Pending,0,2025-02,Agent
2935,8010,Rapid Settlement,1,11.6,Flagged,Accident,90019,Settled,0,2024-07,Online
2936,11570,Repeat Claimant,1,77.1,Cleared,Theft,14454,Rejected,0,2024-07,Aggregator
2937,2552,Repeat Claimant,1,74.5,Confirmed,Health,117359,Pending,0,2025-10,Online
2938,3469,Amount Rounding,0,34.6,Confirmed,Theft,107647,Settled,0,2024-12,Online
2939,6497,Rapid Settlement,1,34.4,Confirmed,Theft,143411,Pending,0,2024-02,Online
2940,5385,Policy-Claim Gap,0,27.4,Under Review,Health,73111,Settled,0,2025-05,Partnership
2941,9826,Amount Rounding,0,80.7,Flagged,Theft,34546,Settled,0,2025-07,Partnership
2942,1335,Repeat Claimant,0,37.3,Under Review,Fire,10957,Rejected,0,2025-03,Agent
2943,14804,Amount Rounding,1,42.7,Under Review,Natural Disaster,171202,Settled,0,2026-02,Aggregator
2944,12992,Amount Rounding,1,83.9,Cleared,Natural Disaster,74565,Pending,1,2024-09,Bancassurance
2945,13237,Policy-Claim Gap,1,54.0,Flagged,Fire,16262,Settled,0,2025-08,Aggregator
2946,18250,Rapid Settlement,1,59.4,Cleared,Accident,45949,Rejected,0,2025-12,Online
2947,10298,Repeat Claimant,1,97.8,Under Review,Accident,5351,Settled,0,2026-03,Online
2948,8080,Policy-Claim Gap,1,11.5,Confirmed,Health,52244,Settled,0,2024-12,Aggregator
2949,7775,Amount Rounding,1,25.6,Confirmed,Health,52789,Settled,0,2024-11,Agent
2950,19572,Policy-Claim Gap,1,33.9,Cleared,Accident,17292,Settled,0,2024-01,Agent
2951,5540,Amount Rounding,0,42.3,Flagged,Natural Disaster,92490,Settled,0,2024-05,Agent
2952,155,High Claim Ratio,1,28.7,Confirmed,Health,54950,Settled,0,2025-09,Aggregator
2953,432,Repeat Claimant,1,52.5,Confirmed,Theft,9281,Settled,0,2026-02,Bancassurance
2954,17560,Policy-Claim Gap,1,16.4,Flagged,Natural Disaster,30638,Settled,0,2024-04,Online
2955,14228,Rapid Settlement,0,96.1,Under Review,Accident,4003,Settled,0,2024-02,Aggregator
2956,17791,Amount Rounding,0,14.8,Under Review,Theft,32442,Settled,0,2025-05,Aggregator
2957,17673,Rapid Settlement,1,44.1,Flagged,Theft,42577,Pending,0,2025-03,Aggregator
2958,12266,Policy-Claim Gap,1,48.3,Flagged,Theft,178771,Settled,0,2025-10,Bancassurance
2959,10863,Policy-Claim Gap,1,62.4,Cleared,Theft,529835,Pending,0,2024-05,Online
2960,19380,Rapid Settlement,0,91.2,Under Review,Health,28899,Settled,1,2025-05,Online
2961,13136,Amount Rounding,1,78.8,Under Review,Theft,17776,Settled,0,2025-01,Agent
2962,15051,Rapid Settlement,0,28.2,Under Review,Accident,762574,Settled,0,2026-01,Agent
2963,765,Rapid Settlement,0,86.9,Under Review,Natural Disaster,60424,Pending,0,2026-03,Aggregator
2964,1017,Amount Rounding,1,81.6,Flagged,Natural Disaster,186038,Settled,1,2025-09,Agent
2965,18710,High Claim Ratio,1,98.1,Flagged,Natural Disaster,227410,Settled,0,2024-04,Agent
2966,15018,Repeat Claimant,1,6.4,Under Review,Accident,66435,Settled,0,2026-03,Online
2967,5879,Policy-Claim Gap,1,76.7,Under Review,Health,19137,Settled,0,2024-09,Agent
2968,16700,Rapid Settlement,1,72.0,Cleared,Health,335622,Settled,0,2025-11,Partnership
2969,17798,Policy-Claim Gap,1,63.4,Flagged,Theft,302610,Settled,1,2024-07,Online
2970,10984,High Claim Ratio,1,82.7,Flagged,Theft,114720,Settled,0,2025-12,Agent
2971,953,Rapid Settlement,1,85.2,Confirmed,Health,29725,Settled,0,2026-04,Agent
2972,12953,Amount Rounding,1,2.7,Flagged,Health,172105,Settled,0,2024-05,Online
2973,7224,Amount Rounding,1,96.9,Confirmed,Accident,6722,Settled,0,2025-03,Partnership
2974,9737,Amount Rounding,0,83.9,Flagged,Accident,14598,Settled,0,2026-06,Online
2975,9088,Rapid Settlement,1,83.9,Confirmed,Health,71456,Settled,0,2025-06,Online
2976,4838,Policy-Claim Gap,1,17.3,Cleared,Theft,21830,Settled,0,2025-06,Aggregator
2977,2787,High Claim Ratio,1,43.4,Flagged,Accident,105092,Settled,0,2025-06,Agent
2978,9961,Policy-Claim Gap,0,11.8,Under Review,Accident,22385,Rejected,0,2025-01,Bancassurance
2979,16391,Repeat Claimant,1,2.2,Flagged,Natural Disaster,87411,Settled,0,2026-03,Agent
2980,6203,Amount Rounding,1,2.7,Cleared,Fire,136385,Rejected,0,2024-02,Bancassurance
2981,9195,High Claim Ratio,1,7.4,Flagged,Accident,158480,Settled,0,2025-08,Aggregator
2982,12415,Policy-Claim Gap,0,96.3,Under Review,Accident,17361,Settled,0,2025-12,Agent
2983,10268,Amount Rounding,0,16.5,Under Review,Health,82269,Settled,0,2024-05,Agent
2984,14299,Amount Rounding,1,41.3,Under Review,Health,90759,Settled,0,2024-10,Agent
2985,273,Policy-Claim Gap,1,93.9,Confirmed,Accident,48058,Settled,0,2025-07,Online
2986,19186,Repeat Claimant,0,80.7,Flagged,Accident,241650,Settled,0,2026-02,Agent
2987,7388,Rapid Settlement,1,49.9,Flagged,Accident,24580,Settled,0,2025-05,Online
2988,15342,Repeat Claimant,0,77.3,Flagged,Accident,175082,Settled,1,2026-01,Bancassurance
2989,4363,Repeat Claimant,1,38.4,Flagged,Accident,124620,Settled,0,2025-01,Agent
2990,19831,High Claim Ratio,0,43.3,Flagged,Health,102263,Settled,0,2024-10,Bancassurance
2991,2578,Repeat Claimant,1,41.9,Flagged,Health,84228,Settled,0,2026-01,Partnership
2992,17656,Amount Rounding,0,28.2,Flagged,Accident,36924,Settled,0,2024-07,Bancassurance
2993,11351,Rapid Settlement,1,26.0,Confirmed,Health,177141,Settled,0,2024-08,Agent
2994,16249,Amount Rounding,1,77.5,Flagged,Accident,15520,Settled,0,2024-12,Partnership
2995,11533,High Claim Ratio,1,74.1,Confirmed,Natural Disaster,37573,Rejected,0,2026-04,Online
2996,3144,Rapid Settlement,0,56.9,Under Review,Accident,38057,Pending,0,2025-06,Agent
2997,12761,Amount Rounding,1,86.5,Confirmed,Health,7073,Settled,0,2025-11,Aggregator
2998,6564,Rapid Settlement,1,41.2,Under Review,Theft,99875,Pending,0,2024-03,Online
2999,6826,Rapid Settlement,1,57.8,Under Review,Theft,64897,Settled,0,2026-03,Partnership
3000,296,Rapid Settlement,1,19.0,Confirmed,Health,127975,Settled,0,2024-08,Bancassurance
3001,151,Repeat Claimant,0,76.0,Flagged,Natural Disaster,65042,Settled,0,2025-12,Aggregator
3002,15572,Rapid Settlement,0,10.9,Under Review,Health,82292,Settled,0,2025-12,Partnership
3003,8518,Policy-Claim Gap,1,27.9,Flagged,Accident,311529,Pending,0,2025-09,Bancassurance
3004,5454,High Claim Ratio,0,84.2,Flagged,Natural Disaster,52714,Settled,0,2024-12,Agent
3005,13745,High Claim Ratio,1,36.1,Under Review,Health,12893,Settled,0,2024-05,Agent
3006,284,High Claim Ratio,1,33.0,Under Review,Natural Disaster,34366,Pending,0,2025-03,Agent
3007,3992,Amount Rounding,0,34.7,Flagged,Natural Disaster,68492,Settled,0,2025-09,Online
3008,10265,Policy-Claim Gap,1,99.6,Flagged,Health,209694,Pending,0,2024-07,Agent
3009,1360,Rapid Settlement,1,41.4,Under Review,Natural Disaster,16386,Rejected,0,2024-03,Partnership
3010,7648,Amount Rounding,1,18.1,Confirmed,Health,63981,Settled,0,2024-01,Agent
3011,6783,Policy-Claim Gap,1,94.5,Flagged,Health,16146,Rejected,0,2026-01,Online
3012,7204,Repeat Claimant,0,90.3,Flagged,Accident,288023,Settled,0,2024-09,Bancassurance
3013,18021,High Claim Ratio,0,22.9,Flagged,Accident,104555,Settled,0,2024-10,Online
3014,3779,Policy-Claim Gap,1,49.7,Flagged,Accident,4215,Settled,0,2024-09,Agent
3015,11351,Policy-Claim Gap,0,7.6,Cleared,Health,177141,Settled,0,2024-08,Agent
3016,6060,High Claim Ratio,1,52.6,Under Review,Accident,48722,Settled,0,2025-07,Agent
3017,10904,Amount Rounding,1,90.1,Under Review,Fire,11552,Settled,1,2024-04,Agent
3018,5835,Rapid Settlement,0,47.1,Cleared,Theft,21504,Settled,0,2025-07,Aggregator
3019,2710,Rapid Settlement,1,64.7,Under Review,Fire,39843,Pending,0,2024-08,Aggregator
3020,5338,Amount Rounding,1,98.4,Under Review,Health,72978,Settled,0,2025-12,Bancassurance
3021,3719,Repeat Claimant,0,80.3,Flagged,Accident,47979,Settled,0,2025-11,Agent
3022,10579,Policy-Claim Gap,1,11.9,Flagged,Fire,12067,Settled,0,2025-12,Agent
3023,18294,Amount Rounding,0,90.2,Confirmed,Accident,16005,Pending,0,2024-12,Aggregator
3024,17015,High Claim Ratio,0,79.1,Confirmed,Health,42456,Pending,0,2025-08,Aggregator
3025,9373,High Claim Ratio,1,89.1,Flagged,Accident,12554,Settled,0,2024-08,Agent
3026,8941,High Claim Ratio,0,2.2,Confirmed,Health,50399,Settled,0,2025-03,Agent
3027,4147,High Claim Ratio,0,64.6,Confirmed,Accident,85056,Settled,0,2025-01,Online
3028,17880,Amount Rounding,0,15.0,Cleared,Fire,29430,Pending,0,2026-05,Online
3029,6153,Repeat Claimant,0,6.3,Flagged,Accident,32475,Pending,0,2025-01,Agent
3030,19012,Rapid Settlement,0,1.1,Flagged,Health,167561,Settled,1,2025-09,Aggregator
3031,4015,Amount Rounding,0,39.2,Flagged,Accident,40151,Settled,1,2024-05,Aggregator
3032,5721,Policy-Claim Gap,1,73.1,Confirmed,Health,22697,Settled,0,2026-05,Bancassurance
3033,7500,High Claim Ratio,1,74.5,Under Review,Accident,37715,Settled,0,2024-05,Aggregator
3034,9474,High Claim Ratio,0,4.4,Under Review,Health,65250,Pending,0,2025-02,Online
3035,1884,Repeat Claimant,1,63.5,Under Review,Fire,8384,Settled,0,2025-12,Agent
3036,18708,Repeat Claimant,1,43.5,Under Review,Theft,4410,Settled,0,2025-05,Agent
3037,14431,Rapid Settlement,0,43.6,Under Review,Accident,89018,Settled,0,2025-03,Agent
3038,13957,Policy-Claim Gap,0,26.6,Cleared,Accident,88186,Settled,0,2024-11,Aggregator
3039,3207,Rapid Settlement,1,7.1,Under Review,Fire,40305,Settled,0,2025-10,Aggregator
3040,897,High Claim Ratio,1,9.1,Flagged,Fire,77283,Pending,0,2025-12,Agent
3041,7333,Repeat Claimant,1,84.4,Flagged,Fire,112292,Settled,0,2026-02,Online
3042,12334,Rapid Settlement,1,34.9,Flagged,Health,62450,Settled,0,2025-08,Partnership
3043,17761,Repeat Claimant,0,21.9,Flagged,Theft,141311,Settled,0,2026-05,Agent
3044,5058,Rapid Settlement,1,9.8,Cleared,Accident,221022,Rejected,0,2025-02,Online
3045,19953,Policy-Claim Gap,1,51.9,Under Review,Natural Disaster,32743,Settled,0,2024-03,Agent
3046,4100,Repeat Claimant,0,61.9,Flagged,Accident,29136,Settled,0,2024-08,Partnership
3047,17046,Rapid Settlement,0,80.6,Flagged,Accident,31546,Settled,0,2025-03,Bancassurance
3048,6357,Amount Rounding,1,45.3,Cleared,Theft,40082,Settled,0,2024-12,Agent
3049,14575,Rapid Settlement,1,89.2,Confirmed,Accident,17488,Settled,1,2024-06,Bancassurance
3050,18412,High Claim Ratio,1,30.0,Under Review,Theft,7169,Settled,0,2024-10,Aggregator
3051,13113,High Claim Ratio,0,18.6,Flagged,Natural Disaster,30467,Settled,0,2024-08,Agent
3052,10051,Repeat Claimant,0,19.1,Under Review,Health,20641,Settled,0,2025-10,Online
3053,402,Policy-Claim Gap,0,77.8,Flagged,Health,53802,Settled,0,2025-03,Agent
3054,13753,Amount Rounding,0,71.5,Under Review,Accident,58957,Settled,1,2025-07,Partnership
3055,6553,High Claim Ratio,1,55.4,Under Review,Accident,5915,Rejected,0,2025-06,Online
3056,4162,High Claim Ratio,1,75.6,Confirmed,Natural Disaster,24152,Settled,0,2025-07,Agent
3057,19418,Rapid Settlement,1,77.8,Flagged,Health,71582,Settled,0,2025-08,Aggregator
3058,11486,Rapid Settlement,1,53.9,Flagged,Accident,56726,Settled,0,2024-10,Aggregator
3059,7857,Policy-Claim Gap,1,75.6,Confirmed,Theft,58915,Settled,0,2025-12,Online
3060,12211,Policy-Claim Gap,1,37.0,Under Review,Health,37946,Settled,0,2025-04,Online
3061,9336,High Claim Ratio,0,76.2,Flagged,Natural Disaster,33436,Settled,0,2024-05,Aggregator
3062,9254,High Claim Ratio,1,70.9,Under Review,Health,263461,Settled,0,2024-11,Agent
3063,13042,Rapid Settlement,0,90.9,Cleared,Natural Disaster,5036,Settled,0,2026-04,Online
3064,924,Repeat Claimant,1,19.5,Flagged,Theft,70273,Settled,0,2026-04,Aggregator
3065,11700,High Claim Ratio,0,79.4,Confirmed,Accident,40121,Settled,0,2024-05,Online
3066,4258,Rapid Settlement,0,42.0,Confirmed,Health,22478,Settled,0,2025-02,Agent
3067,3555,High Claim Ratio,1,66.5,Flagged,Accident,11065,Settled,0,2024-10,Online
3068,8928,Policy-Claim Gap,1,9.9,Confirmed,Accident,22834,Settled,0,2024-07,Online
3069,18242,Repeat Claimant,1,64.6,Flagged,Accident,46341,Settled,0,2024-02,Aggregator
3070,11204,Amount Rounding,1,78.8,Flagged,Health,9861,Settled,0,2025-06,Aggregator
3071,15451,Repeat Claimant,0,35.4,Under Review,Health,92697,Settled,0,2024-09,Agent
3072,14138,Repeat Claimant,1,63.9,Confirmed,Theft,141696,Settled,0,2025-10,Online
3073,17736,Amount Rounding,0,26.1,Flagged,Fire,85259,Settled,0,2025-04,Online
3074,1634,High Claim Ratio,0,19.1,Flagged,Accident,298077,Settled,0,2025-10,Agent
3075,6463,Policy-Claim Gap,0,81.1,Flagged,Natural Disaster,115489,Settled,0,2025-12,Aggregator
3076,12009,Amount Rounding,1,47.8,Cleared,Accident,153027,Settled,0,2024-06,Agent
3077,6733,Policy-Claim Gap,1,58.7,Under Review,Accident,16689,Settled,0,2025-09,Online
3078,19609,Amount Rounding,0,8.6,Under Review,Fire,23842,Settled,0,2025-04,Bancassurance
3079,18067,High Claim Ratio,1,53.3,Confirmed,Accident,10736,Settled,0,2026-04,Online
3080,11263,High Claim Ratio,1,46.6,Under Review,Health,131582,Settled,0,2026-04,Online
3081,15558,High Claim Ratio,1,61.5,Flagged,Accident,51434,Settled,0,2024-10,Bancassurance
3082,16050,High Claim Ratio,1,15.4,Under Review,Theft,7407,Settled,0,2026-04,Online
3083,18522,Policy-Claim Gap,0,82.6,Confirmed,Natural Disaster,22235,Settled,0,2024-03,Agent
3084,4497,Amount Rounding,1,92.7,Flagged,Natural Disaster,100728,Settled,0,2026-01,Online
3085,13853,Policy-Claim Gap,0,16.9,Flagged,Accident,51000,Pending,0,2025-11,Agent
3086,3640,Policy-Claim Gap,0,80.8,Flagged,Theft,37599,Settled,0,2025-12,Online
3087,8900,Repeat Claimant,1,83.7,Under Review,Accident,39561,Settled,0,2024-10,Agent
3088,9963,Amount Rounding,1,38.2,Flagged,Natural Disaster,118355,Pending,0,2026-04,Aggregator
3089,9836,Rapid Settlement,1,58.4,Flagged,Natural Disaster,107568,Settled,0,2025-11,Agent
3090,1070,Policy-Claim Gap,1,22.9,Flagged,Health,37591,Pending,0,2025-03,Agent
3091,13071,Amount Rounding,1,68.8,Flagged,Accident,41590,Settled,0,2025-06,Online
3092,8783,Rapid Settlement,1,17.7,Flagged,Health,25657,Pending,1,2024-05,Agent
3093,7295,Amount Rounding,1,81.0,Confirmed,Accident,86824,Settled,0,2026-03,Agent
3094,8590,Repeat Claimant,1,48.5,Under Review,Health,31674,Pending,0,2025-09,Aggregator
3095,3579,High Claim Ratio,0,70.0,Cleared,Accident,131983,Settled,0,2024-11,Bancassurance
3096,3108,Repeat Claimant,1,10.5,Under Review,Accident,60040,Pending,0,2025-02,Online
3097,14191,High Claim Ratio,0,65.4,Confirmed,Health,63097,Settled,0,2026-03,Online
3098,12253,High Claim Ratio,0,37.5,Under Review,Accident,135331,Settled,0,2025-08,Agent
3099,12270,Rapid Settlement,1,73.9,Flagged,Natural Disaster,57380,Settled,0,2024-12,Aggregator
3100,14040,Rapid Settlement,0,84.6,Confirmed,Health,108220,Settled,0,2025-08,Bancassurance
3101,2416,High Claim Ratio,1,44.6,Flagged,Fire,70826,Settled,0,2026-03,Bancassurance
3102,8351,Policy-Claim Gap,1,56.0,Confirmed,Theft,80982,Settled,0,2024-10,Online
3103,14399,Repeat Claimant,0,85.0,Under Review,Health,56137,Settled,0,2025-11,Partnership
3104,8121,Repeat Claimant,1,80.5,Flagged,Health,71362,Pending,1,2024-03,Agent
3105,15887,High Claim Ratio,0,44.8,Cleared,Natural Disaster,75651,Settled,0,2024-07,Online
3106,14202,High Claim Ratio,1,38.6,Flagged,Natural Disaster,83309,Settled,0,2025-11,Agent
3107,12809,Rapid Settlement,1,28.5,Under Review,Accident,41112,Rejected,0,2025-01,Agent
3108,4526,Repeat Claimant,1,28.0,Cleared,Theft,13064,Settled,1,2024-08,Partnership
3109,18386,High Claim Ratio,0,42.3,Under Review,Accident,183592,Settled,0,2025-03,Agent
3110,11703,Repeat Claimant,1,15.4,Flagged,Theft,118949,Settled,0,2024-09,Online
3111,6112,Amount Rounding,1,13.3,Flagged,Health,78297,Settled,0,2024-01,Aggregator
3112,2119,Repeat Claimant,1,41.8,Under Review,Natural Disaster,180868,Settled,0,2026-04,Aggregator
3113,7846,Rapid Settlement,0,36.9,Flagged,Accident,305373,Settled,0,2026-05,Aggregator
3114,10402,Amount Rounding,1,0.4,Flagged,Natural Disaster,256223,Settled,0,2025-03,Online
3115,17975,Rapid Settlement,0,6.7,Cleared,Health,27158,Settled,0,2025-07,Agent
3116,2432,Policy-Claim Gap,1,70.9,Flagged,Accident,19541,Pending,0,2025-11,Aggregator
3117,11093,Rapid Settlement,0,59.5,Under Review,Health,56325,Settled,0,2025-02,Agent
3118,6277,Repeat Claimant,1,59.2,Flagged,Theft,88776,Pending,0,2025-06,Bancassurance
3119,16866,Policy-Claim Gap,0,68.4,Under Review,Accident,60044,Settled,0,2024-04,Agent
3120,8724,High Claim Ratio,1,94.3,Under Review,Natural Disaster,127244,Rejected,0,2026-06,Online
3121,624,High Claim Ratio,1,48.3,Flagged,Theft,63688,Settled,0,2025-07,Agent
3122,15198,High Claim Ratio,1,6.5,Under Review,Health,25003,Settled,0,2026-04,Aggregator
3123,11750,Policy-Claim Gap,1,18.8,Confirmed,Accident,51620,Settled,0,2024-09,Agent
3124,784,High Claim Ratio,1,2.1,Under Review,Accident,103553,Settled,0,2026-01,Online
3125,6798,Amount Rounding,1,77.0,Cleared,Health,24049,Rejected,0,2024-03,Bancassurance
3126,4142,High Claim Ratio,0,38.5,Under Review,Accident,75481,Pending,0,2024-05,Agent
3127,11854,Repeat Claimant,1,43.2,Flagged,Natural Disaster,18514,Settled,0,2025-11,Bancassurance
3128,6057,Amount Rounding,1,46.8,Cleared,Accident,102483,Settled,0,2025-05,Aggregator
3129,17656,High Claim Ratio,1,89.8,Under Review,Accident,36924,Settled,0,2024-07,Bancassurance
3130,10498,Repeat Claimant,1,75.5,Flagged,Natural Disaster,59687,Settled,0,2025-02,Aggregator
3131,1169,Rapid Settlement,1,41.8,Confirmed,Health,27817,Rejected,0,2025-05,Agent
3132,4431,Amount Rounding,1,72.4,Flagged,Health,92733,Settled,0,2025-11,Aggregator
3133,18964,Amount Rounding,1,60.4,Under Review,Health,11882,Settled,0,2026-01,Agent
3134,3227,Rapid Settlement,0,94.8,Under Review,Natural Disaster,40353,Settled,0,2025-07,Online
3135,7243,Amount Rounding,1,69.5,Under Review,Theft,36794,Pending,0,2026-02,Online
3136,16636,Policy-Claim Gap,1,77.3,Confirmed,Accident,43532,Settled,0,2024-01,Aggregator
3137,19394,High Claim Ratio,0,23.2,Under Review,Theft,85394,Settled,0,2024-03,Bancassurance
3138,2682,Rapid Settlement,1,72.5,Flagged,Health,52104,Pending,0,2025-07,Aggregator
3139,10033,Policy-Claim Gap,0,63.2,Flagged,Accident,222005,Settled,1,2025-10,Online
3140,6424,Rapid Settlement,0,16.2,Flagged,Accident,14957,Settled,0,2024-02,Partnership
3141,5847,Rapid Settlement,1,97.4,Under Review,Natural Disaster,15766,Rejected,0,2025-05,Online
3142,17658,Amount Rounding,1,91.3,Under Review,Fire,199422,Rejected,0,2024-04,Online
3143,219,Rapid Settlement,0,9.0,Flagged,Accident,104218,Settled,0,2025-07,Partnership
3144,9372,Amount Rounding,0,85.1,Under Review,Accident,283223,Settled,0,2024-12,Agent
3145,1661,Repeat Claimant,1,88.9,Under Review,Accident,23042,Settled,0,2026-04,Partnership
3146,17338,High Claim Ratio,1,77.1,Cleared,Fire,194631,Pending,0,2026-03,Online
3147,10802,High Claim Ratio,1,71.0,Under Review,Health,48254,Settled,0,2025-01,Online
3148,10007,Repeat Claimant,0,27.6,Confirmed,Health,138806,Settled,0,2024-06,Online
3149,5166,Repeat Claimant,0,98.0,Under Review,Theft,51764,Settled,0,2025-12,Agent
3150,19731,Policy-Claim Gap,1,6.7,Under Review,Accident,39768,Settled,0,2026-02,Aggregator
3151,4052,Repeat Claimant,1,97.3,Confirmed,Natural Disaster,47590,Settled,0,2024-01,Agent
3152,3164,Repeat Claimant,1,55.2,Flagged,Theft,97485,Settled,0,2026-05,Online
3153,19176,Amount Rounding,0,75.8,Confirmed,Health,102509,Settled,0,2024-11,Aggregator
3154,16398,Rapid Settlement,1,49.8,Flagged,Theft,48576,Settled,0,2026-02,Online
3155,3388,Rapid Settlement,0,12.2,Confirmed,Health,66237,Settled,0,2025-05,Aggregator
3156,12323,Repeat Claimant,0,81.6,Confirmed,Health,12465,Settled,0,2026-03,Online
3157,12360,Policy-Claim Gap,0,45.5,Cleared,Theft,132191,Settled,0,2025-04,Aggregator
3158,14894,Policy-Claim Gap,1,21.2,Cleared,Accident,115924,Settled,0,2025-12,Online
3159,8706,Amount Rounding,1,43.8,Flagged,Fire,187011,Settled,1,2026-04,Agent
3160,12993,Amount Rounding,1,68.8,Flagged,Natural Disaster,77931,Settled,0,2024-06,Agent
3161,14336,Repeat Claimant,1,3.4,Confirmed,Health,71284,Settled,0,2024-07,Agent
3162,16079,High Claim Ratio,0,0.6,Cleared,Natural Disaster,9035,Settled,0,2024-05,Agent
3163,13385,Repeat Claimant,1,23.1,Under Review,Accident,43125,Settled,0,2024-08,Agent
3164,13400,Rapid Settlement,0,82.3,Flagged,Health,65044,Settled,0,2026-04,Agent
3165,19327,Repeat Claimant,1,11.5,Flagged,Theft,31520,Pending,0,2025-03,Online
3166,1474,Repeat Claimant,0,36.0,Flagged,Health,8452,Settled,0,2025-01,Bancassurance
3167,17124,Repeat Claimant,0,66.4,Confirmed,Accident,22700,Settled,0,2026-05,Online
3168,10444,Policy-Claim Gap,1,10.2,Under Review,Theft,12937,Settled,0,2025-02,Online
3169,15790,Rapid Settlement,1,62.0,Flagged,Accident,28295,Rejected,0,2024-06,Online
3170,11416,Amount Rounding,0,24.0,Confirmed,Fire,190330,Settled,0,2024-11,Agent
3171,3730,Rapid Settlement,0,5.9,Confirmed,Theft,38506,Settled,0,2024-01,Online
3172,19623,Rapid Settlement,1,40.5,Flagged,Health,96354,Settled,0,2025-03,Agent
3173,5257,Repeat Claimant,1,67.7,Flagged,Fire,81953,Pending,0,2026-02,Aggregator
3174,3526,Rapid Settlement,0,98.4,Under Review,Accident,52948,Settled,0,2024-02,Online
3175,18832,Policy-Claim Gap,1,55.1,Under Review,Health,36165,Settled,0,2024-01,Agent
3176,7787,Repeat Claimant,0,84.1,Confirmed,Fire,75301,Settled,0,2025-01,Aggregator
3177,8321,Rapid Settlement,1,46.5,Under Review,Health,15302,Settled,0,2026-04,Aggregator
3178,8020,High Claim Ratio,0,2.3,Flagged,Theft,25898,Settled,0,2025-12,Online
3179,13959,Rapid Settlement,1,8.9,Flagged,Accident,9963,Settled,0,2024-06,Agent
3180,14436,High Claim Ratio,1,67.6,Under Review,Accident,158163,Settled,0,2025-01,Online
3181,6417,Repeat Claimant,1,4.5,Under Review,Theft,206166,Settled,0,2024-12,Aggregator
3182,5368,Policy-Claim Gap,1,58.4,Confirmed,Natural Disaster,81496,Settled,0,2025-10,Online
3183,563,High Claim Ratio,0,27.8,Flagged,Theft,18878,Settled,0,2024-05,Agent
3184,14067,Amount Rounding,1,75.4,Cleared,Health,29340,Pending,0,2024-12,Aggregator
3185,16371,Amount Rounding,0,52.7,Flagged,Accident,17217,Settled,0,2025-07,Partnership
3186,18689,High Claim Ratio,1,88.9,Under Review,Health,61269,Settled,0,2025-02,Online
3187,4447,Policy-Claim Gap,1,55.5,Flagged,Health,23258,Settled,0,2025-03,Bancassurance
3188,15276,Repeat Claimant,1,43.5,Flagged,Accident,13085,Settled,0,2024-01,Online
3189,18138,Rapid Settlement,0,12.6,Under Review,Health,281903,Pending,0,2024-12,Online
3190,8005,Repeat Claimant,0,29.6,Cleared,Natural Disaster,21828,Settled,0,2024-02,Agent
3191,19992,Policy-Claim Gap,1,20.0,Cleared,Theft,61860,Settled,1,2025-10,Partnership
3192,381,Repeat Claimant,1,86.6,Cleared,Accident,97191,Settled,0,2025-07,Aggregator
3193,6094,Amount Rounding,0,53.2,Under Review,Accident,155946,Settled,0,2026-03,Aggregator
3194,17584,High Claim Ratio,0,20.1,Flagged,Theft,27583,Settled,0,2025-12,Online
3195,8129,High Claim Ratio,0,34.4,Flagged,Theft,116721,Settled,0,2024-01,Bancassurance
3196,11205,Rapid Settlement,0,5.1,Flagged,Accident,22845,Pending,0,2025-03,Online
3197,184,Policy-Claim Gap,0,57.3,Under Review,Health,256070,Settled,0,2024-07,Agent
3198,7187,Amount Rounding,0,6.9,Flagged,Accident,106229,Settled,0,2026-01,Online
3199,1884,Policy-Claim Gap,0,55.5,Flagged,Fire,8384,Settled,0,2025-12,Agent
3200,10397,Repeat Claimant,0,64.6,Cleared,Natural Disaster,61259,Settled,0,2025-10,Agent
3201,14144,High Claim Ratio,1,62.9,Under Review,Accident,57823,Settled,0,2025-06,Agent
3202,4780,Repeat Claimant,1,30.9,Under Review,Accident,24508,Settled,0,2025-12,Online
3203,9665,High Claim Ratio,1,2.1,Flagged,Natural Disaster,35657,Settled,0,2024-03,Bancassurance
3204,152,Repeat Claimant,0,2.3,Flagged,Theft,26136,Settled,0,2024-06,Agent
3205,18980,Amount Rounding,1,5.6,Confirmed,Health,11751,Settled,0,2024-12,Agent
3206,19982,Repeat Claimant,0,21.8,Confirmed,Accident,187919,Settled,0,2026-02,Bancassurance
3207,6471,Policy-Claim Gap,0,37.9,Flagged,Health,11558,Settled,0,2025-09,Bancassurance
3208,12614,High Claim Ratio,1,93.8,Confirmed,Health,62843,Settled,0,2026-05,Partnership
3209,2461,Repeat Claimant,1,72.6,Flagged,Health,42996,Settled,1,2024-01,Aggregator
3210,18118,Policy-Claim Gap,0,70.9,Confirmed,Accident,15436,Settled,0,2025-10,Bancassurance
3211,46,High Claim Ratio,1,89.3,Flagged,Accident,16398,Settled,0,2025-12,Agent
3212,15443,Rapid Settlement,1,80.3,Flagged,Natural Disaster,81901,Settled,0,2024-09,Aggregator
3213,17208,Policy-Claim Gap,1,78.7,Under Review,Accident,3523,Settled,0,2024-04,Agent
3214,1873,Policy-Claim Gap,0,15.3,Under Review,Fire,51662,Settled,0,2025-06,Online
3215,17645,Rapid Settlement,0,64.9,Confirmed,Health,10711,Settled,0,2025-07,Aggregator
3216,13688,Policy-Claim Gap,0,35.0,Cleared,Accident,228982,Rejected,1,2026-06,Online
3217,7796,Amount Rounding,1,92.0,Under Review,Accident,38803,Settled,0,2024-08,Bancassurance
3218,3238,High Claim Ratio,0,0.8,Flagged,Accident,41056,Settled,0,2025-11,Online
3219,8141,Policy-Claim Gap,1,58.5,Under Review,Health,270929,Settled,0,2024-08,Online
3220,9688,Policy-Claim Gap,0,77.5,Flagged,Health,74093,Settled,0,2026-01,Aggregator
3221,6276,Amount Rounding,0,54.7,Flagged,Theft,68967,Settled,0,2025-11,Online
3222,1765,Rapid Settlement,1,80.8,Flagged,Accident,66748,Rejected,0,2024-11,Partnership
3223,5316,Amount Rounding,1,94.8,Confirmed,Health,96797,Rejected,0,2024-09,Partnership
3224,13557,Policy-Claim Gap,0,70.6,Confirmed,Theft,17819,Settled,0,2024-05,Online
3225,19895,Repeat Claimant,1,76.4,Flagged,Health,34724,Settled,0,2025-08,Online
3226,5475,Rapid Settlement,0,44.4,Flagged,Accident,52443,Settled,0,2026-04,Bancassurance
3227,1961,Repeat Claimant,1,70.4,Flagged,Accident,142115,Settled,0,2026-06,Aggregator
3228,640,Repeat Claimant,1,71.7,Flagged,Fire,275588,Rejected,0,2024-05,Aggregator
3229,4360,Repeat Claimant,0,65.0,Under Review,Theft,60992,Settled,0,2026-05,Bancassurance
3230,12443,Rapid Settlement,1,85.8,Under Review,Theft,48705,Settled,0,2024-04,Agent
3231,10017,High Claim Ratio,1,36.0,Flagged,Theft,425220,Settled,0,2025-03,Agent
3232,11883,Amount Rounding,0,37.5,Flagged,Health,16649,Settled,0,2024-05,Partnership
3233,17180,Policy-Claim Gap,0,98.8,Flagged,Theft,19876,Settled,0,2025-04,Online
3234,2999,High Claim Ratio,1,28.7,Flagged,Natural Disaster,23453,Settled,0,2025-07,Agent
3235,8456,Repeat Claimant,1,14.5,Under Review,Theft,57756,Settled,0,2025-09,Online
3236,11949,Rapid Settlement,1,41.9,Flagged,Accident,21910,Settled,0,2025-12,Agent
3237,7499,High Claim Ratio,1,86.9,Flagged,Accident,13792,Pending,0,2025-03,Online
3238,4957,High Claim Ratio,1,15.9,Under Review,Theft,168620,Settled,0,2025-08,Agent
3239,13045,Repeat Claimant,1,83.8,Flagged,Health,15289,Settled,1,2024-10,Aggregator
3240,19625,High Claim Ratio,0,59.7,Under Review,Natural Disaster,97372,Settled,0,2026-02,Online
3241,1863,Repeat Claimant,0,8.6,Cleared,Accident,245949,Settled,0,2025-04,Agent
3242,16485,Policy-Claim Gap,0,40.5,Under Review,Theft,46787,Pending,0,2024-12,Agent
3243,12978,Repeat Claimant,0,47.3,Under Review,Accident,35196,Settled,0,2024-08,Bancassurance
3244,19448,Amount Rounding,1,48.7,Under Review,Health,363348,Settled,0,2025-11,Agent
3245,8876,Repeat Claimant,0,80.5,Confirmed,Theft,87140,Settled,0,2024-08,Agent
3246,296,High Claim Ratio,0,49.1,Flagged,Health,127975,Settled,0,2024-08,Bancassurance
3247,2784,High Claim Ratio,1,6.2,Confirmed,Theft,23494,Pending,0,2024-04,Online
3248,4786,Amount Rounding,1,85.0,Flagged,Theft,46754,Settled,0,2026-03,Agent
3249,16157,High Claim Ratio,1,0.8,Confirmed,Accident,9233,Settled,0,2025-08,Aggregator
3250,18471,Rapid Settlement,1,2.6,Flagged,Fire,45515,Settled,0,2025-12,Agent
3251,5817,Policy-Claim Gap,0,77.1,Under Review,Natural Disaster,13166,Settled,0,2025-09,Aggregator
3252,18980,Amount Rounding,1,91.7,Flagged,Health,11751,Settled,0,2024-12,Agent
3253,15359,Repeat Claimant,0,97.1,Confirmed,Accident,84730,Settled,1,2025-04,Partnership
3254,15477,Rapid Settlement,1,43.6,Confirmed,Health,46123,Pending,0,2024-08,Online
3255,9300,Repeat Claimant,0,41.8,Under Review,Accident,25227,Rejected,0,2025-07,Aggregator
3256,5002,Rapid Settlement,0,23.9,Flagged,Fire,13651,Settled,0,2024-08,Agent
3257,13603,Amount Rounding,1,14.7,Flagged,Health,76014,Settled,0,2026-03,Bancassurance
3258,624,Policy-Claim Gap,1,90.8,Flagged,Theft,63688,Settled,0,2025-07,Agent
3259,12882,Rapid Settlement,1,75.5,Confirmed,Health,148422,Settled,0,2024-05,Agent
3260,2220,Policy-Claim Gap,0,73.7,Under Review,Accident,68988,Settled,1,2025-05,Aggregator
3261,9996,Rapid Settlement,1,81.8,Confirmed,Accident,88758,Settled,0,2025-06,Partnership
3262,3657,Repeat Claimant,1,40.1,Under Review,Theft,482603,Settled,0,2026-06,Online
3263,11864,Policy-Claim Gap,0,35.5,Under Review,Accident,99202,Settled,0,2025-04,Online
3264,6857,High Claim Ratio,1,13.9,Under Review,Health,100641,Settled,0,2024-05,Online
3265,12921,High Claim Ratio,1,58.0,Under Review,Health,60736,Settled,0,2026-03,Agent
3266,3939,Repeat Claimant,1,61.3,Confirmed,Accident,47227,Pending,0,2024-03,Aggregator
3267,12578,Rapid Settlement,1,34.6,Cleared,Accident,122319,Settled,0,2025-07,Agent
3268,6263,High Claim Ratio,1,59.4,Flagged,Accident,63689,Pending,0,2024-08,Aggregator
3269,3902,Amount Rounding,1,19.4,Confirmed,Accident,88753,Settled,0,2025-01,Aggregator
3270,2082,Rapid Settlement,1,43.5,Under Review,Health,64802,Settled,0,2025-07,Online
3271,6204,Repeat Claimant,1,62.0,Cleared,Natural Disaster,140942,Settled,0,2024-11,Agent
3272,17737,Policy-Claim Gap,1,90.9,Confirmed,Accident,108048,Settled,0,2026-03,Partnership
3273,12467,Repeat Claimant,0,24.1,Confirmed,Theft,14272,Settled,0,2026-05,Online
3274,16289,Policy-Claim Gap,1,18.9,Confirmed,Fire,363213,Settled,0,2024-10,Agent
3275,18655,High Claim Ratio,1,97.8,Flagged,Health,163854,Settled,0,2025-11,Bancassurance
3276,10763,Repeat Claimant,1,36.7,Flagged,Natural Disaster,13976,Settled,0,2024-03,Bancassurance
3277,6474,Policy-Claim Gap,0,76.4,Under Review,Accident,65135,Settled,0,2026-01,Online
3278,19437,High Claim Ratio,1,63.7,Confirmed,Accident,77790,Settled,0,2024-01,Agent
3279,9186,Repeat Claimant,0,61.3,Under Review,Theft,34244,Pending,0,2024-11,Online
3280,12860,Repeat Claimant,1,68.7,Under Review,Theft,28708,Rejected,0,2025-10,Agent
3281,11583,High Claim Ratio,1,23.3,Under Review,Theft,182505,Settled,0,2024-10,Agent
3282,15349,Amount Rounding,0,16.7,Flagged,Natural Disaster,85149,Settled,0,2026-04,Partnership
3283,13622,Policy-Claim Gap,1,41.3,Flagged,Fire,23288,Settled,0,2024-06,Agent
3284,3317,Policy-Claim Gap,1,71.1,Flagged,Accident,21761,Settled,0,2024-07,Online
3285,2763,Repeat Claimant,1,88.6,Flagged,Natural Disaster,211172,Settled,0,2024-09,Online
3286,7443,Policy-Claim Gap,1,63.3,Flagged,Natural Disaster,44854,Settled,0,2024-01,Aggregator
3287,5210,Policy-Claim Gap,1,96.6,Confirmed,Theft,61786,Settled,0,2026-04,Agent
3288,18722,Policy-Claim Gap,1,6.8,Confirmed,Accident,46796,Settled,0,2024-05,Online
3289,17563,Amount Rounding,0,76.6,Under Review,Accident,34006,Settled,0,2025-02,Online
3290,17088,High Claim Ratio,0,52.8,Under Review,Fire,13461,Settled,0,2024-09,Aggregator
3291,5691,Policy-Claim Gap,1,71.6,Confirmed,Accident,8702,Settled,0,2025-10,Online
3292,18545,Repeat Claimant,1,22.8,Under Review,Theft,17752,Settled,0,2024-02,Online
3293,10480,High Claim Ratio,1,7.6,Confirmed,Health,27084,Settled,0,2025-06,Aggregator
3294,5699,High Claim Ratio,0,16.2,Cleared,Natural Disaster,61429,Settled,0,2024-01,Online
3295,11389,Rapid Settlement,1,87.5,Cleared,Fire,57227,Settled,0,2025-08,Aggregator
3296,1971,Rapid Settlement,0,45.6,Under Review,Natural Disaster,191126,Settled,0,2025-04,Agent
3297,12628,Amount Rounding,0,21.2,Cleared,Accident,33340,Settled,0,2024-05,Online
3298,13642,Rapid Settlement,1,63.6,Under Review,Fire,42861,Pending,0,2024-08,Online
3299,17681,Rapid Settlement,0,57.9,Under Review,Fire,81145,Settled,0,2025-01,Aggregator
3300,1619,Amount Rounding,0,77.2,Flagged,Accident,283430,Settled,0,2025-06,Aggregator
3301,4950,Policy-Claim Gap,1,48.1,Cleared,Theft,23213,Pending,0,2026-01,Aggregator
3302,19525,Amount Rounding,1,26.9,Under Review,Fire,25465,Settled,0,2026-03,Online
3303,8642,High Claim Ratio,1,30.5,Confirmed,Accident,5469,Settled,0,2025-11,Online
3304,4619,High Claim Ratio,1,77.4,Under Review,Accident,286945,Settled,0,2024-10,Online
3305,7628,Rapid Settlement,0,40.8,Under Review,Natural Disaster,47015,Settled,0,2024-11,Bancassurance
3306,12086,High Claim Ratio,1,32.0,Under Review,Natural Disaster,61288,Settled,0,2025-05,Aggregator
3307,2421,Amount Rounding,0,19.8,Under Review,Health,137793,Settled,0,2025-08,Online
3308,417,Rapid Settlement,0,66.1,Flagged,Accident,48846,Settled,0,2024-09,Bancassurance
3309,17603,Amount Rounding,0,55.0,Under Review,Health,67549,Settled,0,2024-01,Online
3310,130,Amount Rounding,0,65.3,Flagged,Theft,108728,Settled,0,2024-07,Agent
3311,6343,Policy-Claim Gap,0,92.5,Flagged,Accident,36759,Settled,0,2026-05,Online
3312,12250,Repeat Claimant,0,90.9,Under Review,Fire,25881,Settled,0,2025-06,Agent
3313,6728,Rapid Settlement,1,95.4,Cleared,Health,69497,Settled,0,2024-06,Aggregator
3314,9606,Policy-Claim Gap,1,25.7,Under Review,Health,16220,Settled,0,2025-09,Aggregator
3315,12666,High Claim Ratio,0,73.6,Cleared,Health,24331,Settled,0,2024-02,Bancassurance
3316,3545,Repeat Claimant,1,63.0,Flagged,Theft,144989,Settled,0,2025-02,Aggregator
3317,7267,Rapid Settlement,0,39.9,Under Review,Accident,40430,Settled,0,2024-04,Bancassurance
3318,6253,Policy-Claim Gap,1,33.7,Under Review,Health,310870,Settled,0,2025-04,Online
3319,6950,Rapid Settlement,0,88.2,Under Review,Accident,57761,Settled,0,2024-05,Bancassurance
3320,8064,Policy-Claim Gap,1,72.8,Cleared,Theft,43842,Rejected,0,2025-12,Partnership
3321,2458,Amount Rounding,1,41.2,Under Review,Accident,101442,Settled,1,2024-07,Bancassurance
3322,5926,Policy-Claim Gap,0,86.3,Flagged,Health,62340,Settled,0,2026-02,Bancassurance
3323,1202,High Claim Ratio,1,86.7,Under Review,Accident,54721,Pending,0,2024-11,Aggregator
3324,14668,Policy-Claim Gap,1,43.2,Confirmed,Health,171856,Settled,0,2024-01,Agent
3325,6071,Repeat Claimant,1,80.6,Under Review,Accident,133551,Settled,0,2025-02,Online
3326,10162,Repeat Claimant,1,92.2,Confirmed,Theft,36108,Settled,0,2025-08,Partnership
3327,2766,High Claim Ratio,0,27.0,Flagged,Health,39748,Settled,0,2024-11,Partnership
3328,4479,High Claim Ratio,0,72.2,Flagged,Natural Disaster,109597,Pending,0,2026-04,Bancassurance
3329,14745,Policy-Claim Gap,0,23.5,Flagged,Accident,53402,Settled,0,2026-06,Online
3330,12972,Repeat Claimant,0,32.8,Cleared,Accident,215247,Settled,0,2025-12,Online
3331,2624,Amount Rounding,0,97.7,Flagged,Health,83228,Settled,0,2024-12,Partnership
3332,10933,Repeat Claimant,1,29.9,Under Review,Accident,5976,Pending,0,2024-11,Online
3333,16080,High Claim Ratio,1,98.8,Confirmed,Health,33392,Settled,0,2026-02,Bancassurance
3334,4826,Amount Rounding,1,6.7,Flagged,Accident,78619,Settled,0,2025-12,Online
3335,17995,Policy-Claim Gap,1,60.3,Flagged,Health,71625,Settled,0,2025-01,Aggregator
3336,11955,Repeat Claimant,0,71.0,Under Review,Health,24338,Settled,0,2024-01,Agent
3337,19684,Repeat Claimant,1,56.8,Under Review,Theft,97434,Pending,0,2025-12,Online
3338,17099,Policy-Claim Gap,1,90.1,Under Review,Natural Disaster,35177,Pending,0,2024-12,Aggregator
3339,4027,Rapid Settlement,1,77.4,Under Review,Health,46210,Pending,0,2024-05,Bancassurance
3340,18520,Rapid Settlement,1,88.3,Confirmed,Health,18949,Rejected,0,2025-05,Online
3341,4233,Amount Rounding,1,17.0,Under Review,Health,56320,Settled,0,2025-05,Aggregator
3342,4582,Repeat Claimant,1,54.4,Flagged,Natural Disaster,26472,Settled,0,2026-02,Online
3343,19365,Rapid Settlement,1,88.4,Under Review,Fire,7100,Settled,0,2024-09,Agent
3344,18487,High Claim Ratio,1,14.0,Confirmed,Accident,61536,Settled,0,2025-01,Partnership
3345,8626,Policy-Claim Gap,1,52.1,Cleared,Theft,13984,Pending,0,2024-07,Aggregator
3346,15355,Amount Rounding,1,55.8,Flagged,Health,101333,Settled,0,2025-04,Partnership
3347,13173,Amount Rounding,1,8.6,Confirmed,Fire,50846,Pending,0,2026-05,Aggregator
3348,3065,Rapid Settlement,0,21.0,Under Review,Health,42739,Pending,1,2025-08,Online
3349,9229,Repeat Claimant,0,15.9,Confirmed,Accident,103753,Settled,0,2025-05,Agent
3350,18992,Policy-Claim Gap,1,96.1,Flagged,Accident,5616,Settled,0,2025-07,Agent
3351,2221,Repeat Claimant,1,23.8,Under Review,Accident,32833,Settled,0,2025-12,Online
3352,13704,Policy-Claim Gap,0,1.4,Cleared,Fire,75951,Settled,0,2025-01,Aggregator
3353,9463,Policy-Claim Gap,1,56.1,Under Review,Health,98879,Settled,0,2024-02,Aggregator
3354,14802,Repeat Claimant,1,35.6,Under Review,Fire,21451,Settled,0,2026-03,Aggregator
3355,16797,Rapid Settlement,0,0.0,Flagged,Fire,167501,Settled,0,2025-10,Online
3356,7773,Policy-Claim Gap,1,98.1,Flagged,Health,35798,Settled,0,2024-11,Bancassurance
3357,2401,Policy-Claim Gap,1,95.5,Confirmed,Accident,14802,Settled,0,2024-09,Aggregator
3358,18400,Amount Rounding,1,25.7,Flagged,Fire,16938,Rejected,1,2024-05,Agent
3359,8040,Rapid Settlement,0,60.3,Confirmed,Accident,167882,Rejected,0,2025-06,Online
3360,12478,Amount Rounding,1,90.9,Flagged,Health,16040,Settled,0,2024-10,Agent
3361,9073,High Claim Ratio,0,41.2,Flagged,Accident,27341,Settled,0,2024-03,Aggregator
3362,1210,Rapid Settlement,0,51.3,Confirmed,Accident,7897,Settled,0,2024-10,Online
3363,11740,Repeat Claimant,0,57.1,Cleared,Accident,12530,Settled,0,2024-05,Agent
3364,5773,Amount Rounding,0,17.2,Flagged,Health,21488,Settled,0,2024-08,Partnership
3365,731,High Claim Ratio,1,7.6,Under Review,Accident,22842,Pending,0,2024-09,Bancassurance
3366,12440,High Claim Ratio,1,26.8,Cleared,Accident,74616,Settled,0,2025-09,Aggregator
3367,17573,Amount Rounding,1,35.5,Under Review,Health,63283,Settled,0,2024-12,Bancassurance
3368,1384,Amount Rounding,1,19.6,Flagged,Accident,77169,Settled,0,2024-06,Bancassurance
3369,5071,Policy-Claim Gap,0,89.5,Confirmed,Health,34338,Settled,0,2025-08,Agent
3370,14120,Amount Rounding,0,98.8,Cleared,Health,53233,Settled,0,2024-03,Aggregator
3371,9776,Policy-Claim Gap,1,12.0,Under Review,Natural Disaster,45004,Settled,0,2026-06,Agent
3372,10141,High Claim Ratio,1,44.3,Flagged,Accident,90102,Settled,0,2024-03,Partnership
3373,921,Policy-Claim Gap,1,20.0,Flagged,Theft,248223,Settled,0,2024-05,Bancassurance
3374,1039,Repeat Claimant,1,94.2,Flagged,Accident,13975,Settled,0,2024-03,Online
3375,7421,Repeat Claimant,1,92.5,Under Review,Health,60940,Settled,0,2024-05,Agent
3376,1210,Amount Rounding,0,36.9,Under Review,Accident,7897,Settled,0,2024-10,Online
3377,12627,Policy-Claim Gap,0,69.2,Under Review,Health,22796,Pending,0,2024-10,Online
3378,6402,High Claim Ratio,1,94.5,Flagged,Fire,93676,Pending,0,2025-07,Agent
3379,17664,High Claim Ratio,1,77.6,Under Review,Accident,34950,Settled,0,2025-07,Agent
3380,11921,Repeat Claimant,1,34.9,Flagged,Health,39806,Settled,0,2025-08,Partnership
3381,6512,High Claim Ratio,1,63.5,Flagged,Health,50663,Settled,0,2024-04,Agent
3382,9213,Repeat Claimant,0,85.8,Flagged,Accident,452189,Pending,0,2024-06,Online
3383,17645,High Claim Ratio,0,61.9,Flagged,Health,10711,Settled,0,2025-07,Aggregator
3384,6373,High Claim Ratio,1,34.8,Flagged,Accident,10069,Settled,0,2026-06,Online
3385,6747,Repeat Claimant,1,78.8,Flagged,Accident,88415,Settled,0,2025-01,Online
3386,7457,Amount Rounding,1,94.4,Under Review,Accident,52283,Rejected,0,2025-01,Online
3387,18747,High Claim Ratio,0,12.6,Under Review,Accident,16449,Settled,0,2025-07,Partnership
3388,3925,Rapid Settlement,1,22.2,Flagged,Accident,26338,Settled,0,2024-11,Bancassurance
3389,13875,Rapid Settlement,0,60.1,Under Review,Natural Disaster,54961,Settled,0,2025-05,Aggregator
3390,15154,Amount Rounding,1,82.3,Confirmed,Theft,87327,Settled,0,2026-01,Online
3391,1826,High Claim Ratio,0,34.3,Confirmed,Accident,17214,Settled,0,2025-09,Partnership
3392,6953,High Claim Ratio,1,3.5,Confirmed,Accident,61920,Settled,0,2025-03,Online
3393,566,Amount Rounding,1,47.2,Confirmed,Fire,82786,Settled,0,2024-03,Bancassurance
3394,13968,Rapid Settlement,1,97.7,Under Review,Health,73982,Settled,0,2025-05,Online
3395,5299,Policy-Claim Gap,0,40.1,Cleared,Accident,19996,Settled,0,2025-07,Partnership
3396,2590,Amount Rounding,0,23.4,Under Review,Theft,46808,Settled,0,2024-07,Aggregator
3397,12848,Amount Rounding,0,5.1,Confirmed,Health,88983,Rejected,0,2025-02,Aggregator
3398,16385,Policy-Claim Gap,0,10.1,Cleared,Accident,258537,Settled,1,2024-09,Agent
3399,6881,Amount Rounding,1,24.3,Flagged,Accident,27429,Settled,0,2025-04,Bancassurance
3400,2895,High Claim Ratio,1,85.1,Cleared,Health,42654,Pending,0,2025-05,Online
3401,1272,Amount Rounding,0,11.9,Flagged,Natural Disaster,14624,Settled,0,2024-02,Online
3402,14737,High Claim Ratio,0,94.5,Confirmed,Fire,18891,Settled,0,2025-11,Online
3403,7355,High Claim Ratio,0,29.8,Flagged,Health,318336,Pending,0,2025-01,Bancassurance
3404,5427,Rapid Settlement,0,55.4,Under Review,Health,9684,Settled,0,2024-10,Bancassurance
3405,4799,Policy-Claim Gap,0,32.8,Under Review,Accident,195848,Settled,0,2024-01,Online
3406,9526,Rapid Settlement,1,23.4,Confirmed,Natural Disaster,27047,Settled,0,2026-05,Agent
3407,865,High Claim Ratio,1,18.7,Under Review,Accident,409858,Settled,0,2024-12,Partnership
3408,1533,Repeat Claimant,1,72.1,Flagged,Accident,57371,Settled,0,2026-02,Online
3409,7939,Amount Rounding,0,72.4,Confirmed,Health,57813,Settled,0,2025-12,Agent
3410,18389,Repeat Claimant,1,23.6,Flagged,Accident,61994,Settled,0,2024-06,Online
3411,18930,Policy-Claim Gap,1,25.7,Cleared,Accident,54228,Settled,0,2024-07,Bancassurance
3412,19383,Policy-Claim Gap,1,16.3,Cleared,Health,88952,Rejected,0,2025-03,Partnership
3413,7938,Policy-Claim Gap,0,23.1,Cleared,Theft,11735,Settled,0,2025-02,Online
3414,9162,Rapid Settlement,1,29.5,Flagged,Accident,63010,Settled,0,2026-04,Bancassurance
3415,13693,High Claim Ratio,0,92.2,Under Review,Fire,113605,Settled,0,2025-03,Online
3416,15174,Rapid Settlement,1,90.2,Flagged,Accident,281801,Pending,0,2024-01,Agent
3417,2344,Policy-Claim Gap,1,28.7,Under Review,Accident,41641,Settled,0,2025-06,Online
3418,14184,Policy-Claim Gap,0,91.9,Confirmed,Accident,36003,Settled,0,2024-04,Online
3419,15876,High Claim Ratio,0,54.8,Flagged,Natural Disaster,148406,Settled,0,2026-02,Agent
3420,13560,Policy-Claim Gap,1,13.9,Cleared,Health,121894,Settled,0,2024-09,Agent
3421,11771,Repeat Claimant,1,32.8,Under Review,Health,10676,Settled,1,2025-08,Agent
3422,9889,Policy-Claim Gap,0,56.8,Under Review,Theft,31870,Settled,0,2024-06,Agent
3423,1655,High Claim Ratio,1,83.6,Flagged,Health,118629,Settled,0,2026-03,Bancassurance
3424,6956,Repeat Claimant,0,5.1,Confirmed,Accident,57305,Rejected,0,2025-04,Online
3425,9997,Repeat Claimant,1,24.8,Flagged,Accident,62831,Settled,0,2024-10,Agent
3426,6414,Repeat Claimant,1,21.8,Cleared,Fire,24026,Settled,0,2025-10,Partnership
3427,17957,Amount Rounding,1,55.4,Flagged,Theft,149836,Settled,0,2025-11,Online
3428,8241,Repeat Claimant,0,72.0,Flagged,Accident,24437,Settled,0,2025-08,Aggregator
3429,9494,Policy-Claim Gap,1,61.9,Confirmed,Accident,6076,Settled,0,2025-08,Bancassurance
3430,17620,Amount Rounding,1,53.4,Flagged,Accident,19060,Settled,0,2025-01,Online
3431,15172,Rapid Settlement,1,10.6,Under Review,Health,18156,Settled,0,2025-03,Online
3432,2083,Policy-Claim Gap,1,26.6,Confirmed,Health,2300,Settled,0,2024-08,Aggregator
3433,13861,High Claim Ratio,0,37.5,Under Review,Accident,204707,Pending,0,2026-04,Agent
3434,11231,High Claim Ratio,1,42.8,Under Review,Theft,46295,Settled,0,2025-04,Online
3435,3842,Amount Rounding,1,78.6,Under Review,Accident,21376,Settled,0,2026-04,Online
3436,12292,High Claim Ratio,0,25.2,Under Review,Theft,91245,Settled,0,2025-09,Online
3437,5704,Rapid Settlement,1,65.1,Confirmed,Theft,17461,Settled,0,2024-11,Agent
3438,15724,Rapid Settlement,0,52.0,Confirmed,Theft,50698,Settled,0,2024-05,Bancassurance
3439,17176,Amount Rounding,1,91.5,Under Review,Health,63221,Settled,0,2024-06,Online
3440,11981,Rapid Settlement,1,50.3,Flagged,Theft,54277,Settled,0,2026-05,Agent
3441,8203,High Claim Ratio,1,16.3,Confirmed,Fire,53733,Settled,0,2024-09,Online
3442,11562,Repeat Claimant,0,53.2,Cleared,Health,170762,Settled,0,2024-01,Aggregator
3443,15896,Repeat Claimant,1,92.3,Flagged,Fire,199218,Settled,0,2024-06,Online
3444,954,Repeat Claimant,1,13.4,Flagged,Accident,50356,Settled,1,2026-02,Online
3445,10434,Policy-Claim Gap,1,67.9,Flagged,Health,31318,Settled,0,2024-08,Partnership
3446,1234,High Claim Ratio,1,93.6,Cleared,Theft,57999,Settled,0,2025-12,Agent
3447,16012,Rapid Settlement,1,22.3,Cleared,Health,197456,Pending,0,2026-03,Bancassurance
3448,2384,High Claim Ratio,1,44.3,Under Review,Theft,32011,Pending,0,2024-03,Aggregator
3449,11724,Rapid Settlement,1,42.8,Flagged,Accident,55992,Settled,0,2024-03,Online
3450,19635,Policy-Claim Gap,1,51.9,Confirmed,Accident,106234,Settled,0,2025-07,Agent
3451,2620,High Claim Ratio,0,98.3,Under Review,Theft,65603,Settled,0,2024-05,Aggregator
3452,3276,Policy-Claim Gap,1,76.9,Confirmed,Accident,171794,Settled,0,2024-06,Online
3453,14941,Amount Rounding,1,54.2,Under Review,Natural Disaster,130314,Settled,0,2026-05,Online
3454,19924,Repeat Claimant,0,71.1,Confirmed,Accident,48536,Settled,0,2024-03,Online
3455,18046,Rapid Settlement,1,73.1,Flagged,Natural Disaster,109336,Settled,0,2025-07,Online
3456,2594,Repeat Claimant,1,32.7,Flagged,Accident,43534,Settled,0,2025-07,Partnership
3457,7442,Policy-Claim Gap,0,41.4,Under Review,Accident,25900,Settled,0,2025-06,Agent
3458,9529,Policy-Claim Gap,0,86.3,Flagged,Accident,15809,Settled,0,2025-12,Aggregator
3459,6346,Rapid Settlement,1,41.0,Cleared,Accident,62096,Rejected,0,2024-06,Aggregator
3460,299,Policy-Claim Gap,1,81.4,Confirmed,Health,156777,Settled,0,2025-05,Online
3461,6962,Repeat Claimant,0,63.4,Cleared,Accident,18941,Settled,0,2025-03,Online
3462,16174,Rapid Settlement,1,11.0,Cleared,Natural Disaster,238800,Settled,0,2025-03,Online
3463,5931,Rapid Settlement,1,68.3,Under Review,Fire,8440,Rejected,0,2025-09,Agent
3464,1484,Amount Rounding,1,35.5,Flagged,Health,27139,Settled,0,2025-09,Agent
3465,7168,Policy-Claim Gap,1,92.7,Under Review,Health,92172,Settled,0,2026-01,Aggregator
3466,15344,High Claim Ratio,1,70.7,Cleared,Accident,41852,Settled,0,2025-12,Online
3467,12726,Policy-Claim Gap,0,8.3,Flagged,Health,59364,Settled,0,2024-02,Online
3468,17215,Amount Rounding,1,98.1,Flagged,Health,101986,Rejected,0,2026-04,Agent
3469,7923,Policy-Claim Gap,1,33.3,Under Review,Theft,21129,Settled,0,2024-06,Partnership
3470,16601,Policy-Claim Gap,0,37.3,Flagged,Theft,22167,Pending,0,2024-05,Partnership
3471,17942,Policy-Claim Gap,1,89.4,Flagged,Accident,37438,Settled,0,2026-05,Aggregator
3472,12865,Policy-Claim Gap,1,91.9,Under Review,Accident,49493,Rejected,0,2024-02,Online
3473,17156,Policy-Claim Gap,0,85.6,Flagged,Natural Disaster,21671,Pending,1,2024-11,Partnership
3474,17797,High Claim Ratio,1,17.3,Under Review,Accident,90132,Settled,0,2025-08,Bancassurance
3475,10696,Policy-Claim Gap,1,86.6,Under Review,Accident,71164,Settled,0,2024-02,Online
3476,7591,High Claim Ratio,0,14.4,Under Review,Fire,49411,Settled,0,2024-06,Aggregator
3477,3727,High Claim Ratio,1,66.9,Under Review,Fire,36468,Settled,0,2024-08,Aggregator
3478,14621,High Claim Ratio,1,73.6,Under Review,Accident,33814,Settled,0,2025-01,Online
3479,5052,High Claim Ratio,0,86.6,Flagged,Natural Disaster,41626,Settled,1,2026-01,Online
3480,8211,Rapid Settlement,0,35.7,Cleared,Accident,9460,Settled,0,2025-09,Bancassurance
3481,19985,High Claim Ratio,1,16.6,Flagged,Accident,24214,Settled,0,2024-04,Online
3482,4308,High Claim Ratio,0,86.3,Flagged,Natural Disaster,83148,Settled,0,2024-11,Agent
3483,13836,Policy-Claim Gap,1,52.4,Flagged,Health,179119,Settled,1,2024-07,Aggregator
3484,8922,Repeat Claimant,1,24.0,Flagged,Health,55165,Settled,0,2024-07,Aggregator
3485,9210,Repeat Claimant,1,93.1,Confirmed,Theft,27310,Settled,0,2024-07,Partnership
3486,13855,Rapid Settlement,1,28.8,Flagged,Accident,10990,Rejected,0,2026-04,Agent
3487,7916,Amount Rounding,0,8.7,Flagged,Health,65835,Settled,0,2025-09,Bancassurance
3488,15201,Amount Rounding,1,29.3,Cleared,Health,42676,Settled,1,2026-01,Online
3489,2321,Rapid Settlement,0,87.9,Flagged,Health,27973,Settled,0,2024-01,Agent
3490,18262,Repeat Claimant,1,79.8,Cleared,Health,79333,Settled,0,2024-10,Online
3491,1185,High Claim Ratio,1,98.7,Flagged,Accident,61379,Settled,0,2025-06,Online
3492,1090,Repeat Claimant,0,58.6,Flagged,Accident,125559,Settled,1,2026-05,Agent
3493,19647,High Claim Ratio,0,23.6,Under Review,Theft,235336,Pending,0,2024-10,Partnership
3494,15281,Repeat Claimant,0,11.4,Flagged,Accident,109902,Settled,0,2025-05,Bancassurance
3495,8849,Amount Rounding,0,84.9,Flagged,Natural Disaster,30689,Settled,0,2024-07,Online
3496,8144,High Claim Ratio,1,1.6,Under Review,Health,38496,Pending,0,2024-02,Agent
3497,15951,High Claim Ratio,0,81.3,Under Review,Natural Disaster,6892,Settled,0,2025-03,Aggregator
3498,1712,Policy-Claim Gap,1,98.2,Flagged,Health,60651,Settled,0,2025-01,Agent
3499,2960,High Claim Ratio,1,93.7,Under Review,Natural Disaster,39867,Settled,0,2024-10,Agent
3500,12132,Policy-Claim Gap,1,96.2,Under Review,Theft,51139,Rejected,0,2024-07,Online
3501,13845,Amount Rounding,1,81.5,Under Review,Accident,337397,Settled,0,2024-06,Aggregator
3502,3184,Rapid Settlement,0,64.7,Flagged,Theft,28865,Settled,0,2025-03,Agent
3503,5982,High Claim Ratio,1,78.3,Under Review,Accident,30860,Rejected,0,2026-01,Online
3504,15986,Amount Rounding,0,88.2,Flagged,Accident,139595,Settled,0,2024-10,Agent
3505,12781,Rapid Settlement,1,88.6,Flagged,Theft,26281,Settled,0,2025-01,Aggregator
3506,4242,High Claim Ratio,1,77.6,Flagged,Accident,72741,Settled,0,2025-03,Aggregator
3507,12236,Policy-Claim Gap,1,55.8,Confirmed,Fire,94996,Settled,0,2024-05,Online
3508,5563,Policy-Claim Gap,0,43.2,Under Review,Health,29458,Settled,0,2024-12,Online
3509,9293,Repeat Claimant,1,64.9,Flagged,Health,66568,Settled,1,2025-10,Aggregator
3510,10872,High Claim Ratio,1,37.3,Confirmed,Accident,12528,Settled,0,2026-06,Agent
3511,87,Policy-Claim Gap,0,98.7,Cleared,Health,88227,Settled,0,2026-02,Bancassurance
3512,14344,Rapid Settlement,1,66.7,Flagged,Fire,169619,Settled,0,2025-04,Agent
3513,15301,Policy-Claim Gap,1,2.7,Confirmed,Natural Disaster,85607,Pending,0,2026-03,Online
3514,14254,Amount Rounding,0,84.7,Cleared,Theft,134262,Settled,0,2026-04,Agent
3515,12399,Policy-Claim Gap,1,92.8,Flagged,Theft,68363,Settled,0,2024-07,Agent
3516,3706,Rapid Settlement,1,83.6,Flagged,Accident,48848,Pending,0,2025-06,Bancassurance
3517,5397,Amount Rounding,1,59.3,Confirmed,Health,168937,Settled,0,2025-07,Agent
3518,14072,High Claim Ratio,0,47.4,Flagged,Fire,122443,Rejected,0,2024-03,Online
3519,14240,Policy-Claim Gap,1,40.6,Under Review,Accident,74307,Settled,0,2025-01,Online
3520,19731,Rapid Settlement,1,14.6,Flagged,Accident,39768,Settled,0,2026-02,Aggregator
3521,313,Amount Rounding,1,23.1,Flagged,Natural Disaster,13831,Settled,0,2025-05,Agent
3522,12949,Rapid Settlement,0,66.4,Confirmed,Theft,16924,Settled,0,2024-02,Aggregator
3523,10123,Rapid Settlement,1,45.0,Under Review,Health,162936,Pending,0,2024-10,Agent
3524,17241,Rapid Settlement,1,52.3,Flagged,Health,591194,Settled,0,2025-02,Bancassurance
3525,16990,Repeat Claimant,1,15.4,Under Review,Natural Disaster,59991,Pending,0,2024-10,Online
3526,6761,Repeat Claimant,0,49.0,Flagged,Accident,47208,Settled,0,2024-05,Online
3527,1248,High Claim Ratio,1,34.5,Flagged,Theft,19728,Pending,0,2026-04,Partnership
3528,10727,Policy-Claim Gap,1,77.7,Flagged,Natural Disaster,39235,Settled,0,2024-07,Agent
3529,8453,Repeat Claimant,1,78.6,Confirmed,Accident,53067,Pending,0,2026-06,Aggregator
3530,17013,Repeat Claimant,1,91.9,Under Review,Accident,78156,Rejected,0,2026-06,Aggregator
3531,11227,Rapid Settlement,1,51.0,Flagged,Natural Disaster,88015,Rejected,0,2026-03,Agent
3532,18984,Rapid Settlement,1,88.6,Flagged,Accident,136060,Settled,0,2026-05,Agent
3533,17043,Policy-Claim Gap,0,47.4,Flagged,Health,182838,Settled,0,2025-06,Partnership
3534,11734,Repeat Claimant,1,21.0,Under Review,Health,71305,Settled,0,2026-06,Aggregator
3535,2150,Policy-Claim Gap,1,32.5,Under Review,Theft,13490,Settled,0,2025-01,Partnership
3536,4445,Amount Rounding,1,28.8,Cleared,Health,712932,Settled,0,2024-05,Online
3537,14905,Policy-Claim Gap,1,50.5,Flagged,Fire,13871,Settled,0,2024-11,Agent
3538,11134,Amount Rounding,0,31.2,Under Review,Theft,121942,Settled,0,2025-04,Online
3539,16992,High Claim Ratio,0,56.9,Flagged,Fire,245407,Settled,0,2025-11,Bancassurance
3540,18527,Amount Rounding,1,8.2,Cleared,Accident,132752,Settled,0,2025-06,Aggregator
3541,12959,Rapid Settlement,1,99.3,Flagged,Fire,8409,Settled,0,2025-02,Agent
3542,12279,High Claim Ratio,1,37.6,Under Review,Natural Disaster,38590,Settled,0,2026-06,Aggregator
3543,5500,Rapid Settlement,0,21.0,Under Review,Natural Disaster,32381,Settled,0,2026-03,Partnership
3544,2775,High Claim Ratio,1,67.0,Flagged,Natural Disaster,81745,Settled,0,2024-05,Partnership
3545,18942,High Claim Ratio,1,15.6,Confirmed,Theft,30518,Settled,0,2026-03,Agent
3546,19344,Repeat Claimant,0,57.0,Under Review,Accident,110210,Settled,0,2025-06,Partnership
3547,19522,Repeat Claimant,1,98.4,Cleared,Theft,84381,Settled,0,2025-04,Aggregator
3548,17328,Repeat Claimant,0,47.3,Cleared,Accident,64971,Settled,0,2025-05,Online
3549,10934,Policy-Claim Gap,0,90.2,Under Review,Fire,281357,Pending,0,2024-05,Online
3550,7552,Rapid Settlement,0,14.5,Confirmed,Health,20416,Settled,0,2025-05,Online
3551,1988,High Claim Ratio,0,73.6,Flagged,Accident,78456,Settled,0,2026-03,Bancassurance
3552,11304,Rapid Settlement,1,12.3,Under Review,Natural Disaster,124981,Settled,0,2024-02,Online
3553,1702,Policy-Claim Gap,1,65.9,Confirmed,Natural Disaster,60603,Settled,0,2026-06,Online
3554,2385,Amount Rounding,0,74.3,Cleared,Accident,25284,Rejected,0,2024-12,Agent
3555,13780,Rapid Settlement,1,96.8,Flagged,Health,36267,Settled,0,2024-08,Agent
3556,3164,Amount Rounding,1,22.3,Confirmed,Theft,97485,Settled,0,2026-05,Online
3557,1555,Repeat Claimant,0,99.0,Under Review,Natural Disaster,62286,Settled,0,2025-03,Bancassurance
3558,7051,Amount Rounding,0,37.6,Flagged,Health,19227,Settled,0,2025-12,Partnership
3559,18858,Policy-Claim Gap,1,99.0,Under Review,Accident,28526,Settled,0,2024-10,Agent
3560,7453,Policy-Claim Gap,1,97.4,Under Review,Health,142716,Settled,0,2025-07,Online
3561,3041,High Claim Ratio,0,2.0,Cleared,Accident,35547,Settled,0,2024-08,Agent
3562,11405,High Claim Ratio,1,16.6,Flagged,Health,64075,Settled,0,2024-05,Aggregator
3563,12542,Repeat Claimant,1,9.2,Flagged,Natural Disaster,29910,Rejected,0,2025-12,Online
3564,18343,Repeat Claimant,1,48.7,Under Review,Theft,51577,Settled,0,2024-06,Online
3565,9264,Amount Rounding,1,75.5,Cleared,Fire,107565,Settled,0,2025-06,Partnership
3566,2332,Repeat Claimant,1,12.2,Under Review,Natural Disaster,84701,Settled,0,2024-08,Aggregator
3567,17163,Repeat Claimant,1,62.1,Under Review,Accident,23173,Rejected,0,2026-05,Agent
3568,17832,Repeat Claimant,1,44.4,Cleared,Fire,9485,Settled,0,2025-10,Online
3569,10165,Rapid Settlement,1,28.6,Under Review,Accident,37278,Settled,0,2026-02,Agent
3570,1028,Amount Rounding,0,77.1,Confirmed,Theft,246058,Settled,0,2025-11,Bancassurance
3571,423,Policy-Claim Gap,1,83.5,Under Review,Health,116307,Settled,0,2026-03,Bancassurance
3572,3029,Repeat Claimant,1,30.9,Under Review,Health,25229,Settled,0,2026-05,Agent
3573,13451,High Claim Ratio,0,92.3,Flagged,Theft,69911,Settled,0,2025-09,Bancassurance
3574,12050,Rapid Settlement,1,64.0,Cleared,Accident,13775,Settled,0,2024-06,Agent
3575,7455,Rapid Settlement,0,51.6,Confirmed,Health,16584,Settled,0,2024-09,Online
3576,4938,Repeat Claimant,1,55.5,Confirmed,Natural Disaster,305840,Pending,0,2025-11,Online
3577,8221,Policy-Claim Gap,1,25.6,Under Review,Accident,38998,Settled,0,2024-11,Agent
3578,1074,Repeat Claimant,1,76.1,Under Review,Accident,25213,Settled,0,2025-11,Agent
3579,10665,Repeat Claimant,0,99.9,Under Review,Accident,122286,Settled,0,2026-05,Bancassurance
3580,4558,Policy-Claim Gap,0,89.3,Flagged,Accident,164040,Settled,0,2025-01,Agent
3581,4042,Amount Rounding,1,65.8,Under Review,Accident,144809,Settled,0,2024-06,Aggregator
3582,11660,Amount Rounding,0,14.8,Flagged,Health,94337,Settled,0,2025-03,Aggregator
3583,2010,Amount Rounding,1,83.3,Under Review,Theft,189507,Settled,0,2025-06,Agent
3584,2867,Rapid Settlement,0,96.7,Flagged,Natural Disaster,20758,Pending,0,2024-10,Aggregator
3585,18157,Policy-Claim Gap,0,19.0,Under Review,Accident,24983,Pending,0,2024-05,Agent
3586,10120,Policy-Claim Gap,1,72.5,Flagged,Natural Disaster,33496,Settled,0,2024-11,Online
3587,15420,Policy-Claim Gap,0,23.5,Flagged,Natural Disaster,93359,Settled,0,2025-05,Online
3588,6462,Rapid Settlement,1,10.6,Flagged,Natural Disaster,6066,Settled,0,2024-10,Online
3589,356,Repeat Claimant,1,73.8,Flagged,Accident,13505,Settled,0,2025-11,Online
3590,3126,High Claim Ratio,0,15.6,Under Review,Fire,11986,Settled,0,2025-03,Online
3591,5419,Policy-Claim Gap,1,91.2,Cleared,Accident,140140,Settled,0,2024-01,Partnership
3592,3805,High Claim Ratio,1,28.5,Under Review,Accident,109697,Settled,0,2025-04,Aggregator
3593,9414,Policy-Claim Gap,0,12.6,Confirmed,Accident,16977,Settled,0,2024-02,Agent
3594,14804,High Claim Ratio,0,43.7,Under Review,Natural Disaster,171202,Settled,0,2026-02,Aggregator
3595,7229,Amount Rounding,1,93.8,Under Review,Accident,136203,Settled,0,2025-07,Online
3596,5451,Repeat Claimant,1,94.8,Confirmed,Fire,85402,Settled,0,2024-10,Online
3597,1298,High Claim Ratio,1,78.0,Flagged,Theft,39585,Settled,0,2024-01,Agent
3598,16597,Repeat Claimant,0,22.4,Under Review,Fire,46800,Settled,0,2024-09,Partnership
3599,7101,Rapid Settlement,1,1.1,Flagged,Theft,239026,Settled,0,2025-08,Aggregator
3600,2736,Amount Rounding,1,12.5,Under Review,Accident,40759,Settled,1,2025-08,Online
3601,15019,Amount Rounding,0,41.1,Under Review,Accident,6598,Settled,0,2025-05,Online
3602,7926,Amount Rounding,1,24.4,Under Review,Accident,53913,Settled,0,2024-05,Online
3603,7843,Repeat Claimant,0,54.7,Flagged,Fire,100947,Pending,0,2024-03,Bancassurance
3604,16084,Amount Rounding,1,51.1,Confirmed,Fire,346181,Settled,0,2024-04,Partnership
3605,8746,Repeat Claimant,1,49.1,Flagged,Accident,9055,Settled,0,2024-08,Aggregator
3606,10506,Amount Rounding,0,14.3,Cleared,Natural Disaster,15076,Settled,0,2025-02,Agent
3607,9084,Policy-Claim Gap,0,18.3,Confirmed,Health,133865,Settled,0,2024-12,Agent
3608,19660,Amount Rounding,0,77.3,Flagged,Natural Disaster,117614,Settled,0,2025-09,Online
3609,9847,Amount Rounding,0,55.0,Cleared,Natural Disaster,509543,Rejected,0,2026-02,Online
3610,1426,Repeat Claimant,1,1.9,Flagged,Natural Disaster,46321,Settled,0,2025-12,Aggregator
3611,18998,Amount Rounding,0,23.1,Under Review,Accident,175472,Settled,0,2024-07,Online
3612,253,Repeat Claimant,1,74.6,Flagged,Accident,17396,Settled,0,2024-02,Agent
3613,16985,Rapid Settlement,1,28.6,Flagged,Accident,34858,Settled,0,2025-12,Agent
3614,7125,Amount Rounding,1,15.5,Confirmed,Fire,265451,Settled,0,2025-02,Aggregator
3615,2913,Repeat Claimant,1,80.6,Flagged,Theft,38971,Settled,0,2024-08,Online
3616,14099,Rapid Settlement,0,66.4,Under Review,Health,13689,Settled,0,2025-09,Aggregator
3617,15533,Repeat Claimant,1,84.2,Confirmed,Natural Disaster,26378,Rejected,0,2025-10,Aggregator
3618,5644,Amount Rounding,1,17.6,Flagged,Accident,17020,Settled,0,2025-03,Agent
3619,11408,Policy-Claim Gap,0,58.9,Flagged,Accident,32743,Settled,0,2025-02,Agent
3620,15110,Rapid Settlement,1,8.7,Under Review,Accident,12587,Settled,0,2025-11,Agent
3621,4676,Policy-Claim Gap,0,49.1,Confirmed,Health,94593,Settled,0,2025-09,Online
3622,4279,Repeat Claimant,1,2.7,Confirmed,Theft,60354,Settled,0,2026-02,Online
3623,3851,Amount Rounding,0,64.9,Under Review,Health,27548,Settled,0,2025-09,Agent
3624,5262,Policy-Claim Gap,0,80.6,Flagged,Health,108963,Settled,0,2026-01,Aggregator
3625,14916,Amount Rounding,1,1.8,Flagged,Fire,40609,Pending,0,2024-02,Partnership
3626,16588,Policy-Claim Gap,1,26.8,Flagged,Accident,23736,Pending,0,2025-11,Online
3627,19672,Amount Rounding,0,86.0,Confirmed,Accident,221125,Settled,0,2025-07,Bancassurance
3628,19490,Amount Rounding,0,92.7,Flagged,Accident,7352,Pending,0,2024-07,Bancassurance
3629,12889,High Claim Ratio,1,41.6,Flagged,Health,77656,Pending,0,2025-06,Aggregator
3630,5302,High Claim Ratio,1,33.3,Under Review,Accident,117474,Settled,0,2024-09,Agent
3631,13321,Policy-Claim Gap,0,38.3,Under Review,Accident,93377,Settled,0,2026-05,Aggregator
3632,6655,Policy-Claim Gap,1,87.7,Confirmed,Accident,125819,Settled,0,2025-08,Partnership
3633,19327,Rapid Settlement,0,42.3,Flagged,Theft,31520,Pending,0,2025-03,Online
3634,7200,High Claim Ratio,1,80.0,Cleared,Health,493467,Settled,0,2024-11,Agent
3635,10699,Policy-Claim Gap,1,48.7,Flagged,Health,10959,Settled,0,2024-08,Agent
3636,16141,Amount Rounding,0,22.7,Under Review,Theft,6087,Pending,0,2025-06,Online
3637,15944,Rapid Settlement,0,13.6,Cleared,Accident,26817,Settled,0,2024-12,Agent
3638,8421,Repeat Claimant,0,29.5,Under Review,Health,480321,Settled,0,2024-08,Agent
3639,17234,Amount Rounding,1,22.8,Confirmed,Health,182052,Settled,0,2025-03,Online
3640,16559,Amount Rounding,1,31.4,Under Review,Accident,276584,Pending,0,2025-04,Agent
3641,15577,Policy-Claim Gap,1,93.0,Under Review,Natural Disaster,12809,Settled,0,2025-12,Partnership
3642,13966,High Claim Ratio,1,57.8,Under Review,Health,26996,Settled,0,2025-04,Agent
3643,8668,Policy-Claim Gap,1,72.5,Under Review,Fire,142066,Settled,0,2025-03,Online
3644,17231,Repeat Claimant,1,12.1,Under Review,Accident,87754,Rejected,0,2024-09,Agent
3645,4421,Policy-Claim Gap,0,62.4,Under Review,Accident,29302,Settled,0,2024-10,Partnership
3646,14510,Amount Rounding,1,1.9,Flagged,Theft,110657,Settled,0,2025-05,Online
3647,13719,Rapid Settlement,1,68.8,Flagged,Accident,12462,Settled,0,2026-05,Agent
3648,19031,Policy-Claim Gap,0,94.3,Flagged,Fire,21910,Settled,0,2024-04,Aggregator
3649,4206,High Claim Ratio,1,26.3,Cleared,Theft,50311,Settled,0,2024-01,Agent
3650,6616,Policy-Claim Gap,0,58.7,Under Review,Theft,67372,Settled,0,2024-02,Aggregator
3651,5807,Repeat Claimant,0,89.9,Flagged,Health,35673,Settled,0,2024-05,Aggregator
3652,13301,Amount Rounding,0,5.3,Flagged,Natural Disaster,40415,Settled,0,2025-03,Aggregator
3653,18618,Policy-Claim Gap,0,43.0,Confirmed,Accident,14470,Pending,0,2025-11,Agent
3654,9257,Rapid Settlement,0,61.4,Flagged,Accident,14420,Pending,0,2025-04,Aggregator
3655,17521,Rapid Settlement,1,30.1,Confirmed,Accident,39421,Settled,0,2024-06,Agent
3656,14667,Repeat Claimant,1,76.5,Flagged,Health,71580,Settled,0,2026-05,Aggregator
3657,16310,Amount Rounding,0,78.4,Under Review,Accident,1632774,Settled,0,2024-06,Partnership
3658,11876,Policy-Claim Gap,0,51.3,Under Review,Accident,65078,Pending,0,2025-03,Online
3659,2458,High Claim Ratio,1,86.6,Under Review,Accident,101442,Settled,1,2024-07,Bancassurance
3660,15903,High Claim Ratio,1,53.1,Confirmed,Accident,14504,Settled,0,2024-09,Aggregator
3661,18165,Amount Rounding,1,85.8,Flagged,Natural Disaster,15843,Settled,0,2025-10,Agent
3662,3709,Policy-Claim Gap,1,6.5,Confirmed,Fire,30332,Settled,0,2024-11,Agent
3663,17741,Amount Rounding,0,18.0,Flagged,Theft,138522,Rejected,0,2025-02,Agent
3664,8990,Rapid Settlement,1,45.0,Confirmed,Health,50263,Pending,0,2026-03,Online
3665,19174,Policy-Claim Gap,0,86.1,Cleared,Health,27272,Settled,1,2026-02,Bancassurance
3666,11892,Rapid Settlement,0,42.4,Confirmed,Natural Disaster,41832,Settled,0,2026-02,Aggregator
3667,19842,Policy-Claim Gap,1,45.5,Cleared,Accident,376995,Settled,0,2026-01,Partnership
3668,19714,Repeat Claimant,1,53.0,Under Review,Accident,18509,Settled,0,2025-12,Agent
3669,3244,Rapid Settlement,0,19.8,Flagged,Theft,22396,Settled,0,2024-11,Bancassurance
3670,744,Rapid Settlement,1,80.9,Confirmed,Accident,10066,Settled,0,2024-01,Agent
3671,3519,Amount Rounding,0,10.5,Under Review,Health,145142,Settled,0,2026-03,Aggregator
3672,9599,Rapid Settlement,1,66.3,Flagged,Accident,40878,Settled,0,2025-06,Partnership
3673,19940,Policy-Claim Gap,0,58.3,Flagged,Health,140907,Settled,0,2024-09,Bancassurance
3674,12520,Amount Rounding,1,1.9,Under Review,Accident,298988,Settled,0,2025-02,Partnership
3675,6359,High Claim Ratio,1,73.7,Confirmed,Accident,87493,Settled,0,2024-08,Online
3676,10468,Repeat Claimant,1,19.1,Under Review,Accident,36078,Settled,0,2025-01,Online
3677,11215,Amount Rounding,1,21.2,Flagged,Accident,12831,Settled,0,2024-12,Agent
3678,12208,Repeat Claimant,1,92.2,Under Review,Accident,266703,Settled,0,2026-04,Partnership
3679,18648,Amount Rounding,0,91.2,Flagged,Theft,629475,Settled,0,2024-03,Online
3680,12814,Rapid Settlement,1,44.1,Confirmed,Health,16808,Pending,0,2024-01,Aggregator
3681,17548,Policy-Claim Gap,0,58.7,Under Review,Accident,82964,Pending,0,2025-01,Online
3682,12355,Amount Rounding,1,8.9,Under Review,Health,24244,Pending,0,2024-08,Online
3683,15417,High Claim Ratio,1,1.5,Under Review,Accident,42409,Rejected,0,2024-07,Agent
3684,15547,Repeat Claimant,0,27.6,Under Review,Health,102384,Settled,0,2024-01,Partnership
3685,7816,Amount Rounding,1,78.4,Flagged,Theft,196340,Pending,0,2025-03,Aggregator
3686,623,High Claim Ratio,1,85.2,Flagged,Health,66344,Rejected,0,2026-04,Agent
3687,3808,Rapid Settlement,0,25.3,Confirmed,Accident,45201,Settled,0,2026-01,Aggregator
3688,19518,Amount Rounding,1,7.3,Under Review,Accident,65358,Settled,0,2025-09,Bancassurance
3689,3038,Rapid Settlement,1,6.8,Under Review,Accident,26023,Rejected,0,2025-02,Bancassurance
3690,8352,High Claim Ratio,1,12.6,Flagged,Health,41825,Settled,0,2026-03,Aggregator
3691,9059,Amount Rounding,0,69.3,Flagged,Accident,11591,Pending,0,2024-01,Bancassurance
3692,8482,High Claim Ratio,1,79.0,Confirmed,Theft,337029,Settled,0,2026-01,Aggregator
3693,2334,Policy-Claim Gap,1,41.0,Under Review,Health,105624,Pending,0,2025-10,Agent
3694,9417,Rapid Settlement,1,51.3,Confirmed,Accident,7776,Settled,0,2025-05,Online
3695,14277,Rapid Settlement,1,29.4,Under Review,Theft,34314,Settled,0,2025-10,Agent
3696,15632,Amount Rounding,1,59.4,Under Review,Accident,67769,Pending,0,2026-03,Online
3697,10521,Policy-Claim Gap,1,96.9,Confirmed,Accident,147145,Settled,0,2025-02,Online
3698,2928,Repeat Claimant,1,33.9,Under Review,Theft,14774,Settled,0,2026-05,Aggregator
3699,5696,High Claim Ratio,0,28.2,Under Review,Accident,606540,Settled,1,2024-11,Partnership
3700,18884,Policy-Claim Gap,1,1.2,Under Review,Natural Disaster,92119,Settled,0,2024-03,Online
3701,18894,Repeat Claimant,1,71.0,Flagged,Theft,260129,Pending,0,2024-12,Bancassurance
3702,420,Policy-Claim Gap,1,73.7,Under Review,Health,52330,Settled,0,2025-07,Aggregator
3703,19275,Repeat Claimant,0,72.6,Flagged,Accident,18848,Settled,0,2024-04,Agent
3704,5515,Rapid Settlement,1,87.7,Confirmed,Accident,199056,Settled,1,2026-01,Agent
3705,15238,Policy-Claim Gap,0,81.7,Flagged,Theft,71693,Settled,0,2025-05,Bancassurance
3706,16171,Amount Rounding,1,7.7,Under Review,Theft,7503,Rejected,0,2025-11,Online
3707,11654,High Claim Ratio,1,38.9,Under Review,Fire,32461,Settled,0,2025-07,Online
3708,9226,Repeat Claimant,1,67.2,Flagged,Accident,11943,Pending,0,2025-06,Bancassurance
3709,13919,Amount Rounding,0,63.5,Flagged,Natural Disaster,1011,Settled,1,2026-03,Aggregator
3710,11630,Repeat Claimant,1,71.6,Flagged,Theft,12640,Settled,0,2024-10,Online
3711,15829,Amount Rounding,1,10.0,Flagged,Theft,122721,Settled,0,2026-02,Aggregator
3712,11869,Amount Rounding,1,78.1,Confirmed,Health,63974,Rejected,0,2025-08,Online
3713,12414,Amount Rounding,1,50.0,Under Review,Theft,102151,Pending,0,2025-01,Online
3714,1875,Repeat Claimant,0,5.2,Confirmed,Natural Disaster,143690,Settled,0,2025-10,Agent
3715,101,Rapid Settlement,0,21.9,Flagged,Accident,32078,Settled,0,2025-02,Online
3716,13192,High Claim Ratio,0,0.8,Under Review,Fire,10519,Settled,0,2026-06,Agent
3717,18692,Policy-Claim Gap,1,89.1,Flagged,Natural Disaster,259089,Pending,1,2025-04,Bancassurance
3718,13632,High Claim Ratio,0,33.1,Under Review,Theft,231458,Settled,0,2024-06,Agent
3719,2443,Repeat Claimant,0,94.6,Cleared,Health,95315,Settled,0,2026-03,Aggregator
3720,8654,Rapid Settlement,1,94.6,Confirmed,Fire,291449,Pending,0,2024-04,Agent
3721,16881,Repeat Claimant,0,90.5,Flagged,Accident,53168,Pending,0,2026-03,Online
3722,7965,Policy-Claim Gap,1,99.7,Flagged,Health,95935,Rejected,0,2025-12,Online
3723,2353,Rapid Settlement,0,95.2,Confirmed,Accident,25724,Settled,0,2025-09,Online
3724,13140,Amount Rounding,1,1.7,Under Review,Health,114533,Pending,0,2026-04,Online
3725,2357,Policy-Claim Gap,1,36.3,Cleared,Accident,64359,Settled,0,2025-07,Online
3726,1548,Policy-Claim Gap,1,58.1,Confirmed,Natural Disaster,43379,Rejected,0,2024-06,Bancassurance
3727,18712,Amount Rounding,1,62.6,Flagged,Fire,16999,Settled,0,2025-11,Aggregator
3728,16584,Repeat Claimant,1,90.3,Under Review,Natural Disaster,204189,Settled,0,2026-02,Agent
3729,2690,High Claim Ratio,1,71.5,Flagged,Natural Disaster,309420,Pending,0,2025-11,Agent
3730,16937,Amount Rounding,0,67.8,Confirmed,Health,17177,Rejected,0,2024-04,Agent
3731,5029,Rapid Settlement,0,12.0,Flagged,Accident,13992,Settled,0,2024-01,Online
3732,19154,Amount Rounding,0,50.8,Flagged,Health,12632,Settled,0,2025-10,Online
3733,898,Rapid Settlement,1,27.3,Confirmed,Health,15286,Settled,0,2025-10,Aggregator
3734,16453,Rapid Settlement,0,24.9,Cleared,Fire,41072,Settled,0,2025-05,Online
3735,7149,Amount Rounding,1,17.0,Confirmed,Theft,75108,Pending,0,2024-03,Partnership
3736,11846,Repeat Claimant,0,3.7,Flagged,Natural Disaster,96758,Settled,0,2026-03,Online
3737,16247,High Claim Ratio,1,18.3,Under Review,Fire,13288,Rejected,1,2025-08,Bancassurance
3738,11396,High Claim Ratio,1,69.9,Under Review,Accident,198972,Settled,0,2026-01,Bancassurance
3739,9649,Rapid Settlement,1,0.6,Flagged,Theft,28875,Rejected,0,2024-08,Aggregator
3740,478,Rapid Settlement,1,77.6,Under Review,Health,62920,Settled,0,2024-02,Online
3741,1973,Repeat Claimant,1,52.7,Confirmed,Accident,32797,Pending,0,2024-10,Bancassurance
3742,19205,Policy-Claim Gap,0,45.5,Flagged,Health,22455,Settled,0,2025-08,Online
3743,19943,Rapid Settlement,1,75.9,Under Review,Health,80437,Settled,0,2025-03,Online
3744,15792,Amount Rounding,1,50.5,Confirmed,Accident,17033,Pending,0,2024-03,Online
3745,14453,Repeat Claimant,1,69.0,Flagged,Health,104233,Settled,0,2025-05,Agent
3746,9199,Repeat Claimant,1,49.4,Cleared,Accident,36850,Pending,0,2024-08,Agent
3747,633,Amount Rounding,1,42.2,Cleared,Natural Disaster,58758,Settled,0,2025-04,Bancassurance
3748,10874,High Claim Ratio,0,92.8,Flagged,Accident,65401,Pending,0,2025-08,Online
3749,16016,Repeat Claimant,1,63.3,Flagged,Natural Disaster,36178,Settled,0,2025-04,Aggregator
3750,17195,Rapid Settlement,1,28.0,Flagged,Accident,74358,Settled,0,2024-01,Online
3751,4338,Amount Rounding,1,65.9,Under Review,Accident,20720,Pending,0,2025-08,Partnership
3752,17087,Rapid Settlement,0,18.8,Flagged,Accident,56317,Settled,0,2024-01,Agent
3753,3455,High Claim Ratio,1,17.2,Flagged,Accident,21372,Settled,0,2024-09,Agent
3754,18059,Amount Rounding,1,16.7,Flagged,Natural Disaster,282511,Settled,0,2025-08,Bancassurance
3755,12684,Rapid Settlement,0,80.1,Under Review,Natural Disaster,507740,Settled,0,2025-02,Online
3756,14479,Policy-Claim Gap,1,58.3,Flagged,Accident,116624,Settled,0,2024-04,Aggregator
3757,14926,Repeat Claimant,0,3.8,Under Review,Accident,65089,Settled,0,2025-01,Aggregator
3758,10916,Policy-Claim Gap,1,65.9,Cleared,Health,12483,Settled,0,2025-02,Agent
3759,5181,High Claim Ratio,1,54.2,Cleared,Theft,169795,Settled,0,2024-04,Aggregator
3760,95,Policy-Claim Gap,0,52.2,Flagged,Accident,39129,Pending,0,2025-08,Aggregator
3761,19116,Rapid Settlement,1,84.2,Confirmed,Natural Disaster,106674,Settled,0,2025-03,Agent
3762,7804,High Claim Ratio,0,26.1,Under Review,Fire,142795,Settled,0,2024-11,Agent
3763,638,Amount Rounding,0,84.6,Under Review,Accident,29975,Settled,0,2026-05,Partnership
3764,3397,Rapid Settlement,0,28.8,Flagged,Theft,47018,Pending,0,2026-05,Online
3765,5017,Repeat Claimant,0,82.5,Flagged,Fire,19073,Settled,0,2024-07,Agent
3766,17100,Rapid Settlement,0,60.0,Under Review,Theft,183774,Settled,0,2024-07,Bancassurance
3767,4174,Amount Rounding,0,70.7,Cleared,Theft,45145,Settled,0,2024-05,Agent
3768,17246,Repeat Claimant,1,53.0,Confirmed,Health,38685,Settled,0,2025-12,Agent
3769,3958,High Claim Ratio,1,50.2,Flagged,Theft,26388,Pending,0,2025-02,Online
3770,9536,Policy-Claim Gap,1,0.9,Under Review,Theft,34803,Settled,0,2024-09,Online
3771,4352,Repeat Claimant,1,39.1,Cleared,Accident,217558,Settled,0,2024-11,Online
3772,17216,High Claim Ratio,1,37.6,Under Review,Theft,210592,Pending,0,2024-11,Agent
3773,9397,Rapid Settlement,0,8.5,Under Review,Natural Disaster,19154,Settled,0,2025-11,Agent
3774,7826,Policy-Claim Gap,1,21.9,Confirmed,Accident,25141,Settled,0,2025-11,Agent
3775,5927,Rapid Settlement,1,90.6,Confirmed,Fire,18125,Settled,0,2025-11,Agent
3776,9619,Rapid Settlement,1,35.3,Under Review,Health,116876,Settled,0,2025-05,Aggregator
3777,4214,Rapid Settlement,1,25.8,Flagged,Theft,21702,Settled,0,2025-08,Online
3778,10682,Repeat Claimant,1,27.5,Flagged,Accident,187655,Settled,1,2024-12,Bancassurance
3779,3662,Amount Rounding,1,43.8,Cleared,Accident,37866,Settled,0,2024-03,Agent
3780,18404,Repeat Claimant,1,5.4,Confirmed,Accident,35369,Pending,0,2024-07,Agent
3781,1522,Policy-Claim Gap,0,23.4,Flagged,Accident,24466,Settled,0,2024-09,Online
3782,1765,Rapid Settlement,1,86.4,Flagged,Accident,66748,Rejected,0,2024-11,Partnership
3783,155,Amount Rounding,0,97.5,Cleared,Health,54950,Settled,0,2025-09,Aggregator
3784,13389,Rapid Settlement,0,33.1,Under Review,Accident,53814,Pending,0,2025-01,Aggregator
3785,3858,High Claim Ratio,1,67.6,Flagged,Theft,27486,Settled,1,2024-03,Agent
3786,7003,Rapid Settlement,0,23.5,Confirmed,Accident,32189,Settled,0,2025-02,Online
3787,388,Amount Rounding,1,76.6,Under Review,Natural Disaster,17133,Pending,0,2025-11,Agent
3788,19961,Rapid Settlement,1,98.3,Cleared,Health,29554,Settled,0,2024-04,Bancassurance
3789,536,Amount Rounding,0,90.4,Confirmed,Theft,136867,Settled,0,2026-06,Aggregator
3790,10339,High Claim Ratio,0,8.4,Under Review,Natural Disaster,16100,Settled,0,2026-04,Agent
3791,3596,High Claim Ratio,1,55.0,Under Review,Natural Disaster,17859,Settled,0,2025-05,Online
3792,13170,Policy-Claim Gap,1,9.0,Under Review,Fire,65888,Pending,0,2024-10,Online
3793,3499,Policy-Claim Gap,0,39.5,Under Review,Health,140023,Settled,0,2024-07,Agent
3794,1495,Rapid Settlement,0,67.4,Confirmed,Health,51487,Settled,0,2024-11,Online
3795,1824,Policy-Claim Gap,1,45.9,Confirmed,Health,12171,Settled,0,2025-11,Bancassurance
3796,17939,Policy-Claim Gap,1,88.6,Under Review,Health,38892,Settled,0,2025-03,Bancassurance
3797,18099,Repeat Claimant,1,54.2,Confirmed,Accident,21328,Settled,0,2024-11,Agent
3798,4053,Policy-Claim Gap,0,16.4,Flagged,Fire,87442,Settled,0,2024-06,Agent
3799,9790,Amount Rounding,1,6.5,Confirmed,Natural Disaster,73823,Settled,0,2024-07,Partnership
3800,17562,High Claim Ratio,0,36.4,Flagged,Accident,86972,Settled,0,2026-01,Online
3801,7742,Rapid Settlement,1,68.5,Flagged,Fire,104461,Pending,0,2024-08,Aggregator
3802,19210,Rapid Settlement,0,57.2,Flagged,Theft,19347,Settled,0,2026-03,Bancassurance
3803,6767,Rapid Settlement,1,36.2,Under Review,Accident,30821,Pending,0,2025-08,Online
3804,17089,Policy-Claim Gap,1,50.1,Under Review,Accident,13592,Settled,0,2025-08,Online
3805,16088,Repeat Claimant,1,12.5,Flagged,Theft,32512,Settled,0,2024-01,Online
3806,12112,Amount Rounding,1,55.2,Cleared,Theft,17803,Settled,1,2025-06,Agent
3807,16119,High Claim Ratio,0,45.5,Flagged,Health,20675,Settled,0,2025-05,Agent
3808,8801,Rapid Settlement,0,33.8,Flagged,Theft,103861,Settled,0,2025-05,Online
3809,11324,Policy-Claim Gap,0,67.0,Flagged,Health,68624,Settled,0,2025-05,Aggregator
3810,3252,High Claim Ratio,1,28.8,Cleared,Natural Disaster,4177,Settled,0,2024-12,Online
3811,7857,Amount Rounding,1,57.3,Confirmed,Theft,58915,Settled,0,2025-12,Online
3812,10952,Amount Rounding,1,54.2,Flagged,Accident,90502,Settled,0,2024-03,Agent
3813,14738,Amount Rounding,1,92.5,Cleared,Health,22400,Settled,0,2024-09,Agent
3814,12338,High Claim Ratio,1,71.5,Cleared,Accident,68531,Settled,0,2024-12,Partnership
3815,4673,Repeat Claimant,1,2.0,Cleared,Accident,265429,Settled,0,2024-08,Bancassurance
3816,18940,Amount Rounding,1,53.8,Under Review,Health,14044,Settled,0,2025-11,Agent
3817,19458,High Claim Ratio,0,10.9,Under Review,Accident,45099,Settled,0,2025-01,Online
3818,9007,High Claim Ratio,0,53.9,Under Review,Health,49597,Rejected,0,2024-12,Agent
3819,15246,Amount Rounding,0,33.3,Under Review,Theft,145785,Pending,0,2024-07,Agent
3820,107,Repeat Claimant,1,39.6,Confirmed,Accident,12139,Rejected,0,2025-12,Online
3821,13878,High Claim Ratio,0,78.8,Under Review,Theft,39266,Settled,0,2024-03,Partnership
3822,17380,Rapid Settlement,1,46.4,Flagged,Accident,104659,Settled,1,2025-08,Partnership
3823,11553,Policy-Claim Gap,0,48.9,Flagged,Theft,101150,Pending,0,2025-02,Bancassurance
3824,6297,Rapid Settlement,1,50.2,Confirmed,Health,10723,Pending,0,2025-10,Online
3825,11455,Rapid Settlement,1,72.1,Under Review,Health,142594,Pending,0,2024-02,Aggregator
3826,11150,Amount Rounding,0,85.7,Flagged,Health,73370,Settled,0,2024-04,Aggregator
3827,9463,Policy-Claim Gap,0,74.9,Flagged,Health,98879,Settled,0,2024-02,Aggregator
3828,1815,Rapid Settlement,0,34.1,Flagged,Accident,152948,Pending,0,2024-10,Partnership
3829,1747,Repeat Claimant,0,86.4,Under Review,Natural Disaster,145482,Settled,0,2024-10,Agent
3830,6393,Amount Rounding,1,44.2,Cleared,Accident,102171,Pending,0,2025-06,Online
3831,19854,High Claim Ratio,1,59.7,Flagged,Accident,24050,Rejected,0,2025-12,Partnership
3832,1275,Repeat Claimant,0,7.7,Confirmed,Accident,15668,Pending,0,2024-11,Online
3833,18379,High Claim Ratio,1,32.3,Confirmed,Accident,9368,Settled,0,2025-07,Agent
3834,6434,Rapid Settlement,1,7.9,Under Review,Health,21792,Settled,0,2024-11,Aggregator
3835,9426,Repeat Claimant,1,82.5,Flagged,Theft,53858,Settled,0,2026-03,Aggregator
3836,6835,Repeat Claimant,1,77.0,Flagged,Health,157257,Settled,0,2024-09,Aggregator
3837,18018,Policy-Claim Gap,1,6.3,Under Review,Accident,33129,Settled,0,2026-02,Online
3838,18455,High Claim Ratio,0,63.6,Flagged,Accident,93674,Settled,0,2025-04,Aggregator
3839,4705,High Claim Ratio,0,92.0,Confirmed,Health,39214,Settled,0,2026-06,Agent
3840,16468,Policy-Claim Gap,0,87.7,Under Review,Natural Disaster,88442,Settled,0,2024-09,Agent
3841,14870,Policy-Claim Gap,1,79.8,Flagged,Natural Disaster,54974,Settled,0,2024-08,Bancassurance
3842,9232,Amount Rounding,1,39.2,Flagged,Health,32565,Settled,0,2025-12,Bancassurance
3843,5198,Rapid Settlement,1,99.2,Confirmed,Health,118457,Settled,0,2025-07,Online
3844,3302,Policy-Claim Gap,1,16.9,Confirmed,Health,39493,Pending,0,2025-05,Partnership
3845,3036,Rapid Settlement,1,3.6,Flagged,Fire,68209,Pending,0,2024-07,Bancassurance
3846,16054,Policy-Claim Gap,0,58.1,Under Review,Health,61663,Settled,0,2024-11,Aggregator
3847,15043,High Claim Ratio,0,52.6,Flagged,Health,155848,Rejected,0,2024-04,Agent
3848,9817,Repeat Claimant,1,60.4,Confirmed,Fire,80120,Settled,0,2024-08,Agent
3849,8404,Rapid Settlement,1,42.3,Flagged,Health,101007,Rejected,0,2026-02,Aggregator
3850,1574,Repeat Claimant,0,46.2,Under Review,Health,374207,Settled,0,2025-01,Partnership
3851,4967,Amount Rounding,1,86.6,Flagged,Accident,11576,Rejected,0,2024-03,Agent
3852,14726,Amount Rounding,1,26.8,Flagged,Accident,91471,Settled,0,2025-09,Agent
3853,12855,High Claim Ratio,1,84.2,Under Review,Health,37850,Settled,0,2026-06,Aggregator
3854,11812,Rapid Settlement,0,86.4,Under Review,Accident,51234,Pending,0,2024-01,Bancassurance
3855,7550,Amount Rounding,1,62.9,Under Review,Accident,117802,Settled,0,2025-08,Partnership
3856,2226,Repeat Claimant,0,5.2,Under Review,Accident,26457,Settled,0,2025-04,Agent
3857,4310,Policy-Claim Gap,1,9.2,Cleared,Accident,15284,Settled,0,2026-01,Aggregator
3858,17614,Rapid Settlement,1,62.4,Under Review,Theft,55306,Settled,0,2025-05,Agent
3859,19055,Repeat Claimant,0,73.7,Under Review,Accident,60241,Settled,0,2024-02,Aggregator
3860,4468,Rapid Settlement,1,25.0,Confirmed,Accident,59420,Settled,0,2025-01,Online
3861,9172,Policy-Claim Gap,1,82.4,Flagged,Theft,12136,Rejected,0,2026-06,Aggregator
3862,3119,Policy-Claim Gap,1,81.1,Confirmed,Accident,7865,Settled,0,2024-07,Bancassurance
3863,14907,High Claim Ratio,0,44.0,Flagged,Accident,93766,Rejected,0,2025-09,Online
3864,16692,Amount Rounding,0,34.8,Under Review,Accident,193763,Settled,0,2026-05,Online
3865,23,Repeat Claimant,1,65.7,Confirmed,Accident,138748,Pending,0,2024-02,Agent
3866,15528,Repeat Claimant,1,36.7,Confirmed,Accident,91743,Settled,0,2024-08,Online
3867,10710,High Claim Ratio,0,48.9,Flagged,Theft,14259,Settled,0,2025-09,Online
3868,3244,Rapid Settlement,0,33.7,Under Review,Theft,22396,Settled,0,2024-11,Bancassurance
3869,1129,High Claim Ratio,1,93.0,Confirmed,Natural Disaster,28657,Settled,0,2025-02,Aggregator
3870,8916,Repeat Claimant,0,49.3,Under Review,Natural Disaster,201691,Settled,0,2025-06,Agent
3871,19535,High Claim Ratio,1,62.5,Under Review,Natural Disaster,40952,Settled,1,2024-12,Aggregator
3872,5470,Policy-Claim Gap,0,53.6,Cleared,Theft,185347,Settled,0,2026-04,Aggregator
3873,1675,Amount Rounding,1,67.8,Flagged,Accident,92282,Settled,1,2024-05,Aggregator
3874,15320,High Claim Ratio,0,80.1,Under Review,Accident,35053,Settled,0,2026-05,Online
3875,14260,Rapid Settlement,0,60.1,Flagged,Fire,62442,Settled,0,2024-04,Agent
3876,8629,Amount Rounding,0,76.9,Confirmed,Health,137806,Pending,0,2025-05,Aggregator
3877,18170,Repeat Claimant,0,18.5,Flagged,Health,372780,Settled,0,2024-07,Online
3878,11601,Rapid Settlement,1,24.4,Flagged,Natural Disaster,44813,Pending,0,2024-09,Partnership
3879,2088,Rapid Settlement,1,11.2,Flagged,Accident,5949,Settled,0,2025-06,Online
3880,9186,Rapid Settlement,1,73.6,Flagged,Theft,34244,Pending,0,2024-11,Online
3881,19714,Amount Rounding,1,51.1,Flagged,Accident,18509,Settled,0,2025-12,Agent
3882,6790,Amount Rounding,1,92.9,Flagged,Accident,63631,Settled,0,2026-01,Agent
3883,7443,Amount Rounding,1,77.4,Flagged,Natural Disaster,44854,Settled,0,2024-01,Aggregator
3884,7404,High Claim Ratio,1,42.0,Cleared,Accident,122017,Settled,0,2025-01,Online
3885,12809,High Claim Ratio,1,69.7,Flagged,Accident,41112,Rejected,0,2025-01,Agent
3886,6225,Policy-Claim Gap,1,65.3,Flagged,Fire,51317,Settled,0,2024-02,Online
3887,15977,Policy-Claim Gap,1,51.6,Confirmed,Accident,74466,Settled,0,2025-11,Online
3888,9627,Rapid Settlement,0,49.6,Under Review,Natural Disaster,20499,Settled,0,2026-03,Agent
3889,12755,Repeat Claimant,1,74.8,Flagged,Accident,193238,Settled,0,2025-03,Agent
3890,15970,High Claim Ratio,0,95.5,Under Review,Natural Disaster,13934,Pending,0,2025-02,Aggregator
3891,10365,Amount Rounding,1,91.3,Flagged,Natural Disaster,140810,Settled,0,2025-09,Aggregator
3892,5933,Rapid Settlement,0,17.9,Under Review,Fire,65079,Settled,0,2024-11,Aggregator
3893,4032,High Claim Ratio,0,57.2,Confirmed,Accident,96222,Settled,0,2025-03,Agent
3894,15284,Amount Rounding,0,15.1,Flagged,Theft,21518,Settled,0,2025-11,Agent
3895,9984,Policy-Claim Gap,1,78.3,Flagged,Theft,75382,Settled,0,2026-01,Online
3896,10558,Repeat Claimant,0,14.5,Under Review,Health,29913,Settled,0,2024-02,Online
3897,19669,Amount Rounding,1,40.3,Confirmed,Theft,23805,Settled,0,2026-02,Aggregator
3898,3181,Rapid Settlement,1,77.4,Flagged,Theft,145056,Settled,0,2024-09,Partnership
3899,12272,High Claim Ratio,1,45.1,Under Review,Theft,20343,Settled,0,2025-09,Agent
3900,8099,Rapid Settlement,0,25.5,Under Review,Fire,1104517,Pending,0,2024-10,Aggregator
3901,814,Repeat Claimant,1,78.3,Confirmed,Theft,42932,Settled,0,2026-01,Online
3902,7568,High Claim Ratio,1,13.6,Flagged,Health,43013,Settled,0,2024-05,Online
3903,2270,Rapid Settlement,0,8.4,Confirmed,Health,14106,Rejected,0,2024-02,Agent
3904,13984,Policy-Claim Gap,1,80.7,Confirmed,Accident,44966,Pending,0,2024-01,Bancassurance
3905,15287,High Claim Ratio,0,58.1,Under Review,Health,104586,Settled,1,2026-01,Aggregator
3906,17525,Policy-Claim Gap,0,36.3,Cleared,Accident,9486,Settled,1,2024-11,Online
3907,18049,Policy-Claim Gap,0,96.8,Under Review,Accident,18585,Settled,1,2024-12,Aggregator
3908,2034,Repeat Claimant,1,2.1,Under Review,Natural Disaster,97050,Pending,0,2024-04,Agent
3909,19976,Rapid Settlement,1,73.0,Confirmed,Health,35561,Pending,0,2025-08,Aggregator
3910,16402,High Claim Ratio,0,7.7,Flagged,Fire,72753,Settled,0,2024-03,Online
3911,19831,Repeat Claimant,0,33.0,Confirmed,Health,102263,Settled,0,2024-10,Bancassurance
3912,18620,Rapid Settlement,1,74.5,Under Review,Accident,60736,Settled,0,2025-04,Agent
3913,19133,Repeat Claimant,1,44.2,Flagged,Theft,20329,Settled,1,2024-08,Online
3914,18236,Rapid Settlement,1,14.4,Flagged,Accident,67443,Settled,0,2025-10,Aggregator
3915,3440,Rapid Settlement,0,88.0,Under Review,Natural Disaster,1497863,Settled,0,2024-04,Agent
3916,11061,Policy-Claim Gap,1,61.9,Confirmed,Accident,34523,Settled,0,2025-12,Aggregator
3917,4427,Rapid Settlement,1,43.0,Confirmed,Theft,28871,Pending,0,2026-03,Online
3918,2560,Amount Rounding,1,96.5,Confirmed,Theft,40204,Settled,0,2025-10,Agent
3919,19261,Amount Rounding,1,47.3,Flagged,Theft,41634,Pending,0,2024-12,Online
3920,7428,Amount Rounding,0,86.3,Flagged,Natural Disaster,79367,Pending,0,2024-03,Agent
3921,10213,Policy-Claim Gap,0,43.8,Under Review,Accident,21456,Settled,0,2024-05,Agent
3922,11491,High Claim Ratio,1,26.6,Flagged,Health,38065,Settled,0,2026-03,Aggregator
3923,8995,High Claim Ratio,1,13.1,Cleared,Accident,58101,Settled,1,2024-02,Online
3924,8669,Rapid Settlement,1,98.1,Under Review,Health,15353,Settled,0,2024-03,Agent
3925,3446,High Claim Ratio,0,20.8,Under Review,Accident,66926,Rejected,0,2026-04,Bancassurance
3926,2602,Policy-Claim Gap,1,63.2,Under Review,Accident,29734,Pending,0,2024-05,Agent
3927,11647,High Claim Ratio,1,9.7,Flagged,Health,15930,Settled,0,2024-11,Bancassurance
3928,7501,Amount Rounding,0,17.4,Confirmed,Natural Disaster,109616,Pending,0,2025-09,Partnership
3929,13638,High Claim Ratio,1,75.9,Flagged,Accident,90628,Settled,0,2024-06,Agent
3930,16679,Rapid Settlement,0,99.2,Confirmed,Natural Disaster,44255,Settled,0,2024-01,Online
3931,4709,High Claim Ratio,0,81.4,Confirmed,Theft,33831,Settled,0,2025-01,Agent
3932,13511,Policy-Claim Gap,1,93.9,Flagged,Health,124647,Pending,0,2026-06,Online
3933,5524,Policy-Claim Gap,1,97.9,Under Review,Health,120674,Pending,0,2024-07,Online
3934,15853,High Claim Ratio,1,78.7,Flagged,Accident,19553,Settled,0,2024-12,Agent
3935,19303,Repeat Claimant,1,9.2,Cleared,Accident,107323,Settled,0,2024-10,Partnership
3936,11801,Amount Rounding,1,71.2,Confirmed,Theft,35971,Settled,0,2024-10,Aggregator
3937,16772,Amount Rounding,1,2.2,Flagged,Health,96900,Settled,0,2024-03,Online
3938,2540,Rapid Settlement,1,93.1,Flagged,Health,26136,Pending,0,2026-04,Partnership
3939,10483,High Claim Ratio,1,69.6,Flagged,Health,51215,Settled,0,2025-12,Aggregator
3940,12314,Rapid Settlement,0,83.3,Flagged,Health,33651,Pending,0,2024-10,Aggregator
3941,650,Rapid Settlement,0,99.6,Flagged,Accident,38363,Settled,0,2025-03,Online
3942,6180,Policy-Claim Gap,1,26.8,Cleared,Accident,43393,Settled,0,2025-11,Agent
3943,18490,Policy-Claim Gap,0,69.3,Under Review,Theft,257518,Settled,0,2025-02,Agent
3944,11434,Repeat Claimant,1,6.1,Flagged,Theft,21683,Pending,0,2024-11,Agent
3945,14724,Amount Rounding,0,93.8,Flagged,Theft,42400,Settled,0,2024-07,Online
3946,18522,Repeat Claimant,1,17.6,Flagged,Natural Disaster,22235,Settled,0,2024-03,Agent
3947,10841,High Claim Ratio,1,56.9,Under Review,Accident,134806,Settled,0,2025-05,Online
3948,11999,Repeat Claimant,1,44.9,Flagged,Natural Disaster,99039,Settled,0,2025-03,Agent
3949,15341,High Claim Ratio,1,3.1,Cleared,Health,141401,Settled,0,2024-08,Aggregator
3950,19301,Amount Rounding,1,1.5,Flagged,Accident,88101,Settled,0,2025-05,Partnership
3951,2563,Policy-Claim Gap,1,33.6,Cleared,Natural Disaster,39852,Settled,0,2025-09,Online
3952,3555,Amount Rounding,0,14.0,Under Review,Accident,11065,Settled,0,2024-10,Online
3953,3310,Rapid Settlement,1,90.2,Flagged,Health,31644,Settled,0,2024-05,Bancassurance
3954,12867,Repeat Claimant,1,93.5,Flagged,Accident,33841,Rejected,0,2025-10,Aggregator
3955,19413,Repeat Claimant,1,47.0,Flagged,Accident,221558,Settled,0,2024-05,Partnership
3956,5518,Repeat Claimant,0,68.4,Confirmed,Fire,88846,Settled,0,2026-06,Agent
3957,4167,Rapid Settlement,1,27.7,Confirmed,Accident,30934,Settled,0,2026-01,Agent
3958,12121,High Claim Ratio,0,86.1,Under Review,Health,27855,Settled,0,2024-07,Agent
3959,7152,Policy-Claim Gap,0,50.9,Confirmed,Health,20875,Settled,0,2025-05,Online
3960,10471,Repeat Claimant,1,56.3,Under Review,Health,15673,Pending,0,2025-12,Online
3961,18500,Repeat Claimant,0,30.1,Under Review,Fire,15378,Settled,0,2026-03,Online
3962,1265,Amount Rounding,1,15.4,Cleared,Natural Disaster,431455,Settled,0,2026-05,Aggregator
3963,11668,Rapid Settlement,1,98.1,Confirmed,Fire,86157,Settled,0,2025-01,Online
3964,6904,High Claim Ratio,0,79.2,Under Review,Health,20812,Settled,0,2026-02,Online
3965,19307,Policy-Claim Gap,0,14.2,Cleared,Theft,24032,Settled,0,2025-04,Agent
3966,5320,High Claim Ratio,1,92.6,Under Review,Accident,213246,Settled,0,2026-04,Online
3967,4135,Amount Rounding,1,0.8,Under Review,Health,46187,Settled,0,2025-09,Agent
3968,11488,Policy-Claim Gap,1,93.4,Flagged,Natural Disaster,20599,Settled,0,2025-04,Agent
3969,2410,Amount Rounding,1,82.5,Cleared,Accident,16546,Settled,0,2025-01,Partnership
3970,4918,High Claim Ratio,1,36.8,Under Review,Theft,44064,Settled,0,2025-06,Online
3971,19015,High Claim Ratio,0,8.3,Flagged,Health,13495,Settled,0,2025-04,Agent
3972,14474,Repeat Claimant,0,81.9,Flagged,Health,32750,Settled,0,2026-03,Bancassurance
3973,7943,Rapid Settlement,1,98.6,Confirmed,Health,84399,Settled,0,2026-03,Partnership
3974,16628,Policy-Claim Gap,1,67.0,Under Review,Accident,38557,Settled,0,2025-07,Bancassurance
3975,16406,Amount Rounding,0,18.9,Confirmed,Health,76718,Pending,0,2024-04,Online
3976,485,Rapid Settlement,1,31.1,Cleared,Health,255137,Settled,0,2025-06,Agent
3977,15192,Amount Rounding,1,42.0,Cleared,Health,33471,Pending,0,2026-04,Online
3978,9753,Rapid Settlement,0,29.5,Confirmed,Accident,61915,Rejected,0,2024-05,Bancassurance
3979,12537,Rapid Settlement,1,57.6,Flagged,Theft,207534,Settled,0,2025-11,Agent
3980,7801,Repeat Claimant,0,83.3,Under Review,Fire,17214,Settled,0,2026-05,Agent
3981,14188,Amount Rounding,1,70.6,Under Review,Accident,13882,Settled,0,2025-08,Bancassurance
3982,719,Policy-Claim Gap,0,49.7,Confirmed,Health,30088,Settled,0,2025-10,Partnership
3983,13029,Policy-Claim Gap,0,84.8,Flagged,Theft,248340,Settled,0,2026-03,Online
3984,13601,High Claim Ratio,1,93.7,Flagged,Health,20362,Settled,0,2024-05,Online
3985,4082,Rapid Settlement,1,7.1,Confirmed,Fire,27093,Settled,0,2024-11,Agent
3986,3406,Amount Rounding,0,15.8,Cleared,Natural Disaster,53956,Pending,0,2024-03,Aggregator
3987,5936,Rapid Settlement,0,66.3,Flagged,Natural Disaster,42598,Settled,0,2024-01,Agent
3988,9160,Policy-Claim Gap,1,83.1,Cleared,Accident,75061,Settled,0,2024-12,Online
3989,14861,High Claim Ratio,0,62.4,Flagged,Fire,18415,Rejected,0,2025-05,Online
3990,13717,Rapid Settlement,1,22.0,Confirmed,Fire,15360,Pending,0,2026-04,Online
3991,17751,Amount Rounding,1,53.0,Under Review,Accident,153112,Settled,0,2025-01,Aggregator
3992,17252,Rapid Settlement,1,11.8,Confirmed,Natural Disaster,29516,Rejected,0,2024-09,Agent
3993,7800,Repeat Claimant,1,51.7,Confirmed,Accident,14395,Settled,0,2024-01,Online
3994,13286,Policy-Claim Gap,1,18.8,Flagged,Accident,38905,Settled,0,2024-07,Bancassurance
3995,9326,Policy-Claim Gap,0,22.2,Under Review,Accident,5166,Settled,0,2025-12,Agent
3996,16014,Rapid Settlement,1,55.5,Cleared,Theft,58788,Settled,0,2024-06,Agent
3997,5549,High Claim Ratio,1,60.7,Cleared,Accident,56021,Settled,0,2025-01,Partnership
3998,5509,Amount Rounding,1,16.8,Under Review,Accident,297415,Settled,0,2024-01,Partnership
3999,196,Repeat Claimant,1,52.5,Confirmed,Fire,77411,Settled,0,2025-11,Online
4000,17956,Policy-Claim Gap,1,87.4,Flagged,Fire,43012,Settled,0,2024-01,Agent
4001,11826,Repeat Claimant,0,20.0,Confirmed,Accident,7470,Settled,0,2026-03,Online
4002,14133,Policy-Claim Gap,0,36.3,Confirmed,Accident,90247,Settled,0,2024-05,Agent
4003,10145,Amount Rounding,1,46.2,Cleared,Theft,67981,Pending,0,2024-03,Bancassurance
4004,2746,Rapid Settlement,1,17.1,Under Review,Accident,34923,Settled,0,2025-06,Agent
4005,6895,High Claim Ratio,1,13.7,Cleared,Theft,18544,Settled,0,2024-01,Partnership
4006,11179,Policy-Claim Gap,1,87.9,Confirmed,Natural Disaster,69373,Settled,0,2026-04,Partnership
4007,7155,Policy-Claim Gap,1,75.5,Under Review,Accident,87930,Settled,0,2025-01,Online
4008,8815,Amount Rounding,0,7.0,Flagged,Theft,42510,Settled,0,2025-10,Agent
4009,3419,Rapid Settlement,1,12.0,Flagged,Health,60335,Pending,0,2025-10,Online
4010,8181,Repeat Claimant,0,75.2,Confirmed,Accident,185215,Settled,0,2025-05,Agent
4011,7408,Policy-Claim Gap,1,62.1,Confirmed,Accident,10309,Settled,1,2024-12,Bancassurance
4012,7766,Repeat Claimant,1,49.8,Confirmed,Accident,35744,Settled,1,2024-05,Aggregator
4013,8910,Rapid Settlement,1,58.5,Under Review,Natural Disaster,61436,Settled,0,2024-10,Partnership
4014,16285,Policy-Claim Gap,0,3.5,Flagged,Natural Disaster,16361,Pending,0,2024-12,Online
4015,12198,Amount Rounding,1,26.7,Confirmed,Health,134259,Pending,0,2025-04,Aggregator
4016,17682,High Claim Ratio,1,68.2,Flagged,Natural Disaster,23475,Settled,0,2024-03,Agent
4017,8381,Amount Rounding,1,37.0,Under Review,Accident,187317,Settled,0,2025-02,Online
4018,16695,High Claim Ratio,1,2.0,Confirmed,Fire,80462,Settled,0,2024-10,Agent
4019,17604,Policy-Claim Gap,1,92.7,Flagged,Health,59689,Settled,0,2026-04,Bancassurance
4020,616,Rapid Settlement,0,89.3,Under Review,Accident,26678,Settled,0,2025-12,Agent
4021,12305,Amount Rounding,1,82.7,Confirmed,Accident,15437,Settled,0,2024-12,Agent
4022,17135,Repeat Claimant,1,11.2,Flagged,Health,40570,Settled,0,2024-03,Agent
4023,3628,High Claim Ratio,0,8.1,Flagged,Fire,19402,Rejected,0,2026-04,Agent
4024,4160,Amount Rounding,0,48.6,Flagged,Fire,56800,Settled,0,2025-04,Agent
4025,864,Policy-Claim Gap,1,4.4,Cleared,Health,69939,Settled,0,2026-04,Online
4026,5603,Amount Rounding,0,3.5,Confirmed,Accident,16864,Pending,0,2024-06,Partnership
4027,13091,Rapid Settlement,1,16.8,Under Review,Accident,59611,Settled,0,2025-11,Online
4028,2293,Rapid Settlement,0,68.2,Under Review,Health,28354,Settled,0,2024-07,Aggregator
4029,10631,Amount Rounding,0,34.9,Confirmed,Natural Disaster,93502,Settled,0,2026-05,Agent
4030,16232,High Claim Ratio,0,67.8,Under Review,Accident,31909,Settled,0,2025-06,Agent
4031,12616,High Claim Ratio,1,36.0,Flagged,Fire,4184,Settled,0,2025-01,Online
4032,8712,Policy-Claim Gap,0,56.0,Flagged,Health,56302,Settled,0,2025-10,Bancassurance
4033,11105,Amount Rounding,1,64.6,Confirmed,Health,43394,Settled,0,2024-12,Online
4034,4182,Amount Rounding,1,35.0,Confirmed,Natural Disaster,34450,Settled,0,2024-04,Aggregator
4035,11780,Policy-Claim Gap,0,20.4,Under Review,Fire,10692,Settled,0,2024-03,Partnership
4036,14380,High Claim Ratio,1,15.9,Under Review,Theft,79695,Settled,0,2026-06,Aggregator
4037,6185,Repeat Claimant,0,18.9,Confirmed,Theft,48368,Rejected,0,2026-04,Agent
4038,1527,Amount Rounding,1,68.1,Under Review,Health,234630,Settled,0,2024-04,Online
4039,14828,Rapid Settlement,1,42.2,Cleared,Accident,274053,Settled,0,2024-03,Online
4040,16119,High Claim Ratio,1,19.3,Under Review,Health,20675,Settled,0,2025-05,Agent
4041,7176,Policy-Claim Gap,1,67.2,Flagged,Accident,25249,Settled,0,2024-01,Agent
4042,3545,High Claim Ratio,1,12.0,Confirmed,Theft,144989,Settled,0,2025-02,Aggregator
4043,19559,Amount Rounding,1,57.0,Confirmed,Accident,30552,Settled,0,2024-12,Bancassurance
4044,13923,Amount Rounding,1,31.5,Confirmed,Health,37272,Pending,0,2024-08,Agent
4045,3365,Repeat Claimant,1,20.2,Confirmed,Health,57624,Settled,1,2025-06,Bancassurance
4046,12903,Amount Rounding,1,56.6,Cleared,Health,27731,Settled,0,2026-01,Partnership
4047,11710,Rapid Settlement,1,79.0,Flagged,Accident,78210,Settled,0,2025-11,Agent
4048,5809,Policy-Claim Gap,1,66.3,Confirmed,Accident,158042,Settled,0,2024-12,Bancassurance
4049,5733,Policy-Claim Gap,1,81.2,Flagged,Health,27413,Settled,0,2026-02,Online
4050,8312,Amount Rounding,1,67.8,Confirmed,Health,14285,Settled,0,2025-08,Partnership
4051,3298,Repeat Claimant,0,14.8,Flagged,Accident,61650,Settled,0,2025-09,Agent
4052,9380,Rapid Settlement,1,3.6,Flagged,Theft,121177,Pending,0,2024-02,Aggregator
4053,8844,Rapid Settlement,1,5.9,Under Review,Natural Disaster,13409,Settled,0,2024-02,Online
4054,10283,High Claim Ratio,1,69.9,Flagged,Accident,23408,Settled,0,2025-02,Online
4055,6825,Amount Rounding,1,90.6,Confirmed,Natural Disaster,58853,Settled,0,2026-01,Online
4056,2312,Repeat Claimant,1,6.5,Under Review,Theft,50490,Settled,0,2024-12,Aggregator
4057,16314,Repeat Claimant,1,52.5,Confirmed,Fire,25067,Settled,0,2025-10,Partnership
4058,13121,High Claim Ratio,1,26.0,Flagged,Fire,5199,Settled,0,2025-08,Agent
4059,5057,Amount Rounding,0,72.7,Flagged,Accident,93423,Settled,0,2025-02,Online
4060,12762,Policy-Claim Gap,1,6.9,Flagged,Accident,26453,Settled,0,2026-05,Agent
4061,11838,Policy-Claim Gap,1,68.5,Under Review,Theft,23744,Rejected,0,2024-03,Partnership
4062,17868,High Claim Ratio,1,91.4,Under Review,Accident,116933,Settled,0,2024-06,Agent
4063,3343,Rapid Settlement,1,30.3,Cleared,Natural Disaster,45787,Rejected,0,2025-08,Agent
4064,15880,Rapid Settlement,0,38.4,Confirmed,Theft,190985,Settled,1,2025-07,Bancassurance
4065,9582,High Claim Ratio,1,2.5,Flagged,Health,164544,Settled,0,2024-01,Aggregator
4066,9768,Policy-Claim Gap,1,69.0,Flagged,Theft,79103,Settled,0,2024-12,Partnership
4067,13842,Rapid Settlement,0,33.2,Confirmed,Health,1768,Settled,0,2026-02,Bancassurance
4068,11260,Amount Rounding,1,77.4,Flagged,Health,51661,Settled,0,2026-02,Online
4069,18409,Amount Rounding,1,66.3,Flagged,Accident,64713,Settled,0,2026-01,Agent
4070,3589,High Claim Ratio,1,63.7,Confirmed,Accident,44241,Settled,0,2026-04,Online
4071,5751,Rapid Settlement,0,9.6,Flagged,Fire,45762,Settled,0,2024-03,Bancassurance
4072,465,Rapid Settlement,1,76.2,Flagged,Accident,87371,Settled,0,2024-08,Aggregator
4073,10683,Amount Rounding,1,6.5,Cleared,Natural Disaster,15164,Settled,0,2025-04,Aggregator
4074,11208,Amount Rounding,1,14.2,Flagged,Accident,62400,Rejected,0,2025-11,Online
4075,6382,High Claim Ratio,1,87.8,Confirmed,Theft,42499,Pending,0,2025-05,Partnership
4076,15609,Policy-Claim Gap,1,42.4,Under Review,Theft,10981,Settled,0,2025-01,Online
4077,19612,Amount Rounding,0,97.1,Flagged,Health,51474,Settled,0,2024-03,Online
4078,12965,Amount Rounding,1,24.7,Under Review,Fire,76430,Pending,0,2025-11,Agent
4079,13086,Amount Rounding,1,68.6,Cleared,Health,118831,Pending,0,2025-06,Partnership
4080,2030,High Claim Ratio,1,49.9,Confirmed,Natural Disaster,154215,Rejected,0,2025-10,Partnership
4081,18385,Repeat Claimant,1,1.0,Confirmed,Theft,88351,Settled,0,2024-08,Online
4082,9287,Amount Rounding,1,89.3,Under Review,Fire,29591,Settled,0,2025-04,Agent
4083,7459,Policy-Claim Gap,1,17.3,Cleared,Natural Disaster,44937,Settled,0,2024-12,Bancassurance
4084,6754,Amount Rounding,1,80.8,Confirmed,Health,49853,Pending,1,2025-07,Online
4085,1199,Repeat Claimant,0,10.6,Flagged,Health,22319,Settled,0,2024-07,Agent
4086,15758,Rapid Settlement,1,66.4,Flagged,Accident,136124,Settled,0,2024-05,Aggregator
4087,4222,Policy-Claim Gap,0,72.7,Flagged,Theft,222641,Settled,0,2025-02,Aggregator
4088,10735,Repeat Claimant,1,33.6,Under Review,Health,20223,Pending,0,2025-10,Bancassurance
4089,19061,Repeat Claimant,1,27.1,Flagged,Theft,42261,Pending,0,2024-01,Aggregator
4090,17595,Rapid Settlement,1,93.7,Under Review,Accident,93264,Settled,0,2024-12,Agent
4091,10030,High Claim Ratio,1,21.7,Under Review,Health,27594,Pending,0,2026-05,Aggregator
4092,4421,High Claim Ratio,0,10.8,Flagged,Accident,29302,Settled,0,2024-10,Partnership
4093,3624,Policy-Claim Gap,1,6.7,Cleared,Theft,66660,Settled,0,2024-12,Partnership
4094,156,Rapid Settlement,0,48.1,Flagged,Fire,258615,Settled,0,2024-02,Agent
4095,882,Repeat Claimant,1,98.0,Under Review,Health,211850,Settled,0,2024-08,Aggregator
4096,6131,High Claim Ratio,1,53.6,Cleared,Theft,106040,Settled,0,2024-04,Bancassurance
4097,18870,Rapid Settlement,1,68.8,Confirmed,Theft,68513,Settled,0,2025-02,Online
4098,4575,Amount Rounding,1,20.7,Flagged,Accident,6385,Pending,0,2024-06,Agent
4099,8054,Policy-Claim Gap,0,10.2,Confirmed,Natural Disaster,61199,Settled,0,2026-03,Online
4100,8981,Repeat Claimant,1,42.5,Confirmed,Natural Disaster,15881,Settled,0,2024-05,Agent
4101,19606,High Claim Ratio,1,50.0,Flagged,Natural Disaster,475358,Settled,0,2025-12,Agent
4102,17994,Rapid Settlement,0,17.8,Confirmed,Health,57474,Settled,0,2025-09,Agent
4103,14980,High Claim Ratio,0,92.3,Under Review,Fire,139968,Settled,0,2024-05,Online
4104,10083,High Claim Ratio,1,56.3,Confirmed,Health,29405,Settled,0,2024-04,Agent
4105,14620,Rapid Settlement,1,72.0,Cleared,Health,75197,Settled,0,2026-02,Agent
4106,1234,High Claim Ratio,0,67.8,Flagged,Theft,57999,Settled,0,2025-12,Agent
4107,6053,Amount Rounding,0,9.2,Flagged,Natural Disaster,38967,Settled,0,2024-09,Aggregator
4108,12929,Repeat Claimant,1,25.3,Under Review,Health,41558,Settled,0,2024-09,Online
4109,11659,Policy-Claim Gap,1,60.3,Confirmed,Health,89635,Settled,0,2026-05,Online
4110,3886,Repeat Claimant,0,15.9,Confirmed,Accident,61701,Pending,0,2025-08,Partnership
4111,1226,Repeat Claimant,1,45.0,Flagged,Accident,74908,Pending,0,2025-06,Aggregator
4112,13494,Repeat Claimant,0,63.9,Flagged,Health,11030,Pending,0,2025-05,Aggregator
4113,14696,Repeat Claimant,0,11.7,Under Review,Accident,38843,Settled,0,2025-03,Agent
4114,19783,Rapid Settlement,0,10.3,Confirmed,Theft,45859,Settled,0,2026-06,Partnership
4115,19653,Rapid Settlement,1,66.3,Cleared,Theft,21732,Settled,0,2024-03,Online
4116,12109,Rapid Settlement,1,76.9,Confirmed,Theft,42832,Settled,0,2024-01,Aggregator
4117,13573,Amount Rounding,1,74.6,Confirmed,Accident,171810,Pending,0,2024-12,Aggregator
4118,16659,Policy-Claim Gap,1,9.4,Under Review,Health,46687,Pending,0,2024-07,Online
4119,15144,Rapid Settlement,1,47.1,Under Review,Health,56440,Settled,0,2024-05,Agent
4120,4100,Repeat Claimant,0,44.5,Flagged,Accident,29136,Settled,0,2024-08,Partnership
4121,1620,Amount Rounding,0,13.4,Flagged,Accident,45708,Settled,0,2024-09,Agent
4122,15796,Amount Rounding,1,64.8,Under Review,Health,42212,Settled,0,2024-07,Agent
4123,17853,Rapid Settlement,1,32.7,Under Review,Accident,103700,Settled,0,2024-09,Bancassurance
4124,16916,High Claim Ratio,0,45.1,Flagged,Accident,200396,Settled,0,2026-02,Online
4125,15873,Amount Rounding,1,49.2,Under Review,Natural Disaster,11819,Settled,1,2025-05,Online
4126,1112,Repeat Claimant,0,51.6,Flagged,Accident,109660,Settled,0,2025-05,Aggregator
4127,10176,Repeat Claimant,0,32.6,Flagged,Theft,10473,Settled,0,2025-12,Aggregator
4128,7869,Amount Rounding,0,59.7,Under Review,Accident,12667,Settled,0,2024-07,Aggregator
4129,19875,Rapid Settlement,1,28.2,Under Review,Theft,47137,Settled,1,2024-12,Partnership
4130,9482,High Claim Ratio,0,91.8,Under Review,Accident,64368,Settled,0,2024-10,Aggregator
4131,8171,Rapid Settlement,1,48.3,Confirmed,Natural Disaster,39945,Settled,0,2024-02,Online
4132,6174,Policy-Claim Gap,0,11.7,Confirmed,Theft,51224,Settled,1,2024-07,Aggregator
4133,13376,Policy-Claim Gap,1,48.9,Flagged,Health,85309,Settled,0,2026-05,Aggregator
4134,14090,High Claim Ratio,1,74.6,Under Review,Accident,307427,Settled,0,2025-01,Aggregator
4135,7779,Repeat Claimant,1,34.1,Cleared,Accident,25990,Rejected,0,2024-07,Agent
4136,16337,High Claim Ratio,1,5.0,Under Review,Natural Disaster,123908,Rejected,0,2024-12,Bancassurance
4137,10481,High Claim Ratio,1,12.0,Under Review,Accident,37557,Settled,0,2026-05,Aggregator
4138,1742,High Claim Ratio,1,22.6,Flagged,Theft,138736,Settled,0,2026-05,Online
4139,4685,Policy-Claim Gap,1,56.1,Under Review,Fire,39341,Settled,0,2024-09,Agent
4140,4609,High Claim Ratio,1,60.4,Flagged,Natural Disaster,116343,Pending,0,2025-01,Online
4141,1933,Policy-Claim Gap,1,75.1,Confirmed,Accident,57388,Settled,0,2024-11,Bancassurance
4142,10279,Policy-Claim Gap,0,62.9,Flagged,Health,54031,Settled,0,2024-01,Aggregator
4143,6464,Rapid Settlement,1,0.3,Confirmed,Natural Disaster,76525,Settled,0,2025-09,Agent
4144,14512,Repeat Claimant,1,50.0,Flagged,Health,136087,Settled,0,2025-05,Online
4145,15304,High Claim Ratio,1,99.4,Flagged,Theft,121097,Settled,0,2025-09,Agent
4146,16010,Repeat Claimant,0,63.6,Flagged,Health,4807,Settled,0,2025-07,Aggregator
4147,582,Repeat Claimant,1,41.7,Cleared,Theft,15944,Settled,0,2025-03,Online
4148,16908,Repeat Claimant,1,13.7,Confirmed,Accident,80838,Settled,1,2024-02,Partnership
4149,11006,Repeat Claimant,1,33.4,Flagged,Accident,12622,Rejected,0,2025-12,Bancassurance
4150,9087,Repeat Claimant,0,63.2,Under Review,Theft,127310,Settled,1,2026-01,Agent
4151,9487,Policy-Claim Gap,0,48.3,Under Review,Health,13544,Settled,0,2025-07,Online
4152,15708,Policy-Claim Gap,1,87.8,Cleared,Theft,56923,Settled,0,2025-05,Online
4153,14072,Policy-Claim Gap,0,4.5,Under Review,Fire,122443,Rejected,0,2024-03,Online
4154,19333,Repeat Claimant,0,39.0,Confirmed,Health,92025,Settled,0,2026-02,Online
4155,6710,High Claim Ratio,0,35.4,Under Review,Fire,135515,Settled,1,2026-01,Bancassurance
4156,3796,Repeat Claimant,1,24.6,Under Review,Health,63505,Settled,0,2024-08,Bancassurance
4157,6828,High Claim Ratio,1,53.3,Flagged,Natural Disaster,11714,Settled,0,2024-10,Online
4158,3963,Rapid Settlement,1,44.6,Confirmed,Accident,81225,Settled,0,2024-07,Aggregator
4159,13869,Repeat Claimant,0,85.7,Cleared,Health,183362,Settled,0,2025-01,Agent
4160,19447,High Claim Ratio,1,56.0,Flagged,Theft,40651,Settled,0,2024-09,Online
4161,9866,Repeat Claimant,1,64.1,Flagged,Natural Disaster,453248,Settled,0,2024-09,Online
4162,3121,High Claim Ratio,1,54.9,Flagged,Natural Disaster,64644,Settled,0,2024-06,Agent
4163,7235,Rapid Settlement,1,23.0,Cleared,Health,350640,Settled,0,2025-08,Agent
4164,6903,High Claim Ratio,0,59.9,Confirmed,Health,81328,Settled,0,2024-04,Aggregator
4165,16982,Policy-Claim Gap,1,99.5,Flagged,Fire,22978,Settled,0,2025-01,Bancassurance
4166,2861,Policy-Claim Gap,1,63.8,Flagged,Accident,51620,Settled,0,2025-05,Aggregator
4167,134,Policy-Claim Gap,0,66.7,Under Review,Accident,20762,Pending,0,2025-05,Agent
4168,6084,Amount Rounding,0,81.9,Flagged,Theft,15075,Settled,0,2025-03,Agent
4169,622,Repeat Claimant,1,1.0,Under Review,Natural Disaster,12404,Settled,0,2026-03,Online
4170,3387,Repeat Claimant,1,40.2,Under Review,Theft,60071,Settled,0,2024-12,Agent
4171,6352,Policy-Claim Gap,1,69.3,Under Review,Accident,14408,Rejected,0,2025-01,Aggregator
4172,2386,High Claim Ratio,0,14.8,Under Review,Health,16958,Settled,0,2024-07,Aggregator
4173,9389,Rapid Settlement,0,95.6,Flagged,Accident,37361,Settled,0,2025-01,Online
4174,9772,Repeat Claimant,1,71.9,Confirmed,Accident,26760,Settled,0,2024-02,Online
4175,11484,Repeat Claimant,0,90.1,Flagged,Accident,147755,Settled,0,2025-04,Online
4176,3053,High Claim Ratio,0,82.2,Flagged,Accident,22512,Rejected,0,2025-01,Agent
4177,4364,Repeat Claimant,0,98.9,Flagged,Accident,29440,Settled,0,2024-12,Aggregator
4178,10080,Amount Rounding,1,53.7,Under Review,Natural Disaster,68776,Settled,0,2024-02,Aggregator
4179,19023,Amount Rounding,1,84.2,Under Review,Accident,72330,Pending,0,2025-03,Agent
4180,17837,Policy-Claim Gap,1,19.2,Flagged,Theft,43907,Settled,0,2024-06,Agent
4181,9512,Repeat Claimant,0,1.2,Flagged,Theft,62940,Settled,0,2025-02,Agent
4182,8290,Rapid Settlement,0,13.5,Confirmed,Accident,20028,Settled,0,2024-11,Online
4183,14661,Rapid Settlement,1,61.2,Cleared,Accident,77705,Pending,0,2026-04,Aggregator
4184,14121,Policy-Claim Gap,0,94.4,Under Review,Theft,22975,Settled,0,2024-03,Online
4185,2368,Policy-Claim Gap,1,35.4,Under Review,Accident,35968,Settled,0,2026-04,Bancassurance
4186,8012,Repeat Claimant,1,92.0,Under Review,Fire,36058,Pending,0,2024-09,Online
4187,7697,Repeat Claimant,1,33.9,Flagged,Theft,20996,Settled,0,2025-03,Agent
4188,14642,Amount Rounding,1,44.2,Confirmed,Accident,44749,Settled,0,2024-06,Aggregator
4189,3219,Repeat Claimant,1,65.8,Confirmed,Accident,61725,Settled,0,2026-01,Agent
4190,8252,High Claim Ratio,1,54.5,Cleared,Health,24022,Settled,1,2024-04,Agent
4191,18040,Repeat Claimant,0,6.9,Flagged,Health,132519,Settled,1,2025-02,Agent
4192,18345,Policy-Claim Gap,1,24.1,Confirmed,Accident,53069,Settled,0,2026-04,Agent
4193,15277,Policy-Claim Gap,0,16.5,Flagged,Accident,71957,Pending,0,2026-02,Aggregator
4194,17309,Amount Rounding,0,24.2,Confirmed,Accident,268687,Pending,1,2025-02,Agent
4195,18313,Policy-Claim Gap,0,65.9,Flagged,Accident,44399,Settled,0,2024-04,Aggregator
4196,10403,Amount Rounding,0,17.3,Flagged,Accident,20214,Settled,0,2025-05,Agent
4197,18724,Amount Rounding,1,22.3,Flagged,Health,131590,Settled,0,2025-03,Aggregator
4198,5028,Policy-Claim Gap,1,15.3,Under Review,Accident,120712,Settled,0,2024-10,Agent
4199,16700,Rapid Settlement,1,88.9,Cleared,Health,335622,Settled,0,2025-11,Partnership
4200,18483,Rapid Settlement,1,31.3,Cleared,Health,115864,Settled,0,2024-06,Agent
4201,12937,Rapid Settlement,0,55.0,Confirmed,Health,29789,Settled,0,2024-09,Aggregator
4202,2726,High Claim Ratio,0,43.1,Confirmed,Accident,18498,Settled,0,2025-02,Bancassurance
4203,14166,Rapid Settlement,1,67.0,Confirmed,Accident,94743,Settled,0,2024-10,Online
4204,15275,High Claim Ratio,0,72.4,Under Review,Accident,49131,Settled,1,2026-06,Aggregator
4205,13817,Rapid Settlement,1,7.4,Under Review,Natural Disaster,60994,Settled,0,2025-11,Aggregator
4206,6775,Repeat Claimant,1,62.4,Flagged,Natural Disaster,41822,Settled,1,2024-12,Bancassurance
4207,18090,Repeat Claimant,0,63.9,Confirmed,Natural Disaster,88186,Settled,0,2025-08,Online
4208,2100,Amount Rounding,1,47.5,Confirmed,Fire,181145,Settled,0,2026-04,Aggregator
4209,16426,Rapid Settlement,1,91.3,Flagged,Fire,49633,Settled,0,2024-06,Agent
4210,9682,High Claim Ratio,1,70.0,Flagged,Accident,109888,Settled,0,2025-12,Aggregator
4211,4961,Policy-Claim Gap,0,31.8,Flagged,Accident,33337,Settled,0,2024-04,Aggregator
4212,16782,Repeat Claimant,0,54.3,Under Review,Health,7358,Settled,0,2024-09,Online
4213,1100,High Claim Ratio,1,11.1,Under Review,Health,79496,Pending,0,2024-08,Aggregator
4214,16631,Rapid Settlement,1,4.6,Under Review,Theft,60625,Settled,1,2024-07,Partnership
4215,4269,Amount Rounding,1,17.6,Flagged,Accident,110231,Settled,0,2025-07,Online
4216,14494,Policy-Claim Gap,0,24.2,Flagged,Natural Disaster,45714,Settled,0,2024-06,Online
4217,778,Amount Rounding,0,46.6,Flagged,Natural Disaster,10767,Settled,0,2025-02,Online
4218,6456,Rapid Settlement,1,60.0,Flagged,Health,21067,Settled,0,2024-10,Bancassurance
4219,19078,High Claim Ratio,1,47.4,Cleared,Accident,32986,Settled,0,2025-11,Aggregator
4220,9914,Policy-Claim Gap,0,32.9,Flagged,Natural Disaster,22522,Rejected,0,2024-01,Agent
4221,3658,Amount Rounding,0,47.1,Confirmed,Health,23596,Settled,0,2024-01,Online
4222,7332,Repeat Claimant,0,24.4,Under Review,Accident,26256,Settled,1,2025-02,Agent
4223,19339,High Claim Ratio,1,10.9,Under Review,Health,21432,Rejected,0,2025-11,Agent
4224,3622,Amount Rounding,1,83.8,Flagged,Health,29083,Settled,0,2026-04,Partnership
4225,8938,Rapid Settlement,1,39.8,Confirmed,Accident,21331,Pending,0,2024-04,Agent
4226,11624,High Claim Ratio,1,50.2,Under Review,Accident,101763,Settled,0,2024-03,Agent
4227,19870,Amount Rounding,1,45.6,Flagged,Health,48285,Settled,0,2024-06,Aggregator
4228,18331,Policy-Claim Gap,0,73.2,Confirmed,Health,63559,Settled,0,2024-12,Online
4229,15066,Amount Rounding,1,55.2,Flagged,Accident,77597,Settled,0,2025-11,Online
4230,4288,High Claim Ratio,0,81.2,Under Review,Accident,10056,Settled,0,2024-03,Agent
4231,8110,Rapid Settlement,1,82.1,Under Review,Fire,23850,Settled,0,2025-06,Bancassurance
4232,12509,Amount Rounding,1,93.0,Under Review,Theft,16891,Settled,0,2025-11,Online
4233,15137,Rapid Settlement,0,78.2,Under Review,Health,68697,Settled,0,2024-09,Agent
4234,4883,Amount Rounding,0,1.2,Flagged,Health,40085,Settled,0,2026-02,Online
4235,14655,Repeat Claimant,1,66.6,Confirmed,Accident,171545,Settled,0,2026-01,Online
4236,15968,Rapid Settlement,1,35.0,Flagged,Accident,80363,Settled,0,2024-08,Aggregator
4237,2112,Rapid Settlement,0,99.5,Confirmed,Accident,41518,Pending,0,2024-06,Agent
4238,11053,Policy-Claim Gap,0,2.6,Under Review,Accident,44801,Settled,0,2025-10,Partnership
4239,7042,Amount Rounding,1,57.1,Under Review,Accident,168437,Settled,0,2025-08,Agent
4240,9938,Rapid Settlement,1,36.4,Under Review,Health,82929,Settled,0,2025-07,Aggregator
4241,19955,High Claim Ratio,0,68.3,Flagged,Theft,88328,Settled,0,2026-04,Online
4242,7285,High Claim Ratio,1,23.8,Under Review,Natural Disaster,238702,Settled,0,2025-12,Agent
4243,17593,Rapid Settlement,1,41.4,Flagged,Accident,26719,Settled,0,2024-08,Agent
4244,13216,Rapid Settlement,0,87.5,Under Review,Health,90789,Settled,0,2025-03,Online
4245,15064,Rapid Settlement,0,89.3,Confirmed,Theft,61120,Pending,0,2024-01,Online
4246,2147,Amount Rounding,1,17.7,Under Review,Health,13338,Pending,0,2025-12,Online
4247,2518,Repeat Claimant,0,44.4,Cleared,Accident,70807,Settled,0,2026-03,Online
4248,9898,Policy-Claim Gap,1,3.1,Flagged,Accident,21448,Settled,0,2025-12,Online
4249,1901,Rapid Settlement,1,81.6,Confirmed,Accident,98134,Settled,0,2025-05,Bancassurance
4250,2325,Amount Rounding,0,34.1,Under Review,Theft,356452,Settled,1,2025-05,Online
4251,1650,High Claim Ratio,1,97.6,Flagged,Accident,53614,Pending,0,2026-03,Agent
4252,11073,Repeat Claimant,1,60.4,Flagged,Accident,43826,Settled,0,2024-10,Partnership
4253,16311,Amount Rounding,0,74.7,Flagged,Accident,40353,Settled,0,2024-09,Bancassurance
4254,4623,Amount Rounding,1,42.6,Flagged,Theft,168513,Settled,0,2026-03,Agent
4255,10779,Policy-Claim Gap,1,65.4,Confirmed,Fire,134930,Settled,0,2024-07,Aggregator
4256,5525,High Claim Ratio,1,5.3,Flagged,Natural Disaster,133825,Settled,0,2024-01,Agent
4257,6767,Policy-Claim Gap,1,35.1,Flagged,Accident,30821,Pending,0,2025-08,Online
4258,15013,Policy-Claim Gap,0,87.0,Confirmed,Natural Disaster,104549,Settled,0,2026-03,Partnership
4259,10399,Amount Rounding,1,88.7,Under Review,Natural Disaster,34864,Settled,0,2024-10,Agent
4260,5465,Rapid Settlement,1,71.3,Flagged,Accident,18485,Pending,0,2024-11,Bancassurance
4261,75,Repeat Claimant,0,84.2,Cleared,Theft,22649,Rejected,0,2026-06,Bancassurance
4262,10965,Repeat Claimant,0,82.1,Flagged,Health,55788,Settled,0,2026-04,Agent
4263,15322,Amount Rounding,1,66.4,Flagged,Fire,88237,Settled,0,2025-08,Bancassurance
4264,5186,Amount Rounding,1,76.8,Confirmed,Accident,27515,Settled,0,2025-04,Aggregator
4265,1451,Rapid Settlement,1,3.4,Cleared,Accident,17414,Settled,0,2026-05,Agent
4266,14332,Rapid Settlement,1,65.3,Cleared,Natural Disaster,83658,Rejected,0,2026-05,Bancassurance
4267,6765,Amount Rounding,1,63.3,Flagged,Accident,53381,Settled,0,2024-09,Bancassurance
4268,8321,High Claim Ratio,1,74.2,Confirmed,Health,15302,Settled,0,2026-04,Aggregator
4269,7176,Amount Rounding,1,45.8,Confirmed,Accident,25249,Settled,0,2024-01,Agent
4270,16682,Policy-Claim Gap,1,78.2,Flagged,Accident,141743,Settled,0,2025-04,Online
4271,2691,Policy-Claim Gap,0,33.3,Flagged,Accident,18321,Settled,0,2026-05,Agent
4272,7153,Amount Rounding,1,68.3,Confirmed,Health,35642,Settled,0,2025-08,Agent
4273,942,Rapid Settlement,0,85.3,Flagged,Natural Disaster,261856,Settled,0,2024-06,Online
4274,8372,High Claim Ratio,0,68.5,Flagged,Theft,22609,Pending,0,2024-03,Agent
4275,4661,Policy-Claim Gap,0,66.9,Under Review,Accident,94382,Settled,0,2024-02,Agent
4276,12624,Rapid Settlement,1,49.6,Under Review,Health,56884,Settled,0,2025-05,Online
4277,6062,Amount Rounding,0,59.0,Under Review,Natural Disaster,88037,Settled,0,2024-12,Aggregator
4278,12328,Rapid Settlement,0,83.6,Under Review,Accident,164446,Settled,0,2025-04,Aggregator
4279,17334,Amount Rounding,0,93.1,Under Review,Natural Disaster,51250,Settled,0,2024-03,Agent
4280,526,Policy-Claim Gap,0,41.0,Flagged,Health,45286,Settled,0,2025-04,Online
4281,2639,Repeat Claimant,0,65.7,Under Review,Accident,19516,Settled,0,2026-06,Aggregator
4282,9348,High Claim Ratio,0,31.8,Confirmed,Fire,46314,Pending,0,2024-03,Agent
4283,5341,Amount Rounding,1,64.6,Flagged,Accident,79009,Settled,0,2025-09,Online
4284,10565,Amount Rounding,1,75.6,Flagged,Natural Disaster,96158,Settled,0,2025-09,Online
4285,14705,Repeat Claimant,1,81.1,Under Review,Fire,21617,Pending,0,2024-09,Online
4286,5013,Amount Rounding,0,99.7,Flagged,Accident,10366,Settled,0,2025-08,Online
4287,18346,Policy-Claim Gap,1,62.6,Under Review,Fire,44099,Settled,0,2024-01,Agent
4288,4888,Rapid Settlement,1,89.9,Flagged,Accident,37770,Settled,0,2025-01,Agent
4289,15608,High Claim Ratio,1,43.6,Cleared,Theft,292429,Settled,0,2026-04,Online
4290,4757,High Claim Ratio,1,37.4,Flagged,Fire,156092,Pending,0,2024-06,Agent
4291,16349,Rapid Settlement,1,49.2,Flagged,Theft,9616,Settled,0,2026-04,Agent
4292,372,Policy-Claim Gap,1,19.2,Under Review,Health,7732,Settled,1,2025-04,Partnership
4293,3060,Policy-Claim Gap,1,36.4,Flagged,Accident,50154,Settled,0,2026-05,Online
4294,16224,Policy-Claim Gap,0,75.0,Confirmed,Accident,111976,Settled,0,2026-03,Partnership
4295,10555,Amount Rounding,0,33.7,Flagged,Accident,38961,Rejected,0,2025-01,Agent
4296,6237,High Claim Ratio,0,24.3,Under Review,Health,37195,Settled,0,2025-09,Agent
4297,13049,High Claim Ratio,1,40.5,Under Review,Natural Disaster,16201,Settled,0,2024-08,Bancassurance
4298,4114,Amount Rounding,1,24.4,Flagged,Theft,41103,Settled,0,2025-04,Bancassurance
4299,814,High Claim Ratio,1,18.2,Flagged,Theft,42932,Settled,0,2026-01,Online
4300,7288,Repeat Claimant,0,25.4,Under Review,Natural Disaster,5784,Settled,1,2024-01,Bancassurance
4301,8267,Policy-Claim Gap,0,51.2,Confirmed,Accident,96355,Pending,0,2025-08,Online
4302,15261,Amount Rounding,1,63.3,Flagged,Accident,41014,Settled,0,2024-01,Online
4303,15192,Amount Rounding,1,91.2,Under Review,Health,33471,Pending,0,2026-04,Online
4304,18543,High Claim Ratio,1,7.6,Under Review,Fire,83249,Settled,1,2024-10,Agent
4305,1700,Repeat Claimant,0,31.1,Cleared,Natural Disaster,70324,Settled,0,2026-04,Agent
4306,2216,Rapid Settlement,0,99.1,Under Review,Natural Disaster,27021,Settled,0,2025-08,Online
4307,14933,Amount Rounding,1,96.4,Cleared,Health,22474,Settled,0,2024-03,Online
4308,16457,High Claim Ratio,0,99.8,Confirmed,Accident,128249,Settled,0,2025-01,Online
4309,1293,Rapid Settlement,0,47.6,Under Review,Natural Disaster,119083,Settled,0,2024-10,Aggregator
4310,2985,Repeat Claimant,0,0.6,Flagged,Health,24166,Settled,0,2024-04,Agent
4311,7346,Repeat Claimant,1,51.0,Cleared,Health,100373,Settled,0,2026-03,Partnership
4312,16419,Repeat Claimant,0,87.3,Cleared,Accident,215704,Settled,0,2026-01,Online
4313,6512,Amount Rounding,1,52.1,Under Review,Health,50663,Settled,0,2024-04,Agent
4314,2776,Policy-Claim Gap,1,64.5,Cleared,Theft,24873,Settled,0,2025-06,Agent
4315,7035,Amount Rounding,1,67.5,Under Review,Health,12030,Settled,0,2024-12,Aggregator
4316,9451,Policy-Claim Gap,1,91.6,Under Review,Theft,28115,Settled,0,2024-06,Aggregator
4317,12234,Repeat Claimant,0,86.9,Flagged,Natural Disaster,38439,Settled,0,2025-03,Online
4318,111,Amount Rounding,0,96.3,Confirmed,Accident,115542,Pending,0,2024-09,Aggregator
4319,3669,Amount Rounding,1,82.3,Flagged,Theft,81739,Pending,0,2026-04,Partnership
4320,2179,Repeat Claimant,0,26.2,Cleared,Natural Disaster,120874,Settled,0,2024-01,Agent
4321,5147,High Claim Ratio,1,73.5,Flagged,Natural Disaster,44490,Settled,0,2025-12,Online
4322,8576,Policy-Claim Gap,1,36.6,Under Review,Fire,46470,Settled,0,2025-09,Online
4323,17292,Rapid Settlement,0,23.1,Under Review,Fire,6371,Settled,0,2025-01,Agent
4324,11793,Rapid Settlement,0,16.3,Cleared,Fire,111956,Settled,0,2024-04,Agent
4325,10970,Repeat Claimant,1,29.2,Confirmed,Accident,48988,Settled,0,2024-01,Aggregator
4326,455,High Claim Ratio,0,58.8,Flagged,Natural Disaster,150710,Rejected,0,2025-11,Online
4327,3261,Amount Rounding,0,19.9,Under Review,Natural Disaster,178098,Settled,0,2024-10,Bancassurance
4328,16656,Amount Rounding,0,71.9,Confirmed,Accident,92335,Settled,0,2026-02,Online
4329,13554,Policy-Claim Gap,1,69.4,Confirmed,Natural Disaster,8192,Settled,0,2026-04,Online
4330,2405,Rapid Settlement,1,42.5,Flagged,Accident,127443,Settled,0,2024-02,Aggregator
4331,5417,Policy-Claim Gap,0,74.0,Under Review,Natural Disaster,14834,Settled,0,2026-03,Agent
4332,9974,Policy-Claim Gap,1,37.6,Under Review,Theft,97484,Settled,0,2026-03,Bancassurance
4333,7177,Repeat Claimant,0,37.3,Flagged,Health,47083,Settled,0,2026-06,Online
4334,6312,Rapid Settlement,0,1.6,Flagged,Theft,88443,Settled,1,2024-06,Aggregator
4335,7515,Rapid Settlement,0,0.7,Confirmed,Health,90406,Settled,0,2024-04,Online
4336,17430,Policy-Claim Gap,0,86.9,Flagged,Accident,225808,Settled,0,2026-04,Bancassurance
4337,14543,Amount Rounding,1,78.4,Confirmed,Natural Disaster,92374,Settled,0,2024-03,Online
4338,17064,Amount Rounding,0,52.7,Flagged,Accident,154272,Settled,0,2025-06,Agent
4339,282,Amount Rounding,0,38.6,Flagged,Accident,147827,Pending,1,2024-10,Online
4340,14805,High Claim Ratio,1,37.3,Cleared,Natural Disaster,14684,Settled,0,2025-12,Aggregator
4341,17158,Policy-Claim Gap,1,64.7,Flagged,Health,10528,Settled,0,2026-02,Online
4342,17222,Amount Rounding,1,58.8,Confirmed,Health,272422,Settled,0,2024-06,Online
4343,3489,Amount Rounding,0,2.9,Flagged,Health,33517,Settled,0,2025-04,Agent
4344,9237,Repeat Claimant,1,44.8,Confirmed,Accident,36910,Settled,0,2025-04,Partnership
4345,10242,Rapid Settlement,1,13.6,Flagged,Health,115401,Settled,0,2025-04,Agent
4346,19971,High Claim Ratio,0,54.8,Flagged,Natural Disaster,36237,Settled,0,2026-03,Online
4347,17023,High Claim Ratio,1,10.9,Confirmed,Accident,46472,Settled,0,2024-10,Aggregator
4348,15103,Rapid Settlement,1,94.1,Flagged,Accident,58993,Settled,0,2026-03,Online
4349,8778,Rapid Settlement,1,63.0,Under Review,Fire,42293,Pending,0,2026-06,Online
4350,2065,Rapid Settlement,0,40.9,Flagged,Theft,102701,Settled,0,2025-12,Agent
4351,7767,Repeat Claimant,1,84.1,Under Review,Natural Disaster,43027,Settled,0,2025-06,Agent
4352,3043,Repeat Claimant,1,46.9,Flagged,Theft,33218,Settled,0,2025-01,Aggregator
4353,11191,Amount Rounding,0,83.4,Under Review,Accident,308522,Settled,0,2024-11,Aggregator
4354,4979,Repeat Claimant,0,15.6,Flagged,Accident,64620,Settled,0,2024-10,Agent
4355,8298,Amount Rounding,1,88.0,Flagged,Health,22158,Pending,0,2024-03,Bancassurance
4356,1242,Amount Rounding,1,35.0,Flagged,Accident,65174,Settled,0,2025-09,Online
4357,3734,Repeat Claimant,1,82.3,Flagged,Accident,104831,Settled,0,2024-11,Agent
4358,3387,Policy-Claim Gap,0,69.5,Under Review,Theft,60071,Settled,0,2024-12,Agent
4359,13548,Rapid Settlement,1,22.4,Flagged,Natural Disaster,23725,Settled,0,2026-06,Online
4360,12615,Amount Rounding,0,42.4,Under Review,Natural Disaster,22032,Rejected,0,2024-05,Agent
4361,15201,Policy-Claim Gap,1,16.4,Confirmed,Health,42676,Settled,1,2026-01,Online
4362,2985,Policy-Claim Gap,1,77.5,Confirmed,Health,24166,Settled,0,2024-04,Agent
4363,1791,High Claim Ratio,0,87.2,Flagged,Accident,23449,Settled,0,2024-01,Online
4364,4551,Repeat Claimant,0,16.1,Flagged,Health,24347,Pending,0,2024-08,Aggregator
4365,12501,Rapid Settlement,0,68.6,Confirmed,Health,121719,Pending,0,2024-07,Online
4366,19180,Policy-Claim Gap,1,78.8,Confirmed,Accident,115681,Settled,0,2025-12,Online
4367,11312,Policy-Claim Gap,0,38.0,Under Review,Accident,38078,Pending,0,2025-03,Bancassurance
4368,3049,Rapid Settlement,1,83.3,Confirmed,Theft,49244,Settled,0,2024-06,Bancassurance
4369,16647,Amount Rounding,1,7.2,Flagged,Fire,64323,Settled,0,2025-10,Aggregator
4370,19227,Rapid Settlement,1,69.4,Flagged,Accident,22615,Settled,0,2025-12,Agent
4371,15539,Repeat Claimant,1,66.4,Under Review,Health,110145,Settled,0,2026-02,Online
4372,680,Rapid Settlement,1,40.4,Confirmed,Natural Disaster,11573,Pending,0,2024-11,Aggregator
4373,7680,Rapid Settlement,0,4.0,Flagged,Natural Disaster,175872,Settled,0,2024-10,Online
4374,13523,Repeat Claimant,0,5.0,Under Review,Theft,77129,Settled,0,2025-04,Online
4375,258,Rapid Settlement,1,26.2,Confirmed,Health,23576,Settled,0,2025-04,Aggregator
4376,19377,High Claim Ratio,1,96.2,Flagged,Health,32300,Settled,0,2024-07,Aggregator
4377,2811,Rapid Settlement,1,88.5,Under Review,Health,2563,Pending,0,2024-01,Aggregator
4378,11655,Repeat Claimant,0,61.8,Under Review,Accident,167894,Rejected,0,2025-01,Agent
4379,6247,Policy-Claim Gap,1,11.2,Flagged,Accident,257873,Settled,0,2024-03,Online
4380,17545,Repeat Claimant,1,30.8,Confirmed,Accident,78115,Settled,0,2024-08,Bancassurance
4381,12984,Repeat Claimant,0,15.6,Under Review,Natural Disaster,28838,Pending,0,2025-12,Online
4382,5073,Policy-Claim Gap,0,86.4,Flagged,Accident,14116,Settled,0,2026-02,Online
4383,8945,High Claim Ratio,1,87.3,Flagged,Health,9065,Rejected,0,2025-05,Agent
4384,7856,High Claim Ratio,1,29.0,Under Review,Health,148104,Settled,0,2026-02,Online
4385,6205,High Claim Ratio,0,67.0,Confirmed,Theft,123477,Settled,0,2024-08,Online
4386,6336,Amount Rounding,0,10.2,Flagged,Natural Disaster,9812,Settled,0,2025-06,Partnership
4387,250,Rapid Settlement,1,78.0,Under Review,Health,334604,Settled,0,2024-09,Agent
4388,11594,Policy-Claim Gap,1,41.5,Under Review,Health,6999,Settled,0,2026-03,Agent
4389,15857,Policy-Claim Gap,0,20.5,Cleared,Natural Disaster,8693,Settled,0,2025-11,Online
4390,72,Rapid Settlement,1,44.0,Confirmed,Health,127661,Rejected,0,2025-08,Bancassurance
4391,18387,Repeat Claimant,1,37.6,Confirmed,Health,83120,Pending,0,2024-01,Agent
4392,18514,High Claim Ratio,1,63.3,Flagged,Health,106054,Pending,0,2024-02,Aggregator
4393,8331,Rapid Settlement,1,39.7,Confirmed,Theft,25863,Settled,0,2024-11,Online
4394,14010,Repeat Claimant,0,49.0,Under Review,Health,22389,Settled,0,2025-05,Agent
4395,15084,Amount Rounding,1,59.5,Confirmed,Accident,68396,Settled,0,2025-11,Bancassurance
4396,15229,Policy-Claim Gap,1,86.9,Confirmed,Theft,20262,Pending,0,2024-03,Agent
4397,19443,Rapid Settlement,0,75.3,Flagged,Accident,30341,Settled,0,2025-07,Online
4398,11864,Policy-Claim Gap,0,13.8,Confirmed,Accident,99202,Settled,0,2025-04,Online
4399,14579,Policy-Claim Gap,1,36.2,Flagged,Accident,6414,Settled,0,2024-10,Bancassurance
4400,13161,Rapid Settlement,1,90.7,Flagged,Accident,97704,Pending,1,2024-11,Online
4401,11956,High Claim Ratio,1,70.8,Flagged,Accident,106264,Settled,0,2025-05,Aggregator
4402,9014,Repeat Claimant,1,29.6,Cleared,Theft,40876,Pending,0,2024-04,Aggregator
4403,15886,High Claim Ratio,1,8.5,Flagged,Accident,184694,Pending,1,2024-06,Online
4404,1639,Repeat Claimant,1,94.0,Flagged,Natural Disaster,36581,Pending,0,2024-09,Bancassurance
4405,17564,High Claim Ratio,1,71.2,Under Review,Theft,56830,Rejected,0,2025-02,Bancassurance
4406,11251,Repeat Claimant,1,89.9,Flagged,Health,14935,Settled,0,2024-12,Agent
4407,8910,Amount Rounding,1,19.0,Under Review,Natural Disaster,61436,Settled,0,2024-10,Partnership
4408,11735,Repeat Claimant,1,47.1,Cleared,Natural Disaster,73652,Settled,0,2025-03,Online
4409,15946,Repeat Claimant,0,99.6,Under Review,Accident,22658,Settled,0,2024-03,Bancassurance
4410,5038,Repeat Claimant,1,26.6,Cleared,Natural Disaster,66715,Settled,0,2024-04,Online
4411,7112,Rapid Settlement,0,89.7,Flagged,Accident,64249,Pending,1,2025-11,Bancassurance
4412,17195,Policy-Claim Gap,1,77.2,Flagged,Accident,74358,Settled,0,2024-01,Online
4413,16851,Rapid Settlement,1,18.7,Cleared,Accident,339156,Pending,0,2024-04,Bancassurance
4414,13702,Rapid Settlement,1,60.8,Confirmed,Accident,37622,Settled,0,2026-03,Online
4415,1193,High Claim Ratio,1,61.9,Confirmed,Natural Disaster,27852,Settled,1,2024-05,Online
4416,1615,Amount Rounding,1,36.0,Flagged,Theft,86237,Settled,0,2024-11,Bancassurance
4417,13639,Amount Rounding,1,5.3,Confirmed,Accident,53229,Settled,0,2025-07,Online
4418,13296,Amount Rounding,1,51.3,Confirmed,Accident,108051,Settled,1,2025-12,Agent
4419,6614,High Claim Ratio,0,10.8,Under Review,Accident,72339,Settled,0,2026-03,Bancassurance
4420,9329,Repeat Claimant,1,45.7,Flagged,Natural Disaster,28070,Settled,0,2024-11,Agent
4421,12350,Policy-Claim Gap,1,79.6,Cleared,Accident,67642,Settled,0,2026-04,Aggregator
4422,15315,Amount Rounding,0,83.9,Confirmed,Accident,23370,Settled,0,2025-10,Agent
4423,2091,Rapid Settlement,0,99.6,Under Review,Natural Disaster,30339,Settled,0,2025-05,Aggregator
4424,4338,Amount Rounding,1,60.9,Cleared,Accident,20720,Pending,0,2025-08,Partnership
4425,19168,Amount Rounding,0,44.1,Flagged,Natural Disaster,100215,Settled,0,2025-01,Aggregator
4426,13701,Policy-Claim Gap,1,46.9,Confirmed,Accident,8065,Settled,0,2026-05,Online
4427,12594,Amount Rounding,1,60.7,Under Review,Accident,31650,Settled,0,2024-03,Aggregator
4428,4159,High Claim Ratio,1,89.3,Flagged,Fire,28716,Pending,0,2024-10,Agent
4429,10213,Policy-Claim Gap,0,76.4,Under Review,Accident,21456,Settled,0,2024-05,Agent
4430,10536,High Claim Ratio,0,46.5,Flagged,Fire,29565,Settled,0,2024-02,Online
4431,11984,High Claim Ratio,0,89.4,Under Review,Theft,65568,Settled,0,2025-02,Online
4432,13206,Policy-Claim Gap,1,64.3,Cleared,Accident,58395,Settled,0,2024-03,Agent
4433,9224,High Claim Ratio,1,26.1,Flagged,Accident,67407,Settled,0,2024-03,Agent
4434,11093,Amount Rounding,0,40.0,Confirmed,Health,56325,Settled,0,2025-02,Agent
4435,13946,Repeat Claimant,1,15.5,Under Review,Natural Disaster,42932,Settled,0,2024-01,Agent
4436,16827,Policy-Claim Gap,1,62.2,Flagged,Natural Disaster,74362,Settled,0,2025-03,Agent
4437,13152,Rapid Settlement,1,45.2,Flagged,Health,271257,Settled,0,2024-04,Partnership
4438,9987,Repeat Claimant,1,40.8,Flagged,Accident,78876,Pending,0,2025-03,Online
4439,18993,Repeat Claimant,1,86.7,Flagged,Theft,391684,Settled,0,2025-05,Online
4440,18326,Amount Rounding,1,0.6,Under Review,Natural Disaster,17943,Rejected,0,2025-09,Online
4441,17917,High Claim Ratio,1,23.0,Under Review,Theft,312691,Settled,0,2026-04,Online
4442,9097,High Claim Ratio,0,84.7,Under Review,Accident,10348,Settled,0,2026-06,Aggregator
4443,13490,High Claim Ratio,0,36.9,Cleared,Health,47222,Settled,0,2025-08,Online
4444,7580,Policy-Claim Gap,1,25.8,Confirmed,Natural Disaster,36489,Settled,0,2025-09,Agent
4445,19485,Rapid Settlement,0,75.7,Under Review,Accident,495420,Settled,0,2024-08,Online
4446,15312,High Claim Ratio,0,36.8,Under Review,Accident,20746,Pending,0,2024-09,Online
4447,6969,Repeat Claimant,1,71.4,Under Review,Accident,31424,Settled,0,2026-01,Online
4448,14805,Repeat Claimant,1,87.2,Under Review,Natural Disaster,14684,Settled,0,2025-12,Aggregator
4449,16730,Rapid Settlement,1,98.0,Flagged,Theft,22420,Settled,0,2024-10,Bancassurance
4450,14367,Amount Rounding,1,96.2,Cleared,Theft,17619,Settled,0,2024-12,Aggregator
4451,3812,Rapid Settlement,1,43.9,Flagged,Natural Disaster,92920,Settled,0,2025-09,Online
4452,1301,Rapid Settlement,1,59.3,Flagged,Health,85655,Settled,0,2026-05,Agent
4453,12505,Repeat Claimant,1,22.5,Confirmed,Health,18261,Settled,0,2025-04,Agent
4454,4880,High Claim Ratio,1,11.8,Flagged,Accident,36156,Settled,0,2026-04,Bancassurance
4455,5683,Policy-Claim Gap,0,74.8,Confirmed,Accident,25740,Settled,0,2025-11,Partnership
4456,3478,Amount Rounding,1,71.2,Flagged,Accident,35987,Settled,0,2025-12,Agent
4457,13342,Policy-Claim Gap,1,44.7,Flagged,Health,62314,Settled,0,2024-04,Online
4458,16808,Rapid Settlement,1,88.7,Confirmed,Theft,22554,Settled,0,2024-04,Online
4459,14163,Amount Rounding,1,16.7,Flagged,Health,105451,Rejected,0,2024-08,Agent
4460,14533,High Claim Ratio,1,72.8,Under Review,Natural Disaster,94089,Settled,0,2024-09,Online
4461,3710,High Claim Ratio,0,64.3,Cleared,Health,95412,Settled,0,2025-03,Aggregator
4462,11826,Policy-Claim Gap,0,46.8,Under Review,Accident,7470,Settled,0,2026-03,Online
4463,5003,Rapid Settlement,1,94.8,Under Review,Fire,15646,Settled,0,2026-03,Online
4464,19769,High Claim Ratio,0,76.8,Flagged,Accident,19952,Settled,0,2025-06,Agent
4465,6535,Rapid Settlement,0,84.9,Cleared,Health,87968,Settled,0,2025-07,Online
4466,3807,High Claim Ratio,0,68.4,Flagged,Accident,7105,Settled,0,2024-09,Bancassurance
4467,3098,Amount Rounding,1,77.7,Flagged,Health,49863,Settled,0,2026-01,Bancassurance
4468,5720,Repeat Claimant,1,94.3,Under Review,Health,276033,Settled,0,2026-06,Online
4469,2955,Rapid Settlement,1,60.4,Under Review,Health,119510,Settled,0,2024-12,Agent
4470,2838,Policy-Claim Gap,1,44.3,Confirmed,Theft,61600,Pending,0,2025-12,Online
4471,7533,Rapid Settlement,1,55.3,Cleared,Accident,94647,Settled,0,2024-11,Agent
4472,11369,High Claim Ratio,1,46.3,Flagged,Theft,79166,Rejected,0,2026-01,Bancassurance
4473,6679,Amount Rounding,0,85.9,Flagged,Health,19898,Settled,0,2025-04,Online
4474,6203,Policy-Claim Gap,1,99.2,Under Review,Fire,136385,Rejected,0,2024-02,Bancassurance
4475,2405,Repeat Claimant,0,25.0,Flagged,Accident,127443,Settled,0,2024-02,Aggregator
4476,4382,Repeat Claimant,1,29.0,Flagged,Theft,22593,Settled,0,2025-06,Online
4477,15139,Rapid Settlement,1,98.6,Confirmed,Health,641077,Settled,0,2026-01,Aggregator
4478,17846,Rapid Settlement,1,48.5,Flagged,Accident,41244,Settled,0,2024-10,Aggregator
4479,17826,Amount Rounding,1,19.4,Confirmed,Health,7987,Pending,1,2025-08,Agent
4480,4677,Rapid Settlement,1,65.1,Under Review,Accident,18535,Settled,0,2025-10,Online
4481,16454,Rapid Settlement,1,19.3,Flagged,Health,66465,Settled,0,2026-04,Online
4482,14708,High Claim Ratio,0,68.4,Under Review,Natural Disaster,75052,Settled,0,2025-08,Agent
4483,16128,High Claim Ratio,1,76.9,Under Review,Natural Disaster,226653,Pending,0,2024-06,Agent
4484,19942,Rapid Settlement,1,63.5,Under Review,Fire,23576,Settled,0,2025-12,Online
4485,4781,Amount Rounding,0,24.9,Flagged,Natural Disaster,101275,Pending,0,2024-10,Agent
4486,15360,Repeat Claimant,0,0.8,Flagged,Fire,61849,Settled,0,2025-10,Bancassurance
4487,15224,Repeat Claimant,1,25.5,Flagged,Accident,12325,Settled,1,2026-03,Partnership
4488,16164,Rapid Settlement,1,46.5,Cleared,Fire,4764,Settled,0,2024-10,Online
4489,1361,High Claim Ratio,1,8.7,Flagged,Accident,22059,Settled,0,2025-09,Partnership
4490,8702,High Claim Ratio,1,87.4,Under Review,Theft,11655,Settled,0,2025-04,Bancassurance
4491,5083,High Claim Ratio,1,15.2,Under Review,Theft,34132,Settled,0,2026-01,Aggregator
4492,15800,High Claim Ratio,1,62.1,Flagged,Accident,80985,Settled,0,2025-07,Agent
4493,18412,Policy-Claim Gap,1,32.0,Cleared,Theft,7169,Settled,0,2024-10,Aggregator
4494,6809,Policy-Claim Gap,0,58.8,Under Review,Accident,44668,Settled,0,2025-02,Agent
4495,19064,Repeat Claimant,1,18.5,Under Review,Health,242889,Pending,0,2025-01,Aggregator
4496,6939,Repeat Claimant,1,41.2,Under Review,Health,50916,Pending,0,2025-02,Agent
4497,9666,Repeat Claimant,1,72.5,Flagged,Fire,388982,Pending,0,2026-04,Online
4498,16951,High Claim Ratio,1,8.2,Under Review,Health,22401,Settled,0,2024-04,Aggregator
4499,5652,Repeat Claimant,1,57.3,Flagged,Natural Disaster,26320,Settled,0,2025-11,Aggregator
4500,4378,Policy-Claim Gap,1,71.1,Flagged,Accident,23257,Pending,0,2024-07,Aggregator
4501,9729,Repeat Claimant,1,44.3,Cleared,Fire,19531,Settled,0,2024-04,Agent
4502,846,Amount Rounding,1,65.7,Confirmed,Accident,21819,Settled,0,2025-09,Agent
4503,2773,Amount Rounding,1,89.1,Confirmed,Accident,25239,Settled,0,2025-05,Online
4504,6615,Amount Rounding,0,51.1,Confirmed,Accident,292628,Settled,0,2025-06,Online
4505,14008,Rapid Settlement,1,8.7,Under Review,Theft,285634,Settled,0,2025-08,Online
4506,2644,Policy-Claim Gap,0,71.1,Flagged,Theft,37514,Settled,0,2024-07,Online
4507,8013,Amount Rounding,0,35.7,Under Review,Fire,352399,Settled,0,2025-05,Aggregator
4508,10949,Repeat Claimant,0,35.9,Under Review,Natural Disaster,46906,Settled,0,2025-11,Agent
4509,4575,Repeat Claimant,0,98.8,Flagged,Accident,6385,Pending,0,2024-06,Agent
4510,13352,High Claim Ratio,1,66.6,Confirmed,Accident,18190,Settled,0,2024-08,Aggregator
4511,19370,Policy-Claim Gap,1,20.1,Flagged,Accident,20764,Settled,0,2024-03,Bancassurance
4512,3402,Rapid Settlement,1,88.7,Under Review,Fire,85848,Settled,0,2026-01,Aggregator
4513,19945,Rapid Settlement,1,23.3,Confirmed,Fire,136806,Pending,0,2024-09,Bancassurance
4514,13845,Rapid Settlement,1,93.0,Flagged,Accident,337397,Settled,0,2024-06,Aggregator
4515,14461,High Claim Ratio,1,14.9,Flagged,Accident,40025,Settled,0,2026-06,Aggregator
4516,9928,Policy-Claim Gap,1,39.7,Cleared,Health,245858,Settled,0,2026-03,Online
4517,11017,Policy-Claim Gap,0,58.9,Flagged,Accident,54705,Settled,0,2024-09,Agent
4518,8037,Amount Rounding,1,8.8,Under Review,Natural Disaster,54219,Settled,0,2024-02,Bancassurance
4519,14958,High Claim Ratio,0,38.8,Under Review,Accident,7606,Settled,0,2026-03,Agent
4520,13908,Policy-Claim Gap,0,33.8,Flagged,Fire,63219,Settled,0,2025-08,Agent
4521,19510,Policy-Claim Gap,1,42.6,Confirmed,Natural Disaster,81375,Settled,0,2024-05,Aggregator
4522,13820,Repeat Claimant,1,37.0,Under Review,Accident,187618,Settled,0,2024-07,Online
4523,352,Repeat Claimant,0,53.2,Confirmed,Natural Disaster,30451,Settled,0,2024-11,Aggregator
4524,11378,Rapid Settlement,1,68.6,Flagged,Health,3959,Pending,0,2024-10,Aggregator
4525,11566,High Claim Ratio,1,1.0,Flagged,Accident,25382,Settled,0,2025-02,Aggregator
4526,19148,Rapid Settlement,0,14.1,Flagged,Accident,36496,Settled,0,2025-02,Online
4527,10319,High Claim Ratio,1,49.6,Flagged,Fire,128164,Settled,0,2026-04,Online
4528,8492,Policy-Claim Gap,1,98.6,Flagged,Theft,98390,Settled,0,2025-10,Online
4529,2304,Rapid Settlement,1,13.1,Cleared,Health,113360,Settled,1,2024-01,Partnership
4530,16751,High Claim Ratio,1,50.2,Confirmed,Accident,11894,Settled,0,2024-07,Agent
4531,19285,Policy-Claim Gap,1,45.5,Under Review,Accident,30737,Settled,0,2024-03,Online
4532,4973,Amount Rounding,1,3.3,Under Review,Theft,26730,Settled,0,2024-05,Agent
4533,7506,Rapid Settlement,1,43.6,Confirmed,Health,123628,Settled,0,2024-09,Online
4534,1311,Policy-Claim Gap,0,13.2,Under Review,Accident,41613,Settled,0,2026-02,Agent
4535,7217,Rapid Settlement,1,13.1,Under Review,Fire,60586,Pending,0,2025-07,Online
4536,17391,Amount Rounding,1,77.6,Cleared,Accident,46297,Settled,0,2026-03,Agent
4537,2496,Policy-Claim Gap,1,98.5,Flagged,Health,158453,Settled,0,2024-01,Online
4538,7921,Amount Rounding,1,34.2,Under Review,Accident,26010,Settled,0,2026-05,Aggregator
4539,16463,Rapid Settlement,1,16.4,Flagged,Accident,18269,Settled,0,2026-06,Partnership
4540,17449,High Claim Ratio,0,91.5,Confirmed,Accident,214524,Settled,0,2024-05,Online
4541,6785,Amount Rounding,0,57.5,Under Review,Natural Disaster,71334,Settled,0,2025-12,Bancassurance
4542,538,Policy-Claim Gap,0,63.5,Confirmed,Health,22901,Settled,0,2024-06,Agent
4543,10728,Amount Rounding,1,94.6,Under Review,Natural Disaster,305788,Settled,0,2026-02,Bancassurance
4544,9980,Rapid Settlement,1,45.7,Flagged,Accident,35779,Settled,0,2024-08,Online
4545,16983,Repeat Claimant,1,81.8,Cleared,Health,121488,Pending,0,2024-04,Agent
4546,5469,Policy-Claim Gap,0,22.1,Under Review,Health,10818,Settled,0,2025-12,Bancassurance
4547,3827,Amount Rounding,0,31.5,Flagged,Health,88266,Pending,0,2025-02,Aggregator
4548,8494,Rapid Settlement,1,25.3,Flagged,Theft,16863,Settled,0,2024-10,Bancassurance
4549,13432,Rapid Settlement,0,63.6,Under Review,Accident,124062,Settled,1,2024-04,Agent
4550,6639,High Claim Ratio,1,26.8,Flagged,Health,36904,Settled,0,2024-02,Agent
4551,9407,Policy-Claim Gap,0,65.6,Under Review,Theft,32245,Settled,0,2025-08,Online
4552,12383,High Claim Ratio,1,10.6,Flagged,Accident,61263,Pending,0,2026-05,Agent
4553,8816,High Claim Ratio,1,53.0,Flagged,Accident,30116,Settled,0,2025-05,Aggregator
4554,17533,High Claim Ratio,0,33.7,Under Review,Health,14943,Pending,0,2024-12,Agent
4555,6790,Policy-Claim Gap,1,72.6,Cleared,Accident,63631,Settled,0,2026-01,Agent
4556,17735,Policy-Claim Gap,1,21.4,Under Review,Accident,64685,Rejected,0,2025-02,Aggregator
4557,1020,Repeat Claimant,1,96.9,Under Review,Accident,76996,Pending,0,2025-12,Online
4558,8013,Policy-Claim Gap,1,53.3,Flagged,Fire,352399,Settled,0,2025-05,Aggregator
4559,11204,Amount Rounding,1,41.8,Confirmed,Health,9861,Settled,0,2025-06,Aggregator
4560,16653,High Claim Ratio,1,3.1,Under Review,Accident,152050,Settled,0,2024-10,Online
4561,5062,Repeat Claimant,1,4.3,Confirmed,Accident,27622,Settled,0,2026-04,Online
4562,17461,High Claim Ratio,1,86.8,Under Review,Accident,25210,Pending,0,2024-06,Aggregator
4563,7043,Rapid Settlement,0,32.6,Flagged,Accident,198909,Settled,0,2025-10,Partnership
4564,4215,Rapid Settlement,0,8.0,Cleared,Fire,25339,Settled,0,2024-09,Online
4565,3564,Amount Rounding,0,100.0,Flagged,Health,118937,Settled,0,2024-01,Agent
4566,19592,Amount Rounding,1,75.3,Under Review,Health,143079,Pending,0,2024-06,Agent
4567,16412,Amount Rounding,1,38.0,Confirmed,Fire,14389,Pending,0,2025-02,Bancassurance
4568,8113,Rapid Settlement,0,27.6,Under Review,Health,16661,Pending,0,2025-04,Online
4569,7505,Policy-Claim Gap,0,93.2,Flagged,Accident,8796,Settled,0,2025-08,Partnership
4570,14830,Repeat Claimant,1,28.6,Under Review,Natural Disaster,20282,Settled,0,2026-06,Agent
4571,10719,Amount Rounding,0,98.6,Under Review,Theft,77964,Settled,0,2025-11,Bancassurance
4572,635,Policy-Claim Gap,1,97.2,Flagged,Health,13166,Settled,1,2024-11,Aggregator
4573,4579,High Claim Ratio,0,73.9,Confirmed,Accident,120108,Settled,0,2025-10,Agent
4574,7179,Rapid Settlement,0,81.7,Flagged,Health,207140,Rejected,0,2026-02,Agent
4575,11805,Repeat Claimant,1,5.0,Flagged,Health,26808,Settled,0,2025-12,Agent
4576,16131,Policy-Claim Gap,0,34.3,Flagged,Fire,32504,Settled,0,2024-04,Agent
4577,230,Repeat Claimant,0,17.3,Confirmed,Theft,37111,Settled,0,2024-06,Online
4578,18738,High Claim Ratio,0,17.9,Flagged,Theft,66075,Settled,0,2025-07,Online
4579,15908,Repeat Claimant,1,5.4,Flagged,Health,36117,Settled,0,2025-07,Agent
4580,15054,High Claim Ratio,1,36.5,Flagged,Health,531482,Settled,0,2025-06,Agent
4581,11662,High Claim Ratio,1,8.9,Confirmed,Theft,230189,Settled,0,2024-12,Online
4582,18710,Policy-Claim Gap,1,56.5,Under Review,Natural Disaster,227410,Settled,0,2024-04,Agent
4583,5177,Rapid Settlement,1,39.1,Under Review,Health,17328,Settled,0,2024-10,Online
4584,10592,Policy-Claim Gap,1,45.0,Flagged,Accident,57842,Settled,0,2025-11,Bancassurance
4585,18494,High Claim Ratio,0,8.0,Under Review,Accident,68110,Rejected,0,2025-03,Online
4586,9161,Rapid Settlement,1,64.6,Flagged,Health,79109,Settled,0,2024-12,Agent
4587,4035,Repeat Claimant,0,84.1,Flagged,Fire,18531,Settled,0,2025-12,Bancassurance
4588,2843,Policy-Claim Gap,1,30.7,Flagged,Health,18224,Settled,0,2026-03,Online
4589,7443,Repeat Claimant,1,12.1,Under Review,Natural Disaster,44854,Settled,0,2024-01,Aggregator
4590,14727,Policy-Claim Gap,0,7.4,Cleared,Natural Disaster,128961,Settled,0,2026-03,Aggregator
4591,9717,Repeat Claimant,0,27.3,Cleared,Health,51844,Settled,0,2026-01,Partnership
4592,5398,Repeat Claimant,1,44.0,Flagged,Health,31674,Settled,0,2026-02,Bancassurance
4593,18200,Policy-Claim Gap,1,29.3,Flagged,Health,8422,Pending,0,2025-11,Agent
4594,13200,Amount Rounding,1,41.9,Flagged,Accident,9461,Settled,0,2024-10,Bancassurance
4595,10852,Repeat Claimant,1,40.4,Confirmed,Health,50407,Settled,0,2026-04,Online
4596,12316,Amount Rounding,0,45.3,Cleared,Accident,70042,Settled,0,2025-07,Agent
4597,15385,Rapid Settlement,1,51.9,Under Review,Health,62796,Settled,0,2025-04,Partnership
4598,2730,Rapid Settlement,1,58.0,Flagged,Theft,35134,Settled,0,2025-07,Aggregator
4599,14298,Repeat Claimant,1,69.3,Flagged,Accident,24373,Settled,0,2025-12,Agent
4600,17104,Rapid Settlement,0,51.5,Flagged,Fire,76295,Settled,0,2024-10,Online
4601,228,Amount Rounding,1,64.3,Flagged,Natural Disaster,65621,Settled,0,2025-12,Agent
4602,17799,Repeat Claimant,0,58.9,Flagged,Fire,66338,Rejected,0,2025-06,Aggregator
4603,10596,Rapid Settlement,1,22.5,Confirmed,Natural Disaster,103272,Rejected,0,2026-03,Agent
4604,16909,High Claim Ratio,0,96.6,Confirmed,Health,23165,Settled,0,2024-08,Agent
4605,7638,Rapid Settlement,1,87.7,Flagged,Fire,80872,Settled,0,2024-02,Agent
4606,14126,Rapid Settlement,1,78.9,Cleared,Theft,32810,Settled,0,2024-10,Agent
4607,7557,Rapid Settlement,1,97.6,Flagged,Accident,21504,Settled,1,2025-03,Aggregator
4608,6423,Policy-Claim Gap,1,10.1,Cleared,Accident,73593,Settled,0,2025-09,Aggregator
4609,8900,Amount Rounding,1,11.3,Cleared,Accident,39561,Settled,0,2024-10,Agent
4610,8482,Repeat Claimant,0,72.1,Under Review,Theft,337029,Settled,0,2026-01,Aggregator
4611,11831,High Claim Ratio,1,70.5,Cleared,Fire,43641,Settled,0,2024-07,Aggregator
4612,16764,Rapid Settlement,1,45.6,Cleared,Theft,90641,Settled,0,2025-08,Aggregator
4613,17789,Amount Rounding,0,59.8,Flagged,Accident,30107,Settled,0,2025-08,Aggregator
4614,11834,High Claim Ratio,0,47.1,Flagged,Theft,149557,Settled,0,2026-02,Online
4615,10409,Repeat Claimant,1,48.9,Flagged,Accident,138399,Rejected,0,2026-02,Agent
4616,1611,Rapid Settlement,0,61.9,Cleared,Health,57251,Rejected,0,2025-10,Aggregator
4617,12132,High Claim Ratio,1,72.9,Confirmed,Theft,51139,Rejected,0,2024-07,Online
4618,214,Repeat Claimant,1,69.9,Confirmed,Fire,93534,Settled,0,2024-12,Agent
4619,16887,Amount Rounding,1,96.8,Flagged,Accident,38527,Pending,0,2024-08,Agent
4620,16388,Policy-Claim Gap,1,83.8,Under Review,Health,58859,Rejected,0,2025-01,Bancassurance
4621,3954,Policy-Claim Gap,1,8.0,Under Review,Accident,40879,Settled,0,2026-04,Online
4622,2397,Rapid Settlement,1,86.8,Flagged,Natural Disaster,239393,Pending,1,2024-03,Agent
4623,10866,Rapid Settlement,1,34.1,Confirmed,Theft,184733,Settled,0,2024-03,Agent
4624,12483,Policy-Claim Gap,1,70.9,Confirmed,Accident,29638,Settled,1,2026-03,Agent
4625,2574,Policy-Claim Gap,0,70.6,Under Review,Accident,191988,Settled,0,2025-06,Online
4626,17266,Amount Rounding,1,11.0,Under Review,Accident,47719,Settled,0,2024-01,Online
4627,8701,Policy-Claim Gap,0,96.5,Flagged,Health,53248,Pending,0,2024-10,Bancassurance
4628,15969,Repeat Claimant,1,33.7,Flagged,Health,63167,Settled,0,2024-12,Bancassurance
4629,18902,High Claim Ratio,1,94.5,Under Review,Theft,15742,Pending,0,2026-04,Aggregator
4630,5363,High Claim Ratio,0,49.3,Flagged,Accident,45229,Settled,0,2025-05,Agent
4631,8520,Rapid Settlement,1,37.7,Flagged,Accident,31784,Settled,0,2025-06,Bancassurance
4632,14428,High Claim Ratio,0,8.1,Under Review,Accident,63843,Settled,0,2024-12,Bancassurance
4633,7306,Repeat Claimant,1,95.4,Flagged,Natural Disaster,15487,Settled,0,2024-05,Aggregator
4634,11998,High Claim Ratio,1,28.6,Confirmed,Theft,22171,Settled,0,2025-04,Online
4635,693,Amount Rounding,0,60.4,Flagged,Health,30675,Settled,0,2025-02,Online
4636,5381,Policy-Claim Gap,1,31.2,Cleared,Theft,121664,Settled,0,2024-10,Aggregator
4637,12017,Repeat Claimant,1,42.5,Under Review,Health,29642,Settled,0,2024-08,Partnership
4638,15919,Amount Rounding,1,7.1,Confirmed,Fire,21364,Pending,0,2025-08,Agent
4639,5861,Rapid Settlement,1,8.3,Flagged,Natural Disaster,494115,Settled,0,2025-05,Agent
4640,19962,Repeat Claimant,0,4.9,Under Review,Theft,21603,Settled,0,2025-11,Online
4641,19891,Policy-Claim Gap,0,27.1,Cleared,Fire,10837,Settled,0,2025-06,Agent
4642,8686,Rapid Settlement,1,52.2,Flagged,Fire,325729,Settled,0,2026-01,Aggregator
4643,804,Rapid Settlement,1,68.1,Flagged,Accident,97503,Settled,0,2026-02,Agent
4644,10685,High Claim Ratio,1,63.5,Under Review,Natural Disaster,64245,Settled,0,2024-01,Online
4645,9839,Rapid Settlement,0,43.3,Flagged,Accident,22922,Settled,0,2024-06,Partnership
4646,17682,High Claim Ratio,1,7.4,Under Review,Natural Disaster,23475,Settled,0,2024-03,Agent
4647,12359,Policy-Claim Gap,0,54.2,Under Review,Accident,78069,Pending,0,2024-01,Aggregator
4648,2760,Amount Rounding,0,72.1,Under Review,Accident,9917,Settled,0,2025-12,Bancassurance
4649,6372,Policy-Claim Gap,0,11.3,Cleared,Theft,547463,Settled,0,2025-12,Agent
4650,18373,Repeat Claimant,1,25.6,Cleared,Health,199578,Settled,0,2026-05,Agent
4651,3224,Rapid Settlement,1,56.1,Confirmed,Accident,205808,Settled,0,2025-05,Agent
4652,8911,Policy-Claim Gap,1,31.0,Flagged,Accident,50335,Settled,0,2026-04,Agent
4653,19002,Amount Rounding,1,55.6,Under Review,Accident,51078,Pending,0,2026-01,Online
4654,10059,Amount Rounding,0,64.0,Flagged,Theft,40103,Settled,0,2026-02,Online
4655,13876,Rapid Settlement,1,17.7,Confirmed,Natural Disaster,6040,Settled,0,2025-05,Aggregator
4656,12990,Amount Rounding,0,67.8,Confirmed,Accident,18736,Settled,0,2025-08,Aggregator
4657,3787,Repeat Claimant,1,70.6,Flagged,Accident,103359,Settled,0,2026-04,Online
4658,3498,Policy-Claim Gap,1,36.3,Flagged,Theft,17417,Settled,0,2024-11,Online
4659,695,High Claim Ratio,0,99.5,Flagged,Accident,19608,Settled,0,2026-04,Agent
4660,10648,Amount Rounding,0,41.0,Flagged,Health,100091,Settled,0,2024-06,Agent
4661,11943,Repeat Claimant,1,20.2,Flagged,Natural Disaster,302391,Settled,0,2024-03,Agent
4662,729,Amount Rounding,0,91.1,Cleared,Health,32761,Settled,0,2024-03,Aggregator
4663,11608,Repeat Claimant,0,68.9,Under Review,Fire,115114,Settled,0,2025-11,Partnership
4664,12261,High Claim Ratio,0,95.2,Flagged,Accident,20073,Settled,0,2025-11,Bancassurance
4665,7682,Repeat Claimant,1,18.9,Under Review,Natural Disaster,45202,Pending,0,2024-12,Partnership
4666,8935,Amount Rounding,1,30.4,Cleared,Health,79213,Settled,0,2025-01,Aggregator
4667,18844,Rapid Settlement,1,37.8,Under Review,Natural Disaster,166612,Settled,0,2025-07,Agent
4668,16308,Repeat Claimant,1,7.9,Under Review,Fire,27572,Settled,0,2026-04,Online
4669,9393,Policy-Claim Gap,1,25.2,Confirmed,Health,27338,Pending,0,2025-04,Agent
4670,8146,Amount Rounding,1,2.4,Flagged,Accident,86154,Settled,0,2025-03,Online
4671,6840,Amount Rounding,0,3.4,Confirmed,Health,411943,Settled,0,2024-01,Bancassurance
4672,6853,Rapid Settlement,1,70.8,Flagged,Health,29134,Pending,0,2024-10,Online
4673,2961,Policy-Claim Gap,1,79.4,Under Review,Accident,269734,Rejected,0,2025-03,Bancassurance
4674,15404,Repeat Claimant,1,80.3,Flagged,Accident,44738,Settled,0,2024-06,Bancassurance
4675,13553,High Claim Ratio,1,19.1,Cleared,Natural Disaster,19934,Settled,0,2024-12,Agent
4676,19207,High Claim Ratio,1,7.3,Flagged,Theft,102675,Settled,0,2025-09,Aggregator
4677,7137,Repeat Claimant,1,18.7,Under Review,Accident,18326,Settled,0,2024-12,Agent
4678,13368,Rapid Settlement,1,54.9,Flagged,Theft,14447,Settled,0,2026-03,Online
4679,9609,High Claim Ratio,1,41.1,Flagged,Accident,15206,Settled,0,2024-04,Aggregator
4680,14098,High Claim Ratio,0,31.4,Under Review,Natural Disaster,173321,Settled,0,2024-08,Agent
4681,14590,Policy-Claim Gap,1,24.4,Confirmed,Theft,38663,Settled,0,2024-07,Aggregator
4682,1473,High Claim Ratio,1,71.3,Under Review,Health,7963,Settled,0,2026-01,Agent
4683,8977,High Claim Ratio,1,86.4,Flagged,Health,10261,Settled,0,2026-04,Agent
4684,19475,Repeat Claimant,0,95.9,Flagged,Accident,59864,Pending,0,2025-09,Aggregator
4685,18208,High Claim Ratio,1,81.0,Flagged,Theft,35740,Settled,0,2024-10,Aggregator
4686,2380,Policy-Claim Gap,1,92.2,Under Review,Natural Disaster,51754,Settled,0,2024-02,Agent
4687,17633,High Claim Ratio,0,58.5,Flagged,Theft,142648,Settled,0,2024-08,Agent
4688,17323,High Claim Ratio,1,98.9,Flagged,Natural Disaster,68203,Settled,0,2025-11,Aggregator
4689,16266,Repeat Claimant,1,99.2,Flagged,Accident,210983,Settled,0,2025-12,Aggregator
4690,8445,Repeat Claimant,1,53.1,Under Review,Natural Disaster,67911,Pending,0,2025-10,Bancassurance
4691,7777,Rapid Settlement,1,64.7,Under Review,Health,37455,Settled,0,2024-11,Aggregator
4692,3561,Rapid Settlement,1,26.8,Under Review,Accident,119741,Settled,0,2024-05,Online
4693,19514,Repeat Claimant,1,30.1,Cleared,Natural Disaster,27750,Settled,0,2026-03,Partnership
4694,6983,High Claim Ratio,1,29.1,Confirmed,Accident,86948,Pending,0,2025-12,Online
4695,10794,High Claim Ratio,0,99.4,Flagged,Theft,51946,Settled,0,2026-05,Aggregator
4696,11934,High Claim Ratio,0,0.8,Under Review,Accident,13620,Settled,0,2025-09,Agent
4697,11775,Rapid Settlement,0,54.7,Flagged,Theft,25081,Pending,0,2026-05,Online
4698,16199,Amount Rounding,1,44.5,Under Review,Accident,29804,Settled,0,2024-10,Online
4699,18666,Amount Rounding,0,6.8,Flagged,Health,39475,Settled,0,2025-11,Bancassurance
4700,9000,Amount Rounding,0,67.9,Under Review,Theft,25916,Settled,0,2026-01,Agent
4701,6681,Rapid Settlement,1,34.3,Confirmed,Health,5505,Settled,0,2025-10,Online
4702,4814,High Claim Ratio,0,36.8,Flagged,Accident,112210,Pending,0,2026-05,Agent
4703,16687,Amount Rounding,1,43.4,Confirmed,Accident,25201,Settled,0,2025-05,Aggregator
4704,6264,Amount Rounding,0,87.4,Flagged,Accident,43054,Settled,0,2025-04,Online
4705,7854,Rapid Settlement,0,96.5,Cleared,Theft,42022,Settled,0,2025-02,Agent
4706,10371,Repeat Claimant,1,88.1,Cleared,Accident,85907,Pending,0,2024-06,Online
4707,8635,High Claim Ratio,0,35.3,Flagged,Accident,17331,Settled,0,2024-05,Online
4708,17838,Rapid Settlement,1,45.7,Under Review,Accident,110370,Settled,0,2024-01,Agent
4709,16729,Repeat Claimant,1,15.4,Cleared,Health,76946,Settled,0,2025-05,Partnership
4710,15390,Policy-Claim Gap,1,64.2,Under Review,Natural Disaster,69077,Rejected,0,2024-12,Online
4711,19625,Rapid Settlement,1,23.8,Confirmed,Natural Disaster,97372,Settled,0,2026-02,Online
4712,11736,Rapid Settlement,1,60.8,Flagged,Health,34985,Settled,0,2025-02,Bancassurance
4713,709,Repeat Claimant,0,72.9,Flagged,Natural Disaster,21223,Settled,0,2024-05,Agent
4714,12453,Policy-Claim Gap,1,26.0,Confirmed,Natural Disaster,30797,Settled,0,2025-10,Aggregator
4715,17046,Amount Rounding,1,2.1,Under Review,Accident,31546,Settled,0,2025-03,Bancassurance
4716,19100,Rapid Settlement,1,56.1,Confirmed,Health,146611,Rejected,0,2024-09,Partnership
4717,5167,High Claim Ratio,0,33.3,Confirmed,Fire,22582,Settled,0,2025-02,Online
4718,17613,Rapid Settlement,1,34.9,Cleared,Theft,213595,Settled,0,2026-02,Agent
4719,16228,High Claim Ratio,1,14.0,Under Review,Theft,25009,Settled,0,2026-03,Agent
4720,7397,High Claim Ratio,1,50.7,Confirmed,Fire,222606,Settled,0,2025-12,Partnership
4721,14671,High Claim Ratio,1,64.5,Flagged,Accident,133547,Settled,0,2026-05,Aggregator
4722,2374,Rapid Settlement,1,57.6,Flagged,Health,59824,Rejected,0,2026-04,Online
4723,6171,Amount Rounding,1,82.3,Under Review,Accident,4138,Settled,0,2024-10,Bancassurance
4724,13874,Amount Rounding,1,38.8,Flagged,Theft,113339,Settled,0,2025-06,Bancassurance
4725,8661,Repeat Claimant,1,23.8,Under Review,Fire,35870,Pending,0,2024-01,Agent
4726,3718,Amount Rounding,0,49.7,Flagged,Health,32601,Pending,0,2026-04,Bancassurance
4727,11343,High Claim Ratio,1,10.5,Confirmed,Theft,127282,Settled,0,2024-11,Bancassurance
4728,461,Repeat Claimant,0,69.4,Confirmed,Natural Disaster,92928,Settled,0,2024-11,Bancassurance
4729,1822,Repeat Claimant,0,44.4,Confirmed,Theft,16031,Settled,0,2025-03,Agent
4730,13517,Repeat Claimant,1,86.6,Cleared,Health,115601,Pending,0,2024-10,Aggregator
4731,5281,Amount Rounding,1,1.3,Flagged,Accident,38282,Settled,0,2025-09,Agent
4732,8139,Amount Rounding,0,54.0,Flagged,Accident,9412,Settled,0,2026-01,Bancassurance
4733,13199,Policy-Claim Gap,0,87.7,Confirmed,Accident,563211,Settled,0,2026-03,Agent
4734,2927,Rapid Settlement,0,35.3,Flagged,Natural Disaster,37769,Settled,0,2024-09,Bancassurance
4735,7980,Amount Rounding,1,54.3,Confirmed,Accident,117094,Settled,0,2025-08,Agent
4736,18056,Policy-Claim Gap,0,84.3,Flagged,Accident,37955,Settled,0,2026-04,Online
4737,18224,Rapid Settlement,0,28.2,Flagged,Accident,9971,Pending,0,2024-01,Agent
4738,9227,Amount Rounding,0,94.6,Cleared,Natural Disaster,83231,Settled,1,2026-02,Aggregator
4739,4995,High Claim Ratio,1,0.5,Flagged,Health,54444,Settled,0,2025-09,Aggregator
4740,3112,Repeat Claimant,1,47.8,Under Review,Health,19069,Settled,0,2024-10,Agent
4741,2412,Repeat Claimant,0,50.4,Flagged,Health,13573,Settled,0,2024-08,Online
4742,523,Repeat Claimant,1,21.2,Under Review,Theft,38527,Settled,0,2025-03,Online
4743,7394,High Claim Ratio,0,1.5,Flagged,Health,18523,Settled,0,2024-06,Agent
4744,9692,Amount Rounding,1,73.5,Flagged,Fire,76767,Settled,0,2026-06,Bancassurance
4745,15080,Amount Rounding,1,70.6,Under Review,Theft,45191,Settled,0,2025-11,Online
4746,13221,Policy-Claim Gap,1,65.7,Confirmed,Health,550141,Settled,0,2026-04,Online
4747,19351,High Claim Ratio,1,79.5,Under Review,Health,562740,Settled,0,2024-08,Online
4748,3415,High Claim Ratio,0,63.6,Flagged,Natural Disaster,66965,Pending,0,2024-01,Aggregator
4749,10586,High Claim Ratio,1,70.0,Flagged,Accident,25944,Settled,0,2024-05,Agent
4750,10166,High Claim Ratio,1,85.9,Flagged,Theft,12510,Settled,0,2024-08,Agent
4751,13976,Policy-Claim Gap,1,8.3,Flagged,Theft,65748,Settled,0,2024-07,Agent
4752,1122,Repeat Claimant,1,83.8,Under Review,Natural Disaster,32841,Settled,0,2025-11,Bancassurance
4753,5177,Repeat Claimant,0,29.7,Cleared,Health,17328,Settled,0,2024-10,Online
4754,10914,Repeat Claimant,1,57.7,Confirmed,Health,14857,Pending,0,2025-10,Aggregator
4755,5720,Repeat Claimant,1,13.1,Under Review,Health,276033,Settled,0,2026-06,Online
4756,17410,Repeat Claimant,1,37.1,Flagged,Health,47620,Settled,0,2025-05,Agent
4757,12381,Amount Rounding,1,7.4,Flagged,Theft,19646,Settled,0,2024-08,Agent
4758,19065,Rapid Settlement,1,42.7,Confirmed,Fire,119411,Pending,0,2025-08,Aggregator
4759,11109,Policy-Claim Gap,1,29.7,Confirmed,Accident,33572,Pending,0,2025-12,Online
4760,12765,Rapid Settlement,0,93.2,Cleared,Accident,20537,Settled,0,2026-01,Agent
4761,15967,Amount Rounding,1,29.8,Cleared,Theft,105749,Settled,0,2025-10,Agent
4762,3105,Rapid Settlement,1,9.6,Cleared,Accident,88801,Settled,1,2024-07,Aggregator
4763,9071,Repeat Claimant,1,5.6,Confirmed,Accident,182047,Settled,0,2024-08,Online
4764,15869,High Claim Ratio,1,30.5,Flagged,Theft,120558,Settled,0,2025-10,Partnership
4765,2779,Repeat Claimant,1,87.0,Flagged,Natural Disaster,45012,Settled,0,2025-10,Online
4766,7502,Policy-Claim Gap,0,59.7,Cleared,Accident,107665,Settled,0,2025-08,Aggregator
4767,10298,High Claim Ratio,1,49.2,Cleared,Accident,5351,Settled,0,2026-03,Online
4768,18914,Rapid Settlement,1,9.4,Flagged,Accident,79369,Settled,0,2026-02,Agent
4769,3721,High Claim Ratio,0,67.3,Confirmed,Theft,48628,Settled,0,2025-02,Online
4770,14123,Repeat Claimant,1,63.7,Confirmed,Accident,259004,Pending,0,2024-02,Online
4771,116,High Claim Ratio,0,41.0,Flagged,Accident,22397,Pending,0,2024-11,Partnership
4772,15337,Repeat Claimant,0,80.3,Flagged,Accident,13732,Settled,0,2024-02,Aggregator
4773,7828,Rapid Settlement,1,28.6,Confirmed,Accident,28526,Pending,0,2024-09,Partnership
4774,16128,Repeat Claimant,0,91.7,Flagged,Natural Disaster,226653,Pending,0,2024-06,Agent
4775,3804,Amount Rounding,1,67.3,Flagged,Accident,10756,Settled,0,2025-08,Online
4776,5632,Amount Rounding,1,10.3,Flagged,Theft,142608,Settled,0,2025-12,Agent
4777,16314,High Claim Ratio,0,71.1,Flagged,Fire,25067,Settled,0,2025-10,Partnership
4778,17386,Policy-Claim Gap,0,41.4,Confirmed,Accident,40223,Rejected,0,2025-09,Agent
4779,5020,Rapid Settlement,0,25.1,Flagged,Fire,13335,Settled,0,2024-07,Aggregator
4780,7885,Repeat Claimant,1,76.5,Under Review,Accident,59437,Settled,0,2025-10,Aggregator
4781,4898,Amount Rounding,0,52.6,Confirmed,Accident,88814,Settled,0,2026-04,Bancassurance
4782,19916,High Claim Ratio,1,85.9,Confirmed,Natural Disaster,61667,Settled,0,2025-11,Agent
4783,390,High Claim Ratio,1,49.7,Under Review,Health,20612,Settled,0,2024-10,Aggregator
4784,19482,Repeat Claimant,0,84.7,Confirmed,Accident,179048,Settled,0,2025-10,Agent
4785,19483,Amount Rounding,0,25.1,Under Review,Accident,153201,Settled,0,2025-08,Partnership
4786,10987,Amount Rounding,1,70.1,Flagged,Accident,110752,Pending,0,2025-12,Agent
4787,7558,Repeat Claimant,1,8.6,Confirmed,Health,61222,Settled,0,2024-05,Online
4788,13619,Repeat Claimant,1,64.5,Under Review,Health,9046,Settled,0,2025-07,Bancassurance
4789,1358,Policy-Claim Gap,1,50.9,Under Review,Fire,51367,Pending,0,2024-12,Agent
4790,6798,High Claim Ratio,1,14.2,Confirmed,Health,24049,Rejected,0,2024-03,Bancassurance
4791,17705,Rapid Settlement,0,63.2,Under Review,Health,41080,Settled,0,2025-09,Bancassurance
4792,17075,Rapid Settlement,1,90.2,Flagged,Theft,89969,Settled,0,2026-05,Aggregator
4793,8527,High Claim Ratio,0,47.4,Flagged,Theft,200970,Settled,0,2024-12,Aggregator
4794,17296,Policy-Claim Gap,0,14.4,Confirmed,Accident,95079,Settled,0,2026-03,Partnership
4795,19690,Rapid Settlement,1,49.5,Under Review,Theft,32376,Settled,0,2024-03,Agent
4796,13722,Repeat Claimant,0,86.1,Under Review,Accident,47298,Settled,0,2024-06,Online
4797,8718,Policy-Claim Gap,0,65.1,Under Review,Health,21925,Rejected,0,2024-06,Bancassurance
4798,16067,Amount Rounding,1,47.9,Flagged,Theft,202045,Settled,0,2025-05,Online
4799,14863,Repeat Claimant,0,48.7,Confirmed,Natural Disaster,27131,Settled,0,2025-01,Partnership
4800,10222,Amount Rounding,1,86.7,Under Review,Theft,239679,Pending,0,2025-01,Agent
4801,7815,Policy-Claim Gap,1,46.4,Flagged,Accident,17636,Settled,0,2024-12,Online
4802,7439,Rapid Settlement,1,19.1,Confirmed,Fire,35619,Settled,0,2024-04,Partnership
4803,6847,Amount Rounding,1,70.9,Confirmed,Natural Disaster,9249,Pending,0,2024-07,Online
4804,6496,Rapid Settlement,1,6.6,Under Review,Accident,151509,Settled,0,2025-07,Aggregator
4805,2169,Repeat Claimant,1,48.2,Confirmed,Theft,59310,Settled,0,2025-10,Agent
4806,7353,Rapid Settlement,0,5.2,Under Review,Theft,63058,Settled,0,2026-05,Online
4807,9563,Repeat Claimant,1,56.7,Cleared,Accident,41877,Settled,0,2026-04,Agent
4808,7604,Policy-Claim Gap,1,57.8,Confirmed,Accident,85425,Settled,0,2025-05,Agent
4809,18576,Repeat Claimant,0,87.5,Flagged,Health,16930,Pending,0,2025-10,Online
4810,10277,High Claim Ratio,1,31.7,Flagged,Theft,26510,Settled,0,2024-02,Bancassurance
4811,7210,Repeat Claimant,0,26.4,Under Review,Accident,73639,Settled,0,2024-06,Bancassurance
4812,12192,High Claim Ratio,1,50.9,Under Review,Natural Disaster,97349,Pending,0,2025-10,Online
4813,16689,Rapid Settlement,1,82.3,Flagged,Accident,49558,Settled,0,2025-01,Online
4814,15167,High Claim Ratio,1,23.6,Flagged,Natural Disaster,27073,Pending,0,2024-06,Bancassurance
4815,4699,Amount Rounding,1,58.1,Flagged,Accident,69946,Settled,0,2026-01,Agent
4816,3569,Amount Rounding,0,40.3,Flagged,Fire,46847,Pending,1,2024-05,Online
4817,18000,Rapid Settlement,1,38.3,Under Review,Natural Disaster,44223,Settled,0,2025-01,Online
4818,18031,High Claim Ratio,1,72.1,Flagged,Health,33468,Settled,0,2026-04,Agent
4819,2172,High Claim Ratio,0,49.4,Flagged,Theft,76708,Settled,0,2024-08,Bancassurance
4820,11706,High Claim Ratio,1,14.6,Flagged,Theft,390318,Settled,0,2024-01,Online
4821,1954,Rapid Settlement,0,53.8,Cleared,Theft,170473,Settled,0,2024-08,Bancassurance
4822,13771,Amount Rounding,1,33.1,Cleared,Health,68579,Settled,0,2024-05,Aggregator
4823,6380,Repeat Claimant,1,23.1,Flagged,Natural Disaster,213348,Settled,0,2024-12,Online
4824,11667,High Claim Ratio,1,18.8,Under Review,Fire,12339,Settled,0,2025-12,Aggregator
4825,12657,Rapid Settlement,1,16.4,Flagged,Accident,63405,Settled,0,2024-01,Aggregator
4826,18987,Rapid Settlement,1,22.9,Flagged,Theft,41344,Settled,0,2026-01,Online
4827,16293,Amount Rounding,1,41.9,Under Review,Fire,126708,Settled,0,2025-07,Bancassurance
4828,12533,Rapid Settlement,1,44.1,Under Review,Accident,95161,Settled,0,2024-08,Online
4829,18674,High Claim Ratio,1,40.4,Under Review,Accident,15400,Settled,0,2025-01,Online
4830,18527,Amount Rounding,1,89.2,Under Review,Accident,132752,Settled,0,2025-06,Aggregator
4831,17914,Amount Rounding,1,80.8,Confirmed,Health,43233,Settled,0,2024-05,Agent
4832,237,Policy-Claim Gap,1,80.7,Flagged,Natural Disaster,448452,Settled,0,2025-06,Online
4833,13680,Policy-Claim Gap,0,23.7,Confirmed,Accident,115978,Settled,0,2024-03,Online
4834,13749,Rapid Settlement,0,38.5,Under Review,Health,23483,Settled,0,2025-01,Online
4835,3462,Repeat Claimant,1,23.5,Flagged,Health,124156,Settled,0,2025-03,Bancassurance
4836,4551,Rapid Settlement,0,72.0,Flagged,Health,24347,Pending,0,2024-08,Aggregator
4837,19817,Repeat Claimant,1,87.6,Flagged,Fire,60073,Settled,0,2024-04,Aggregator
4838,5869,Rapid Settlement,0,54.0,Flagged,Natural Disaster,5159,Pending,0,2024-06,Agent
4839,3028,Policy-Claim Gap,1,86.9,Flagged,Accident,81375,Settled,0,2025-08,Aggregator
4840,4196,Policy-Claim Gap,1,90.1,Flagged,Accident,84823,Pending,0,2024-04,Online
4841,6568,Amount Rounding,0,67.1,Confirmed,Natural Disaster,82231,Settled,1,2024-10,Agent
4842,1435,Amount Rounding,1,40.5,Under Review,Natural Disaster,17970,Rejected,0,2024-12,Agent
4843,5333,Policy-Claim Gap,0,93.9,Cleared,Natural Disaster,91843,Settled,0,2024-06,Online
4844,6228,Policy-Claim Gap,0,22.3,Flagged,Fire,80252,Rejected,0,2026-05,Aggregator
4845,8087,Repeat Claimant,0,28.2,Under Review,Health,101460,Rejected,0,2024-09,Aggregator
4846,9138,Repeat Claimant,0,83.6,Confirmed,Accident,61279,Settled,0,2024-10,Agent
4847,3915,Rapid Settlement,1,42.6,Flagged,Accident,49921,Settled,0,2024-11,Bancassurance
4848,13189,Rapid Settlement,1,19.6,Confirmed,Accident,68574,Settled,0,2026-03,Partnership
4849,16258,Policy-Claim Gap,1,39.9,Flagged,Accident,32777,Settled,0,2025-09,Online
4850,2195,Policy-Claim Gap,0,11.9,Under Review,Health,90721,Settled,0,2025-02,Online
4851,11419,Amount Rounding,1,19.2,Under Review,Natural Disaster,32212,Settled,0,2025-02,Agent
4852,19599,High Claim Ratio,0,47.0,Under Review,Health,21954,Settled,0,2024-06,Agent
4853,4913,High Claim Ratio,0,47.4,Flagged,Accident,73539,Settled,0,2024-03,Online
4854,15256,Rapid Settlement,0,55.0,Flagged,Accident,37714,Settled,1,2025-03,Online
4855,1885,Policy-Claim Gap,1,46.2,Flagged,Accident,130573,Settled,0,2026-05,Online
4856,17074,Policy-Claim Gap,0,38.7,Under Review,Health,111376,Pending,0,2026-04,Agent
4857,2765,Repeat Claimant,1,11.9,Under Review,Accident,192329,Settled,0,2025-06,Aggregator
4858,1465,Rapid Settlement,1,88.0,Flagged,Health,28218,Settled,0,2025-03,Agent
4859,14456,Repeat Claimant,1,17.6,Flagged,Natural Disaster,16134,Settled,0,2025-12,Partnership
4860,4248,Repeat Claimant,1,32.0,Confirmed,Accident,79068,Settled,0,2025-12,Agent
4861,17292,Policy-Claim Gap,1,49.1,Confirmed,Fire,6371,Settled,0,2025-01,Agent
4862,1485,Repeat Claimant,1,32.3,Flagged,Fire,32349,Settled,0,2025-05,Online
4863,2329,Amount Rounding,1,93.2,Confirmed,Accident,41678,Settled,1,2025-12,Aggregator
4864,3797,Policy-Claim Gap,1,95.1,Under Review,Health,50065,Settled,0,2026-03,Aggregator
4865,7636,High Claim Ratio,0,82.0,Flagged,Natural Disaster,45776,Settled,0,2024-03,Agent
4866,4983,Rapid Settlement,1,59.7,Flagged,Natural Disaster,96357,Settled,0,2025-02,Aggregator
4867,3403,Repeat Claimant,1,44.3,Confirmed,Health,90930,Settled,1,2024-01,Online
4868,3938,Amount Rounding,0,70.6,Flagged,Theft,22731,Pending,0,2025-06,Online
4869,5823,Repeat Claimant,1,59.1,Cleared,Health,22220,Settled,0,2025-01,Agent
4870,15257,Policy-Claim Gap,0,14.7,Confirmed,Accident,66894,Pending,0,2026-04,Agent
4871,8280,Amount Rounding,1,27.1,Confirmed,Natural Disaster,73909,Pending,0,2024-10,Aggregator
4872,6310,High Claim Ratio,1,66.1,Flagged,Accident,240107,Pending,0,2024-03,Bancassurance
4873,17953,Amount Rounding,0,66.5,Cleared,Theft,8701,Settled,0,2025-11,Bancassurance
4874,3212,Policy-Claim Gap,1,64.1,Under Review,Natural Disaster,65524,Settled,0,2025-09,Aggregator
4875,9224,Amount Rounding,0,0.9,Flagged,Accident,67407,Settled,0,2024-03,Agent
4876,16375,Amount Rounding,1,12.3,Confirmed,Health,780126,Rejected,0,2026-05,Online
4877,18113,High Claim Ratio,0,31.1,Confirmed,Health,13696,Settled,0,2024-03,Agent
4878,18319,Amount Rounding,1,8.2,Under Review,Natural Disaster,49639,Settled,0,2025-03,Aggregator
4879,14209,Repeat Claimant,1,10.4,Confirmed,Fire,9750,Settled,0,2024-05,Aggregator
4880,12845,Policy-Claim Gap,0,23.7,Cleared,Natural Disaster,20350,Settled,0,2025-04,Partnership
4881,6734,Policy-Claim Gap,0,89.0,Cleared,Accident,69696,Settled,0,2026-04,Aggregator
4882,1581,High Claim Ratio,1,87.7,Under Review,Fire,210125,Settled,0,2025-03,Partnership
4883,15079,Amount Rounding,1,99.3,Flagged,Health,45615,Rejected,0,2024-12,Online
4884,7224,Policy-Claim Gap,1,98.0,Confirmed,Accident,6722,Settled,0,2025-03,Partnership
4885,12602,High Claim Ratio,1,62.0,Flagged,Accident,32617,Settled,0,2025-10,Online
4886,17103,Policy-Claim Gap,1,38.4,Cleared,Health,20275,Settled,0,2025-02,Partnership
4887,13745,Repeat Claimant,1,76.6,Confirmed,Health,12893,Settled,0,2024-05,Agent
4888,16733,High Claim Ratio,1,70.4,Confirmed,Health,108859,Settled,0,2026-02,Online
4889,1533,Amount Rounding,0,94.5,Confirmed,Accident,57371,Settled,0,2026-02,Online
4890,19587,High Claim Ratio,1,31.3,Confirmed,Accident,33179,Settled,0,2025-08,Bancassurance
4891,16378,Repeat Claimant,0,95.6,Flagged,Accident,61114,Pending,0,2026-06,Bancassurance
4892,15508,Amount Rounding,0,51.7,Flagged,Health,38939,Settled,0,2024-03,Aggregator
4893,7219,High Claim Ratio,1,3.0,Flagged,Fire,11085,Settled,0,2025-03,Aggregator
4894,11384,Repeat Claimant,0,61.4,Flagged,Fire,83488,Settled,0,2026-06,Agent
4895,15078,Policy-Claim Gap,1,42.8,Confirmed,Health,81933,Settled,0,2025-12,Agent
4896,9360,Amount Rounding,0,58.3,Under Review,Theft,87308,Settled,0,2024-11,Online
4897,16007,Amount Rounding,1,81.5,Flagged,Health,290767,Settled,0,2025-06,Bancassurance
4898,8187,Amount Rounding,1,28.8,Cleared,Accident,59235,Pending,0,2024-12,Agent
4899,3026,Rapid Settlement,1,96.1,Under Review,Natural Disaster,76384,Rejected,0,2024-12,Online
4900,286,Policy-Claim Gap,1,25.3,Flagged,Health,51492,Settled,0,2026-02,Aggregator
4901,2035,Rapid Settlement,1,67.6,Confirmed,Accident,134880,Pending,0,2025-10,Bancassurance
4902,18165,High Claim Ratio,1,27.3,Confirmed,Natural Disaster,15843,Settled,0,2025-10,Agent
4903,1290,Rapid Settlement,0,8.8,Under Review,Health,107505,Pending,0,2026-02,Bancassurance
4904,4419,Rapid Settlement,1,4.1,Under Review,Theft,159681,Settled,0,2024-06,Aggregator
4905,9664,High Claim Ratio,1,12.7,Under Review,Theft,48533,Settled,1,2024-05,Agent
4906,9915,High Claim Ratio,1,72.2,Under Review,Accident,58186,Settled,0,2026-05,Partnership
4907,427,Amount Rounding,0,84.4,Flagged,Accident,49748,Pending,0,2024-09,Online
4908,8138,Policy-Claim Gap,1,50.0,Confirmed,Fire,45205,Pending,0,2026-02,Agent
4909,9999,High Claim Ratio,0,83.9,Confirmed,Accident,356350,Settled,0,2025-06,Aggregator
4910,15970,Rapid Settlement,0,18.0,Confirmed,Natural Disaster,13934,Pending,0,2025-02,Aggregator
4911,5824,Amount Rounding,1,27.9,Confirmed,Health,118251,Settled,0,2026-03,Agent
4912,11466,Policy-Claim Gap,1,36.8,Flagged,Health,12781,Settled,0,2026-03,Online
4913,15235,High Claim Ratio,1,84.8,Cleared,Health,298833,Pending,0,2025-09,Online
4914,7951,Repeat Claimant,1,89.4,Flagged,Accident,34968,Settled,0,2025-02,Agent
4915,6728,High Claim Ratio,0,29.5,Under Review,Health,69497,Settled,0,2024-06,Aggregator
4916,1344,Policy-Claim Gap,1,99.9,Under Review,Theft,23801,Settled,0,2025-07,Agent
4917,17459,Rapid Settlement,0,13.4,Flagged,Accident,36965,Pending,0,2024-02,Aggregator
4918,12766,Repeat Claimant,0,83.8,Under Review,Health,200687,Settled,0,2025-11,Online
4919,12738,Amount Rounding,0,44.4,Under Review,Health,134476,Settled,0,2024-09,Bancassurance
4920,16527,Amount Rounding,1,98.4,Confirmed,Natural Disaster,30835,Settled,0,2025-11,Aggregator
4921,17131,Policy-Claim Gap,1,96.7,Confirmed,Fire,111716,Rejected,0,2025-07,Agent
4922,1042,Amount Rounding,0,37.6,Under Review,Accident,299373,Settled,1,2025-08,Agent
4923,9805,High Claim Ratio,1,43.7,Confirmed,Accident,31582,Settled,0,2025-05,Bancassurance
4924,6810,Amount Rounding,1,70.5,Cleared,Natural Disaster,19916,Settled,0,2026-03,Agent
4925,16432,Amount Rounding,1,78.8,Flagged,Theft,20513,Settled,0,2024-04,Online
4926,14446,Amount Rounding,1,65.0,Confirmed,Accident,15133,Settled,0,2025-07,Bancassurance
4927,10115,Amount Rounding,1,16.8,Confirmed,Health,27362,Settled,0,2026-06,Agent
4928,6725,Amount Rounding,0,66.4,Flagged,Health,18919,Settled,0,2024-03,Bancassurance
4929,17685,Policy-Claim Gap,1,37.0,Flagged,Health,27492,Settled,0,2025-02,Online
4930,9858,Repeat Claimant,1,18.0,Under Review,Theft,125678,Settled,0,2025-10,Agent
4931,17680,Repeat Claimant,0,14.4,Flagged,Health,102089,Settled,0,2025-07,Partnership
4932,15204,Rapid Settlement,1,26.5,Flagged,Health,20656,Pending,0,2026-02,Partnership
4933,3413,Rapid Settlement,0,12.2,Under Review,Health,27685,Settled,1,2025-01,Online
4934,1449,High Claim Ratio,1,22.4,Flagged,Health,28392,Settled,0,2025-05,Bancassurance
4935,13596,Rapid Settlement,0,25.5,Under Review,Accident,17339,Settled,0,2024-03,Agent
4936,2157,Repeat Claimant,1,41.4,Confirmed,Health,5830,Settled,0,2026-01,Agent
4937,15615,Rapid Settlement,0,28.2,Under Review,Accident,62188,Pending,0,2025-07,Aggregator
4938,19321,Policy-Claim Gap,0,67.8,Cleared,Theft,324503,Settled,0,2024-06,Online
4939,12112,Policy-Claim Gap,0,94.3,Under Review,Theft,17803,Settled,1,2025-06,Agent
4940,9156,Rapid Settlement,1,97.6,Flagged,Accident,247387,Settled,0,2026-01,Bancassurance
4941,18894,Repeat Claimant,0,18.2,Flagged,Theft,260129,Pending,0,2024-12,Bancassurance
4942,16021,Repeat Claimant,1,38.9,Under Review,Health,36530,Settled,0,2025-11,Online
4943,2177,Rapid Settlement,0,5.8,Confirmed,Theft,89025,Settled,0,2024-06,Agent
4944,8823,Amount Rounding,1,89.0,Flagged,Theft,181850,Settled,0,2026-01,Aggregator
4945,15717,Repeat Claimant,1,69.3,Under Review,Health,55242,Pending,0,2025-12,Online
4946,5593,Repeat Claimant,1,4.1,Under Review,Accident,33908,Settled,1,2026-01,Online
4947,13235,Repeat Claimant,1,25.3,Flagged,Accident,166517,Settled,0,2026-02,Agent
4948,12240,Amount Rounding,1,4.2,Under Review,Natural Disaster,5129,Settled,0,2025-09,Agent
4949,1083,Rapid Settlement,1,100.0,Flagged,Natural Disaster,34346,Settled,0,2025-07,Agent
4950,19032,Rapid Settlement,0,94.5,Flagged,Health,183396,Settled,0,2024-03,Aggregator
4951,7454,High Claim Ratio,0,63.7,Confirmed,Natural Disaster,29340,Settled,0,2024-06,Bancassurance
4952,16401,High Claim Ratio,1,93.3,Cleared,Accident,98714,Pending,0,2025-10,Agent
4953,8059,Amount Rounding,1,59.4,Flagged,Theft,196428,Settled,0,2025-03,Bancassurance
4954,5830,High Claim Ratio,1,21.7,Flagged,Health,7014,Settled,0,2024-05,Online
4955,6114,Policy-Claim Gap,1,90.0,Confirmed,Natural Disaster,13256,Settled,0,2026-04,Aggregator
4956,14343,High Claim Ratio,1,9.8,Flagged,Fire,42881,Settled,0,2025-08,Aggregator
4957,13820,High Claim Ratio,0,7.7,Flagged,Accident,187618,Settled,0,2024-07,Online
4958,9517,Amount Rounding,1,10.3,Cleared,Natural Disaster,49852,Settled,0,2024-08,Agent
4959,8782,Repeat Claimant,0,79.5,Under Review,Fire,54222,Pending,0,2025-01,Aggregator
4960,12574,Policy-Claim Gap,1,81.0,Flagged,Natural Disaster,116910,Settled,0,2026-05,Online
4961,12910,Rapid Settlement,0,93.3,Under Review,Health,59771,Settled,0,2024-07,Aggregator
4962,3889,Repeat Claimant,1,89.8,Confirmed,Accident,20715,Settled,0,2024-05,Online
4963,17763,Rapid Settlement,0,6.5,Confirmed,Accident,33748,Settled,0,2025-07,Online
4964,15705,Amount Rounding,1,61.4,Confirmed,Theft,69169,Settled,0,2024-01,Agent
4965,11426,High Claim Ratio,1,63.8,Under Review,Fire,242627,Settled,0,2024-09,Online
4966,7664,High Claim Ratio,1,64.0,Under Review,Fire,10763,Settled,0,2024-02,Agent
4967,16913,High Claim Ratio,1,88.3,Cleared,Theft,103137,Pending,0,2025-05,Aggregator
4968,17662,Amount Rounding,1,26.4,Cleared,Theft,68314,Settled,0,2025-07,Agent
4969,18753,Policy-Claim Gap,0,18.0,Under Review,Accident,32125,Settled,0,2026-03,Online
4970,18935,High Claim Ratio,1,17.9,Under Review,Theft,41557,Settled,0,2024-07,Online
4971,9979,Amount Rounding,0,28.2,Flagged,Accident,90128,Settled,0,2026-01,Aggregator
4972,19299,Policy-Claim Gap,1,93.5,Flagged,Theft,54136,Pending,0,2024-04,Agent
4973,17216,Amount Rounding,1,52.4,Under Review,Theft,210592,Pending,0,2024-11,Agent
4974,7309,Policy-Claim Gap,0,26.9,Flagged,Accident,23383,Settled,0,2024-08,Aggregator
4975,3158,Policy-Claim Gap,1,97.8,Under Review,Accident,24251,Settled,0,2025-11,Online
4976,14215,Policy-Claim Gap,1,71.8,Flagged,Health,13033,Settled,0,2026-06,Online
4977,10175,High Claim Ratio,0,66.3,Flagged,Accident,18379,Settled,0,2025-05,Agent
4978,10421,Rapid Settlement,1,48.5,Flagged,Accident,100928,Settled,0,2024-09,Online
4979,4670,Repeat Claimant,1,50.0,Flagged,Fire,384277,Settled,0,2026-02,Online
4980,13755,High Claim Ratio,1,92.7,Cleared,Accident,122223,Settled,0,2024-09,Partnership
4981,10712,Rapid Settlement,1,78.0,Flagged,Fire,8195,Settled,0,2026-01,Agent
4982,924,High Claim Ratio,1,51.1,Confirmed,Theft,70273,Settled,0,2026-04,Aggregator
4983,2611,Amount Rounding,0,91.5,Flagged,Accident,44320,Settled,0,2026-03,Bancassurance
4984,2753,Rapid Settlement,0,47.0,Flagged,Health,57709,Pending,0,2025-11,Online
4985,8378,Repeat Claimant,1,70.4,Flagged,Health,293503,Pending,0,2025-11,Agent
4986,3659,Repeat Claimant,1,22.6,Under Review,Natural Disaster,76643,Settled,0,2026-05,Agent
4987,14788,Rapid Settlement,1,96.6,Under Review,Health,53210,Settled,1,2024-12,Bancassurance
4988,15501,Repeat Claimant,1,25.3,Flagged,Natural Disaster,32570,Settled,0,2026-05,Agent
4989,3562,Amount Rounding,0,99.3,Confirmed,Accident,223508,Pending,0,2024-01,Aggregator
4990,9442,Policy-Claim Gap,0,66.6,Under Review,Accident,80023,Settled,0,2024-05,Bancassurance
4991,10618,Amount Rounding,0,1.5,Cleared,Theft,97684,Settled,0,2026-03,Partnership
4992,9361,Amount Rounding,0,53.5,Confirmed,Natural Disaster,5607,Rejected,0,2025-10,Agent
4993,12541,Policy-Claim Gap,0,34.3,Flagged,Theft,16851,Settled,0,2024-12,Agent
4994,19622,Amount Rounding,1,37.1,Flagged,Natural Disaster,84735,Settled,0,2025-02,Bancassurance
4995,18115,Repeat Claimant,1,33.9,Under Review,Fire,97713,Settled,0,2025-01,Bancassurance
4996,14943,Rapid Settlement,1,24.4,Confirmed,Fire,40568,Settled,0,2024-10,Aggregator
4997,5191,Policy-Claim Gap,0,40.9,Confirmed,Accident,102579,Settled,0,2024-10,Aggregator
4998,2395,Repeat Claimant,1,52.4,Confirmed,Accident,15586,Settled,0,2025-06,Bancassurance
4999,13259,Rapid Settlement,1,21.3,Flagged,Accident,38893,Rejected,0,2024-03,Agent
5000,3670,Amount Rounding,1,88.5,Flagged,Theft,25038,Settled,1,2025-07,Bancassurance
